brightness_temperature,frp,confidence,is_night,hour_sin,hour_cos,historical_fire_count,persistence_score,distance_to_industrial_site,distance_to_residential_area,fire_cluster_density,ind_type_refinery,ind_type_steel_plant,ind_type_power_plant,ind_type_petrochemical,ind_type_chemical_facility,ind_type_none,land_cover_industrial,land_cover_urban_industrial,land_cover_urban,land_cover_cropland,land_cover_forest,land_cover_barren,land_cover_other
347.74,9.83,1.0,0.0,0.7688418,-0.639439,1,0.0,1113.2131,1114.3572,0.2,0.0,0.0,0.0,0.0,0.0,1.0,0.0,0.0,0.0,0.0,0.0,0.0,1.0
331.35,11.85,1.0,0.0,0.7688418,-0.639439,2,0.0,1094.7635,1095.896,0.4,0.0,0.0,0.0,0.0,0.0,1.0,0.0,0.0,0.0,0.0,0.0,0.0,1.0
329.71,8.61,1.0,0.0,0.7688418,-0.639439,2,0.0,1094.653,1095.7854,0.4,0.0,0.0,0.0,0.0,0.0,1.0,0.0,0.0,0.0,0.0,0.0,0.0,1.0
331.35,1.76,1.0,0.0,0.7688418,-0.639439,1,0.0,1137.4999,1138.0481,0.2,0.0,0.0,0.0,0.0,0.0,1.0,0.0,0.0,0.0,0.0,0.0,0.0,1.0
336.76,10.74,1.0,0.0,0.7688418,-0.639439,2,0.0,1137.3792,1137.9181,0.4,0.0,0.0,0.0,0.0,0.0,1.0,0.0,0.0,0.0,0.0,0.0,0.0,1.0
367.0,10.74,2.0,0.0,0.7688418,-0.639439,2,0.0,1137.179,1137.7184,0.4,0.0,0.0,0.0,0.0,0.0,1.0,0.0,0.0,0.0,0.0,0.0,0.0,1.0
367.0,4.49,2.0,0.0,0.7688418,-0.639439,5,0.2,1122.531,1123.0848,1.0,0.0,0.0,0.0,0.0,0.0,1.0,0.0,0.0,0.0,0.0,0.0,0.0,1.0
332.21,4.49,1.0,0.0,0.7688418,-0.639439,5,0.2,1122.3295,1122.8837,1.0,0.0,0.0,0.0,0.0,0.0,1.0,0.0,0.0,0.0,0.0,0.0,0.0,1.0
332.18,4.29,1.0,0.0,0.7688418,-0.639439,5,0.2,1122.45,1123.0032,1.0,0.0,0.0,0.0,0.0,0.0,1.0,0.0,0.0,0.0,0.0,0.0,0.0,1.0
367.0,7.43,2.0,0.0,0.7688418,-0.639439,5,0.2,1122.2468,1122.8007,1.0,0.0,0.0,0.0,0.0,0.0,1.0,0.0,0.0,0.0,0.0,0.0,0.0,1.0
331.03,1.45,1.0,0.0,0.7688418,-0.639439,1,0.0,1103.7974,1104.358,0.2,0.0,0.0,0.0,0.0,0.0,1.0,0.0,0.0,0.0,0.0,0.0,0.0,1.0
343.46,9.71,1.0,0.0,0.75756496,-0.65275973,22,0.8,67.70782,69.25934,4.4,0.0,0.0,0.0,0.0,0.0,1.0,0.0,0.0,0.0,0.0,0.0,0.0,1.0
343.56,9.08,1.0,0.0,0.75756496,-0.65275973,16,0.8,67.66484,69.184746,3.2,0.0,0.0,0.0,0.0,0.0,1.0,0.0,0.0,0.0,0.0,0.0,0.0,1.0
335.56,2.67,1.0,0.0,0.75756496,-0.65275973,1,0.0,313.0073,310.99454,0.2,0.0,0.0,0.0,0.0,0.0,1.0,0.0,0.0,0.0,0.0,0.0,0.0,1.0
338.06,3.86,1.0,0.0,0.7518398,-0.6593458,5,0.6,104.70306,106.61266,1.0,0.0,0.0,0.0,0.0,0.0,1.0,0.0,0.0,0.0,0.0,0.0,0.0,1.0
340.89,3.18,1.0,0.0,0.7518398,-0.6593458,2,0.0,357.9572,355.86795,0.4,0.0,0.0,0.0,0.0,0.0,1.0,0.0,0.0,0.0,0.0,0.0,0.0,1.0
336.94,3.31,1.0,0.0,0.7518398,-0.6593458,2,0.0,358.02856,355.93933,0.4,0.0,0.0,0.0,0.0,0.0,1.0,0.0,0.0,0.0,0.0,0.0,0.0,1.0
330.69,1.12,0.0,0.0,0.7518398,-0.6593458,2,0.0,213.10834,210.32593,0.4,0.0,0.0,0.0,0.0,0.0,1.0,0.0,0.0,0.0,0.0,0.0,0.0,1.0
341.76,4.45,1.0,0.0,0.7518398,-0.6593458,2,0.0,213.42892,210.64674,0.4,0.0,0.0,0.0,0.0,0.0,1.0,0.0,0.0,0.0,0.0,0.0,0.0,1.0
331.13,4.06,0.0,0.0,0.7518398,-0.6593458,3,0.0,280.13507,278.6381,0.6,0.0,0.0,0.0,0.0,0.0,1.0,0.0,0.0,0.0,0.0,0.0,0.0,1.0
348.44,34.08,1.0,0.0,0.7518398,-0.6593458,3,0.0,280.23557,278.73932,0.6,0.0,0.0,0.0,0.0,0.0,1.0,0.0,0.0,0.0,0.0,0.0,0.0,1.0
336.74,28.07,1.0,0.0,0.7518398,-0.6593458,3,0.0,280.6134,279.1165,0.6,0.0,0.0,0.0,0.0,0.0,1.0,0.0,0.0,0.0,0.0,0.0,0.0,1.0
337.11,5.45,0.0,0.0,0.7518398,-0.6593458,2,0.2,212.28874,210.75279,0.4,0.0,0.0,0.0,0.0,0.0,1.0,0.0,0.0,0.0,0.0,0.0,0.0,1.0
339.35,5.81,0.0,0.0,0.7518398,-0.6593458,1,0.0,219.90147,218.23575,0.2,0.0,0.0,0.0,0.0,0.0,1.0,0.0,0.0,0.0,0.0,0.0,0.0,1.0
340.48,7.8,1.0,0.0,0.7518398,-0.6593458,1,0.0,280.70926,279.24255,0.2,0.0,0.0,0.0,0.0,0.0,1.0,0.0,0.0,0.0,0.0,0.0,0.0,1.0
331.29,1.93,1.0,0.0,0.7518398,-0.6593458,2,0.0,457.2736,455.06192,0.4,0.0,0.0,0.0,0.0,0.0,1.0,0.0,0.0,0.0,0.0,0.0,0.0,1.0
337.32,4.26,0.0,0.0,0.7518398,-0.6593458,7,0.8,357.40262,356.19553,1.4,0.0,0.0,0.0,0.0,0.0,1.0,0.0,0.0,0.0,0.0,0.0,0.0,1.0
354.14,4.89,1.0,0.0,0.7518398,-0.6593458,2,0.0,484.28302,482.08984,0.4,0.0,0.0,0.0,0.0,0.0,1.0,0.0,0.0,0.0,0.0,0.0,0.0,1.0
345.11,10.89,0.0,0.0,0.7518398,-0.6593458,1,0.0,514.15204,511.4532,0.2,0.0,0.0,0.0,0.0,0.0,1.0,0.0,0.0,0.0,0.0,0.0,0.0,1.0
341.28,6.61,1.0,0.0,0.7518398,-0.6593458,1,0.0,786.6613,784.24243,0.2,0.0,0.0,0.0,0.0,0.0,1.0,0.0,0.0,0.0,0.0,0.0,0.0,1.0
346.53,12.66,1.0,0.0,0.7431448,-0.6691306,3,0.0,973.1895,972.5063,0.6,0.0,0.0,0.0,0.0,0.0,1.0,0.0,0.0,0.0,0.0,0.0,0.0,1.0
330.24,8.09,1.0,0.0,0.7431448,-0.6691306,3,0.0,973.3513,972.6681,0.6,0.0,0.0,0.0,0.0,0.0,1.0,0.0,0.0,0.0,0.0,0.0,0.0,1.0
336.25,8.51,1.0,0.0,0.7431448,-0.6691306,3,0.0,973.06067,972.376,0.6,0.0,0.0,0.0,0.0,0.0,1.0,0.0,0.0,0.0,0.0,0.0,0.0,1.0
338.76,4.06,1.0,0.0,0.7431448,-0.6691306,2,0.2,1036.4326,1033.7441,0.4,0.0,0.0,0.0,0.0,0.0,1.0,0.0,0.0,0.0,0.0,0.0,0.0,1.0
367.0,7.88,2.0,0.0,0.7431448,-0.6691306,6,0.4,1034.756,1032.0941,1.2,0.0,0.0,0.0,0.0,0.0,1.0,0.0,0.0,0.0,0.0,0.0,0.0,1.0
343.62,6.46,1.0,0.0,0.7431448,-0.6691306,6,0.4,1034.9048,1032.2429,1.2,0.0,0.0,0.0,0.0,0.0,1.0,0.0,0.0,0.0,0.0,0.0,0.0,1.0
347.92,5.83,1.0,0.0,0.7431448,-0.6691306,1,0.0,1062.024,1059.3329,0.2,0.0,0.0,0.0,0.0,0.0,1.0,0.0,0.0,0.0,0.0,0.0,0.0,1.0
331.06,3.69,1.0,0.0,0.7431448,-0.6691306,2,0.2,1062.235,1059.5477,0.4,0.0,0.0,0.0,0.0,0.0,1.0,0.0,0.0,0.0,0.0,0.0,0.0,1.0
331.92,2.12,0.0,0.0,0.7431448,-0.6691306,1,0.0,1033.3187,1031.0514,0.2,0.0,0.0,0.0,0.0,0.0,1.0,0.0,0.0,0.0,0.0,0.0,0.0,1.0
338.25,3.75,1.0,0.0,0.7431448,-0.6691306,1,0.0,1117.4249,1114.7955,0.2,0.0,0.0,0.0,0.0,0.0,1.0,0.0,0.0,0.0,0.0,0.0,0.0,1.0
336.34,2.34,1.0,0.0,0.7431448,-0.6691306,6,0.8,1208.6682,1206.3761,1.2,0.0,0.0,0.0,0.0,0.0,1.0,0.0,0.0,0.0,0.0,0.0,0.0,1.0
