latitude,longitude,bright_ti4,scan,track,acq_date,acq_time,satellite,instrument,confidence,version,bright_ti5,frp,daynight
21.07655,85.03587,326.13,0.63,0.72,2026-09-19,637,N21,VIIRS,n,2.0NRT,285.46,10.47,D
21.07743,85.03911,327.21,0.63,0.72,2026-09-19,637,N21,VIIRS,n,2.0NRT,285.42,6.18,D
23.69418,87.12247,326.88,0.41,0.6,2026-09-19,640,N21,VIIRS,n,2.0NRT,290.92,4.46,D
26.18846,91.80778,329.45,0.57,0.43,2026-09-19,640,N21,VIIRS,n,2.0NRT,297.67,6.44,D
27.37792,95.3362,330.34,0.4,0.37,2026-09-19,640,N21,VIIRS,n,2.0NRT,296.71,4.65,D
27.58026,95.97616,329.47,0.39,0.36,2026-09-19,640,N21,VIIRS,n,2.0NRT,297.42,1.86,D
27.66242,95.8073,328.74,0.39,0.36,2026-09-19,640,N21,VIIRS,n,2.0NRT,299.25,1.8,D
27.72366,96.26331,333.46,0.39,0.36,2026-09-19,640,N21,VIIRS,n,2.0NRT,299.05,7.47,D
27.74374,96.27938,329.95,0.39,0.36,2026-09-19,640,N21,VIIRS,n,2.0NRT,298.96,2.41,D
27.82453,95.51976,348.11,0.39,0.36,2026-09-19,640,N21,VIIRS,n,2.0NRT,300.43,6.01,D
6.13107,81.04958,339.15,0.55,0.43,2026-09-19,816,N21,VIIRS,n,2.0NRT,295.96,6.65,D
6.13568,81.05395,342.83,0.55,0.43,2026-09-19,816,N21,VIIRS,n,2.0NRT,296.98,22.24,D
6.44232,80.87061,350.75,0.54,0.42,2026-09-19,816,N21,VIIRS,n,2.0NRT,299.22,13.75,D
6.44302,80.87547,348.92,0.54,0.42,2026-09-19,816,N21,VIIRS,n,2.0NRT,298.47,22.01,D
6.53186,80.96769,334.33,0.55,0.43,2026-09-19,816,N21,VIIRS,n,2.0NRT,296.99,4.03,D
6.53292,80.96991,335.86,0.55,0.43,2026-09-19,816,N21,VIIRS,n,2.0NRT,296.79,6.3,D
7.0855,81.05125,335.47,0.57,0.43,2026-09-19,816,N21,VIIRS,n,2.0NRT,300.99,6.27,D
7.11301,81.66531,334.37,0.41,0.45,2026-09-19,816,N21,VIIRS,n,2.0NRT,288.29,4.36,D
7.13918,81.06,335.76,0.57,0.43,2026-09-19,816,N21,VIIRS,n,2.0NRT,302.15,8.36,D
7.17731,81.59158,340.98,0.41,0.45,2026-09-19,816,N21,VIIRS,n,2.0NRT,294.11,6.76,D
7.19113,81.57091,331.71,0.41,0.45,2026-09-19,816,N21,VIIRS,n,2.0NRT,296.49,7.53,D
7.19166,81.57463,335.58,0.41,0.45,2026-09-19,816,N21,VIIRS,n,2.0NRT,296.24,7.04,D
7.19993,81.0388,339.52,0.57,0.43,2026-09-19,816,N21,VIIRS,n,2.0NRT,301.21,2.8,D
7.29947,81.22453,340.06,0.39,0.44,2026-09-19,816,N21,VIIRS,n,2.0NRT,294.48,3.99,D
7.45786,80.961,336.63,0.57,0.43,2026-09-19,816,N21,VIIRS,n,2.0NRT,298.97,10.47,D
7.59195,80.89033,331.71,0.56,0.43,2026-09-19,816,N21,VIIRS,n,2.0NRT,301.33,7.77,D
7.59248,80.89197,333.64,0.56,0.43,2026-09-19,816,N21,VIIRS,n,2.0NRT,301.76,12.39,D
7.59588,80.88973,335.99,0.56,0.43,2026-09-19,816,N21,VIIRS,n,2.0NRT,304.19,8.11,D
7.60142,80.95341,338.31,0.57,0.43,2026-09-19,816,N21,VIIRS,n,2.0NRT,301.68,3.62,D
7.6187,81.02534,367.0,0.38,0.43,2026-09-19,816,N21,VIIRS,h,2.0NRT,299.39,15.25,D
7.62267,81.02475,335.22,0.38,0.43,2026-09-19,816,N21,VIIRS,n,2.0NRT,295.77,1.03,D
7.6241,81.03508,341.88,0.38,0.43,2026-09-19,816,N21,VIIRS,n,2.0NRT,296.77,5.5,D
7.71156,80.00362,333.61,0.5,0.41,2026-09-19,816,N21,VIIRS,n,2.0NRT,288.01,5.95,D
7.97783,81.01138,330.32,0.39,0.44,2026-09-19,816,N21,VIIRS,n,2.0NRT,293.22,3.2,D
8.05586,80.08471,332.63,0.51,0.41,2026-09-19,816,N21,VIIRS,n,2.0NRT,288.96,5.2,D
8.05652,80.08934,330.86,0.51,0.41,2026-09-19,816,N21,VIIRS,n,2.0NRT,290.12,5.2,D
8.21635,77.71369,338.33,0.41,0.37,2026-09-19,816,N21,VIIRS,n,2.0NRT,300.06,6.2,D
8.582,78.07313,336.65,0.42,0.38,2026-09-19,816,N21,VIIRS,n,2.0NRT,293.58,3.5,D
10.20214,78.45383,334.59,0.45,0.39,2026-09-19,816,N21,VIIRS,n,2.0NRT,299.49,2.95,D
12.08997,76.92316,336.06,0.41,0.37,2026-09-19,816,N21,VIIRS,n,2.0NRT,299.73,4.54,D
12.09817,76.74437,337.49,0.4,0.37,2026-09-19,816,N21,VIIRS,n,2.0NRT,302.48,4.94,D
12.41293,80.09139,330.22,0.39,0.44,2026-09-19,816,N21,VIIRS,n,2.0NRT,296.5,2.55,D
12.56155,76.31815,337.61,0.4,0.37,2026-09-19,816,N21,VIIRS,n,2.0NRT,293.05,4.41,D
12.58635,77.62064,342.69,0.44,0.38,2026-09-19,816,N21,VIIRS,n,2.0NRT,300.18,6.64,D
12.98384,74.85191,331.87,0.38,0.36,2026-09-19,818,N21,VIIRS,n,2.0NRT,293.16,2.94,D
13.83863,76.50851,331.2,0.41,0.37,2026-09-19,818,N21,VIIRS,n,2.0NRT,291.05,2.2,D
14.09475,76.44263,339.13,0.41,0.37,2026-09-19,818,N21,VIIRS,n,2.0NRT,301.34,3.85,D
14.09868,76.44587,336.96,0.41,0.37,2026-09-19,818,N21,VIIRS,n,2.0NRT,299.47,3.85,D
14.10207,76.44537,346.88,0.41,0.37,2026-09-19,818,N21,VIIRS,n,2.0NRT,301.07,5.86,D
14.67791,76.59801,337.74,0.42,0.37,2026-09-19,818,N21,VIIRS,n,2.0NRT,301.56,5.61,D
14.80048,75.37585,338.83,0.39,0.36,2026-09-19,818,N21,VIIRS,n,2.0NRT,305.21,4.96,D
15.17121,76.66673,340.19,0.42,0.38,2026-09-19,818,N21,VIIRS,n,2.0NRT,302.52,9.9,D
15.17643,76.65402,335.98,0.42,0.38,2026-09-19,818,N21,VIIRS,n,2.0NRT,304.54,6.01,D
15.17699,76.65792,341.35,0.42,0.38,2026-09-19,818,N21,VIIRS,n,2.0NRT,304.51,6.01,D
15.17976,76.6774,335.78,0.42,0.38,2026-09-19,818,N21,VIIRS,n,2.0NRT,299.9,10.15,D
15.25879,76.39766,335.82,0.41,0.37,2026-09-19,818,N21,VIIRS,n,2.0NRT,302.26,1.85,D
15.27525,75.2079,336.06,0.39,0.36,2026-09-19,818,N21,VIIRS,n,2.0NRT,303.23,1.99,D
15.27578,75.21149,333.63,0.39,0.36,2026-09-19,818,N21,VIIRS,n,2.0NRT,303.32,2.69,D
15.31345,75.16883,338.83,0.39,0.36,2026-09-19,818,N21,VIIRS,n,2.0NRT,306.59,5.06,D
15.3847,79.32595,335.61,0.57,0.43,2026-09-19,818,N21,VIIRS,n,2.0NRT,298.92,8.68,D
15.38742,79.32403,338.3,0.57,0.43,2026-09-19,818,N21,VIIRS,n,2.0NRT,298.1,7.56,D
15.84648,75.81104,335.53,0.4,0.37,2026-09-19,818,N21,VIIRS,n,2.0NRT,304.17,3.36,D
16.7171,75.16865,332.84,0.39,0.36,2026-09-19,818,N21,VIIRS,l,2.0NRT,305.37,4.8,D
16.83223,80.57034,332.56,0.48,0.48,2026-09-19,818,N21,VIIRS,n,2.0NRT,291.82,3.62,D
16.8325,80.56842,332.3,0.48,0.48,2026-09-19,818,N21,VIIRS,n,2.0NRT,292.56,4.76,D
16.88165,80.42381,331.88,0.47,0.47,2026-09-19,818,N21,VIIRS,n,2.0NRT,295.29,2.67,D
17.95071,74.8241,338.36,0.39,0.36,2026-09-19,818,N21,VIIRS,n,2.0NRT,305.58,5.63,D
18.02314,74.80898,338.03,0.39,0.36,2026-09-19,818,N21,VIIRS,n,2.0NRT,305.64,3.47,D
18.27265,75.21288,332.97,0.4,0.37,2026-09-19,818,N21,VIIRS,n,2.0NRT,302.47,3.79,D
18.69383,74.21629,336.09,0.39,0.36,2026-09-19,818,N21,VIIRS,n,2.0NRT,299.36,2.21,D
18.82023,74.68297,331.88,0.39,0.36,2026-09-19,818,N21,VIIRS,l,2.0NRT,304.51,1.96,D
18.82409,74.68611,330.29,0.39,0.36,2026-09-19,818,N21,VIIRS,l,2.0NRT,303.45,1.43,D
19.36906,71.35296,332.95,0.42,0.37,2026-09-19,820,N21,VIIRS,n,2.0NRT,295.74,1.71,D
19.38491,73.21151,332.04,0.38,0.36,2026-09-19,820,N21,VIIRS,l,2.0NRT,304.63,5.8,D
19.99542,73.7141,330.24,0.39,0.36,2026-09-19,820,N21,VIIRS,l,2.0NRT,304.26,3.5,D
20.97671,85.16985,328.49,0.54,0.68,2026-09-19,820,N21,VIIRS,n,2.0NRT,288.36,7.56,D
21.10114,72.63794,333.54,0.39,0.36,2026-09-19,820,N21,VIIRS,n,2.0NRT,299.47,2.63,D
21.10443,72.63737,333.88,0.39,0.36,2026-09-19,820,N21,VIIRS,n,2.0NRT,300.09,2.63,D
21.10557,72.64471,338.65,0.38,0.36,2026-09-19,820,N21,VIIRS,n,2.0NRT,303.22,14.49,D
21.37732,81.68098,330.33,0.32,0.55,2026-09-19,820,N21,VIIRS,n,2.0NRT,293.69,2.67,D
21.67853,84.03851,331.73,0.46,0.64,2026-09-19,820,N21,VIIRS,n,2.0NRT,291.55,5.72,D
21.7934,72.64744,330.13,0.38,0.36,2026-09-19,820,N21,VIIRS,n,2.0NRT,296.83,1.7,D
22.35848,82.30008,336.83,0.36,0.58,2026-09-19,820,N21,VIIRS,n,2.0NRT,291.67,5.53,D
22.35882,82.30357,335.58,0.36,0.58,2026-09-19,820,N21,VIIRS,n,2.0NRT,292.57,5.53,D
24.69052,73.0022,330.66,0.39,0.36,2026-09-19,820,N21,VIIRS,l,2.0NRT,303.68,3.64,D
24.85863,71.67764,337.08,0.39,0.36,2026-09-19,820,N21,VIIRS,n,2.0NRT,306.1,3.43,D
25.14652,71.73624,337.12,0.38,0.36,2026-09-19,820,N21,VIIRS,n,2.0NRT,305.45,2.71,D
25.2724,73.26517,337.27,0.39,0.37,2026-09-19,820,N21,VIIRS,n,2.0NRT,303.85,2.86,D
26.17117,72.50592,337.06,0.39,0.36,2026-09-19,820,N21,VIIRS,n,2.0NRT,304.92,4.77,D
27.38681,74.67593,333.33,0.45,0.39,2026-09-19,822,N21,VIIRS,l,2.0NRT,303.91,2.92,D
29.71344,72.64905,335.83,0.4,0.37,2026-09-19,822,N21,VIIRS,n,2.0NRT,299.75,3.58,D
30.22235,72.1104,334.44,0.4,0.37,2026-09-19,822,N21,VIIRS,n,2.0NRT,303.61,4.1,D
30.98474,74.19682,334.8,0.47,0.4,2026-09-19,822,N21,VIIRS,n,2.0NRT,300.95,3.99,D
30.98835,74.19621,333.36,0.47,0.4,2026-09-19,822,N21,VIIRS,n,2.0NRT,304.68,17.16,D
31.06561,74.55346,330.13,0.49,0.4,2026-09-19,822,N21,VIIRS,n,2.0NRT,298.85,4.48,D
31.06623,74.55853,332.47,0.49,0.4,2026-09-19,822,N21,VIIRS,n,2.0NRT,299.63,4.48,D
31.0699,74.55792,334.17,0.49,0.4,2026-09-19,822,N21,VIIRS,n,2.0NRT,301.71,13.93,D
31.12388,74.60873,344.89,0.49,0.4,2026-09-19,822,N21,VIIRS,n,2.0NRT,302.31,11.63,D
31.22075,76.0645,337.27,0.39,0.44,2026-09-19,822,N21,VIIRS,n,2.0NRT,301.89,3.12,D
31.65825,75.03086,338.46,0.52,0.41,2026-09-19,822,N21,VIIRS,n,2.0NRT,302.13,5.13,D
31.70612,75.04911,337.95,0.52,0.42,2026-09-19,822,N21,VIIRS,n,2.0NRT,305.45,9.59,D
31.73977,74.93839,333.58,0.52,0.41,2026-09-19,822,N21,VIIRS,n,2.0NRT,303.01,4.96,D
31.83637,70.88523,331.29,0.39,0.36,2026-09-19,822,N21,VIIRS,l,2.0NRT,304.66,0.85,D
32.18838,74.10983,339.86,0.48,0.4,2026-09-19,822,N21,VIIRS,n,2.0NRT,304.95,6.36,D
33.23208,72.56973,335.79,0.43,0.38,2026-09-19,822,N21,VIIRS,n,2.0NRT,302.31,4.18,D
33.40813,71.94044,336.25,0.41,0.37,2026-09-19,822,N21,VIIRS,n,2.0NRT,304.39,0.79,D
30.06731,96.97979,308.51,0.45,0.39,2026-09-19,1904,N21,VIIRS,n,2.0NRT,285.61,1.16,N
23.55171,87.24482,311.65,0.45,0.63,2026-09-19,1906,N21,VIIRS,n,2.0NRT,283.21,1.83,N
23.5579,87.24093,302.64,0.46,0.63,2026-09-19,1906,N21,VIIRS,n,2.0NRT,280.97,1.83,N
23.55903,87.08229,301.53,0.47,0.64,2026-09-19,1906,N21,VIIRS,n,2.0NRT,275.87,1.0,N
23.67428,86.39738,305.78,0.52,0.67,2026-09-19,1906,N21,VIIRS,n,2.0NRT,283.81,2.08,N
23.67946,86.09187,302.52,0.54,0.68,2026-09-19,1906,N21,VIIRS,n,2.0NRT,286.59,2.96,N
23.67986,86.08658,305.17,0.54,0.68,2026-09-19,1906,N21,VIIRS,n,2.0NRT,286.53,3.58,N
23.68039,86.39812,302.75,0.52,0.67,2026-09-19,1906,N21,VIIRS,n,2.0NRT,283.19,2.8,N
23.69197,87.11081,299.5,0.47,0.64,2026-09-19,1906,N21,VIIRS,n,2.0NRT,272.09,1.91,N
23.69346,87.09271,302.93,0.47,0.64,2026-09-19,1906,N21,VIIRS,n,2.0NRT,281.79,1.59,N
23.71295,86.45226,302.88,0.51,0.66,2026-09-19,1906,N21,VIIRS,n,2.0NRT,282.57,2.59,N
23.71546,86.42185,312.75,0.52,0.66,2026-09-19,1906,N21,VIIRS,n,2.0NRT,282.77,3.43,N
23.71602,86.42324,308.42,0.52,0.67,2026-09-19,1906,N21,VIIRS,n,2.0NRT,283.02,3.33,N
23.72098,86.43911,303.37,0.51,0.66,2026-09-19,1906,N21,VIIRS,n,2.0NRT,283.16,2.27,N
23.73359,86.43522,302.51,0.52,0.66,2026-09-19,1906,N21,VIIRS,n,2.0NRT,283.02,2.83,N
23.73397,86.43018,303.17,0.52,0.66,2026-09-19,1906,N21,VIIRS,n,2.0NRT,282.84,2.77,N
23.75348,86.41695,311.91,0.52,0.67,2026-09-19,1906,N21,VIIRS,n,2.0NRT,283.99,3.27,N
23.75478,85.854,306.13,0.56,0.69,2026-09-19,1906,N21,VIIRS,n,2.0NRT,287.23,1.76,N
23.75756,85.86076,302.0,0.56,0.69,2026-09-19,1906,N21,VIIRS,n,2.0NRT,286.55,2.99,N
23.7608,86.40223,308.54,0.52,0.67,2026-09-19,1906,N21,VIIRS,n,2.0NRT,283.86,3.71,N
23.76652,86.40801,308.37,0.52,0.67,2026-09-19,1906,N21,VIIRS,n,2.0NRT,284.32,3.9,N
23.76693,86.40279,315.51,0.52,0.67,2026-09-19,1906,N21,VIIRS,n,2.0NRT,284.42,3.71,N
23.77425,86.38821,303.2,0.52,0.67,2026-09-19,1906,N21,VIIRS,n,2.0NRT,283.91,2.23,N
23.77562,86.86186,302.13,0.48,0.65,2026-09-19,1906,N21,VIIRS,n,2.0NRT,284.22,0.6,N
23.77586,86.36769,303.98,0.52,0.67,2026-09-19,1906,N21,VIIRS,n,2.0NRT,281.91,1.72,N
23.77595,86.2067,302.27,0.53,0.67,2026-09-19,1906,N21,VIIRS,n,2.0NRT,286.02,2.79,N
23.77627,86.36252,302.78,0.52,0.67,2026-09-19,1906,N21,VIIRS,n,2.0NRT,283.55,1.79,N
23.77998,86.3939,303.38,0.52,0.67,2026-09-19,1906,N21,VIIRS,n,2.0NRT,284.28,2.23,N
23.78037,86.38889,319.15,0.52,0.67,2026-09-19,1906,N21,VIIRS,n,2.0NRT,284.34,2.23,N
23.79558,86.35349,302.27,0.52,0.67,2026-09-19,1906,N21,VIIRS,n,2.0NRT,284.98,1.96,N
23.79592,86.34884,306.92,0.52,0.67,2026-09-19,1906,N21,VIIRS,n,2.0NRT,284.86,3.31,N
23.79596,86.34826,305.62,0.52,0.67,2026-09-19,1906,N21,VIIRS,n,2.0NRT,285.14,1.96,N
23.8036,86.32853,309.96,0.52,0.67,2026-09-19,1906,N21,VIIRS,n,2.0NRT,285.91,3.07,N
23.80369,86.32913,310.7,0.52,0.67,2026-09-19,1906,N21,VIIRS,n,2.0NRT,285.49,2.76,N
24.11638,86.85892,305.39,0.49,0.65,2026-09-19,1906,N21,VIIRS,n,2.0NRT,284.32,2.16,N
26.47926,92.50163,297.88,0.46,0.47,2026-09-19,1906,N21,VIIRS,n,2.0NRT,269.2,0.48,N
27.60329,95.40307,308.18,0.49,0.4,2026-09-19,1906,N21,VIIRS,n,2.0NRT,287.07,1.51,N
29.26039,91.9246,295.7,0.54,0.51,2026-09-19,1906,N21,VIIRS,n,2.0NRT,281.3,1.19,N
29.26507,91.92451,297.93,0.54,0.51,2026-09-19,1906,N21,VIIRS,n,2.0NRT,282.93,1.91,N
20.75804,85.29815,315.35,0.57,0.69,2026-09-19,1908,N21,VIIRS,n,2.0NRT,285.82,2.68,N
20.7585,85.29259,305.94,0.57,0.69,2026-09-19,1908,N21,VIIRS,n,2.0NRT,285.9,2.68,N
20.76181,85.29654,319.82,0.57,0.69,2026-09-19,1908,N21,VIIRS,n,2.0NRT,285.95,4.67,N
20.78667,85.26188,308.56,0.57,0.69,2026-09-19,1908,N21,VIIRS,n,2.0NRT,285.46,3.03,N
20.79393,85.25173,316.2,0.57,0.69,2026-09-19,1908,N21,VIIRS,n,2.0NRT,284.51,5.97,N
20.80623,85.25818,303.33,0.57,0.69,2026-09-19,1908,N21,VIIRS,n,2.0NRT,285.45,2.78,N
20.96241,85.18999,306.35,0.58,0.7,2026-09-19,1908,N21,VIIRS,n,2.0NRT,286.3,2.8,N
20.96382,85.17349,305.37,0.58,0.7,2026-09-19,1908,N21,VIIRS,n,2.0NRT,285.85,3.01,N
20.96431,85.16785,307.37,0.58,0.7,2026-09-19,1908,N21,VIIRS,n,2.0NRT,285.77,2.33,N
20.96436,85.18899,306.03,0.58,0.7,2026-09-19,1908,N21,VIIRS,n,2.0NRT,286.07,2.95,N
20.96479,85.16222,305.3,0.58,0.7,2026-09-19,1908,N21,VIIRS,n,2.0NRT,286.04,2.33,N
20.96505,86.00557,302.81,0.51,0.66,2026-09-19,1908,N21,VIIRS,n,2.0NRT,284.03,1.39,N
20.96568,85.17234,306.22,0.58,0.7,2026-09-19,1908,N21,VIIRS,n,2.0NRT,286.33,2.91,N
20.96613,85.16672,307.23,0.58,0.7,2026-09-19,1908,N21,VIIRS,n,2.0NRT,285.98,2.14,N
20.96658,85.16103,303.16,0.58,0.7,2026-09-19,1908,N21,VIIRS,n,2.0NRT,286.0,2.14,N
20.96703,85.15538,303.04,0.58,0.7,2026-09-19,1908,N21,VIIRS,n,2.0NRT,286.03,2.22,N
20.96976,85.17957,303.91,0.58,0.7,2026-09-19,1908,N21,VIIRS,n,2.0NRT,285.85,3.01,N
20.97165,85.17848,305.18,0.58,0.7,2026-09-19,1908,N21,VIIRS,n,2.0NRT,285.94,2.91,N
21.00032,86.0237,303.79,0.51,0.66,2026-09-19,1908,N21,VIIRS,n,2.0NRT,284.27,1.34,N
21.0013,86.02521,307.55,0.51,0.66,2026-09-19,1908,N21,VIIRS,n,2.0NRT,284.54,1.1,N
21.07338,85.04532,302.37,0.59,0.7,2026-09-19,1908,N21,VIIRS,n,2.0NRT,285.27,2.18,N
21.07387,85.03954,302.04,0.6,0.7,2026-09-19,1908,N21,VIIRS,n,2.0NRT,285.39,2.85,N
21.07431,85.04583,302.46,0.6,0.7,2026-09-19,1908,N21,VIIRS,n,2.0NRT,285.41,3.36,N
21.07476,85.03999,318.23,0.6,0.7,2026-09-19,1908,N21,VIIRS,n,2.0NRT,285.58,3.36,N
21.07521,85.03427,311.15,0.6,0.7,2026-09-19,1908,N21,VIIRS,n,2.0NRT,285.74,4.87,N
21.08035,85.04,323.66,0.6,0.7,2026-09-19,1908,N21,VIIRS,n,2.0NRT,285.28,4.9,N
21.08083,85.03429,314.43,0.6,0.7,2026-09-19,1908,N21,VIIRS,n,2.0NRT,285.48,4.9,N
21.08168,85.03481,310.63,0.6,0.7,2026-09-19,1908,N21,VIIRS,n,2.0NRT,285.63,3.26,N
21.75665,84.02325,306.74,0.71,0.75,2026-09-19,1908,N21,VIIRS,n,2.0NRT,281.73,3.84,N
21.75728,84.02286,306.2,0.71,0.75,2026-09-19,1908,N21,VIIRS,n,2.0NRT,281.3,2.81,N
21.76405,84.01694,301.24,0.71,0.75,2026-09-19,1908,N21,VIIRS,n,2.0NRT,281.18,3.72,N
21.76465,84.01655,302.53,0.71,0.75,2026-09-19,1908,N21,VIIRS,n,2.0NRT,281.13,2.81,N
22.13133,85.38124,300.72,0.58,0.7,2026-09-19,1908,N21,VIIRS,n,2.0NRT,286.05,1.15,N
22.2186,84.75481,298.74,0.64,0.72,2026-09-19,1908,N21,VIIRS,n,2.0NRT,279.93,2.7,N
22.3562,96.70174,308.12,0.4,0.37,2026-09-19,1908,N21,VIIRS,n,2.0NRT,286.86,1.23,N
22.37779,87.27953,305.16,0.44,0.62,2026-09-19,1908,N21,VIIRS,n,2.0NRT,266.95,2.25,N
22.37946,87.28186,296.42,0.44,0.62,2026-09-19,1908,N21,VIIRS,n,2.0NRT,267.49,1.07,N
22.37983,87.2776,300.51,0.44,0.62,2026-09-19,1908,N21,VIIRS,n,2.0NRT,267.63,1.07,N
22.59132,85.90459,304.3,0.54,0.68,2026-09-19,1908,N21,VIIRS,n,2.0NRT,286.62,1.38,N
22.59285,85.90546,301.04,0.54,0.68,2026-09-19,1908,N21,VIIRS,n,2.0NRT,286.33,2.2,N
22.60963,85.91154,302.58,0.54,0.68,2026-09-19,1908,N21,VIIRS,n,2.0NRT,286.84,1.3,N
22.78477,86.20357,306.19,0.52,0.67,2026-09-19,1908,N21,VIIRS,n,2.0NRT,287.03,3.39,N
22.79135,86.19892,304.98,0.52,0.67,2026-09-19,1908,N21,VIIRS,n,2.0NRT,287.0,3.08,N
22.8001,86.08829,307.8,0.53,0.67,2026-09-19,1908,N21,VIIRS,n,2.0NRT,286.73,2.91,N
22.80045,86.09165,307.62,0.53,0.67,2026-09-19,1908,N21,VIIRS,n,2.0NRT,286.7,1.77,N
22.81286,86.08445,311.42,0.53,0.67,2026-09-19,1908,N21,VIIRS,n,2.0NRT,286.94,2.06,N
22.85871,86.0571,304.0,0.53,0.67,2026-09-19,1908,N21,VIIRS,n,2.0NRT,286.73,1.41,N
22.87622,86.06261,304.41,0.53,0.67,2026-09-19,1908,N21,VIIRS,n,2.0NRT,286.83,1.3,N
23.48274,87.3639,303.87,0.45,0.63,2026-09-19,1908,N21,VIIRS,n,2.0NRT,285.61,1.51,N
23.55976,87.0844,300.73,0.47,0.64,2026-09-19,1908,N21,VIIRS,n,2.0NRT,274.86,1.09,N
23.64902,85.44125,302.95,0.6,0.7,2026-09-19,1908,N21,VIIRS,n,2.0NRT,286.64,2.18,N
23.64944,85.43552,310.81,0.6,0.7,2026-09-19,1908,N21,VIIRS,n,2.0NRT,286.43,2.18,N
23.64999,85.43658,313.96,0.6,0.7,2026-09-19,1908,N21,VIIRS,n,2.0NRT,286.7,4.24,N
34.72862,73.10648,327.59,0.43,0.38,2026-09-19,2044,N21,VIIRS,n,2.0NRT,286.45,5.88,N
36.99814,80.19379,302.03,0.44,0.38,2026-09-19,2044,N21,VIIRS,n,2.0NRT,286.81,1.6,N
20.75958,85.2995,308.15,0.59,0.7,2026-09-19,2046,N21,VIIRS,n,2.0NRT,284.24,2.37,N
20.76082,85.29424,308.51,0.59,0.7,2026-09-19,2046,N21,VIIRS,n,2.0NRT,284.09,2.37,N
20.79743,85.25189,306.54,0.59,0.7,2026-09-19,2046,N21,VIIRS,n,2.0NRT,282.42,3.07,N
20.80984,85.25565,301.83,0.59,0.7,2026-09-19,2046,N21,VIIRS,n,2.0NRT,283.38,1.75,N
20.86524,84.98983,320.7,0.56,0.69,2026-09-19,2046,N21,VIIRS,n,2.0NRT,284.75,4.91,N
20.86592,70.56622,310.71,0.41,0.37,2026-09-19,2046,N21,VIIRS,n,2.0NRT,293.17,1.46,N
20.88506,84.98153,313.94,0.56,0.69,2026-09-19,2046,N21,VIIRS,n,2.0NRT,284.92,2.15,N
20.88603,84.98473,305.89,0.56,0.69,2026-09-19,2046,N21,VIIRS,n,2.0NRT,284.72,2.81,N
20.88725,84.97943,309.89,0.56,0.69,2026-09-19,2046,N21,VIIRS,n,2.0NRT,284.4,2.82,N
20.89116,84.98334,300.99,0.56,0.69,2026-09-19,2046,N21,VIIRS,n,2.0NRT,284.2,2.15,N
20.90999,71.45925,308.28,0.39,0.36,2026-09-19,2046,N21,VIIRS,n,2.0NRT,290.96,2.67,N
20.95434,86.04887,303.06,0.65,0.73,2026-09-19,2046,N21,VIIRS,n,2.0NRT,279.16,1.68,N
20.95602,85.01322,302.0,0.56,0.69,2026-09-19,2046,N21,VIIRS,n,2.0NRT,284.48,2.03,N
20.95897,86.00893,302.37,0.65,0.73,2026-09-19,2046,N21,VIIRS,n,2.0NRT,277.94,1.02,N
20.96178,85.17263,302.04,0.58,0.69,2026-09-19,2046,N21,VIIRS,n,2.0NRT,282.25,2.68,N
20.96205,85.18472,320.16,0.58,0.69,2026-09-19,2046,N21,VIIRS,n,2.0NRT,282.69,5.3,N
20.96304,85.16733,304.76,0.57,0.69,2026-09-19,2046,N21,VIIRS,n,2.0NRT,282.26,2.68,N
20.96331,85.17929,302.53,0.58,0.69,2026-09-19,2046,N21,VIIRS,n,2.0NRT,282.31,2.59,N
20.96454,85.17396,304.51,0.58,0.69,2026-09-19,2046,N21,VIIRS,n,2.0NRT,282.21,2.59,N
20.96475,86.00653,311.19,0.65,0.73,2026-09-19,2046,N21,VIIRS,n,2.0NRT,278.21,2.99,N
20.9654,85.1851,318.3,0.58,0.69,2026-09-19,2046,N21,VIIRS,n,2.0NRT,282.35,7.12,N
20.96577,85.16868,304.96,0.58,0.69,2026-09-19,2046,N21,VIIRS,n,2.0NRT,282.26,4.26,N
20.96683,85.1515,309.18,0.57,0.69,2026-09-19,2046,N21,VIIRS,n,2.0NRT,281.74,2.74,N
20.96795,85.17443,318.38,0.58,0.69,2026-09-19,2046,N21,VIIRS,n,2.0NRT,282.64,2.68,N
20.9692,85.16917,309.34,0.57,0.69,2026-09-19,2046,N21,VIIRS,n,2.0NRT,282.39,2.68,N
20.96946,85.15277,309.9,0.57,0.69,2026-09-19,2046,N21,VIIRS,n,2.0NRT,281.45,2.6,N
20.97071,85.17579,316.07,0.58,0.69,2026-09-19,2046,N21,VIIRS,n,2.0NRT,282.4,4.75,N
20.97193,85.17054,311.92,0.58,0.69,2026-09-19,2046,N21,VIIRS,n,2.0NRT,282.08,3.23,N
20.97537,85.171,308.77,0.57,0.69,2026-09-19,2046,N21,VIIRS,n,2.0NRT,281.62,2.88,N
20.97661,85.16575,300.61,0.57,0.69,2026-09-19,2046,N21,VIIRS,n,2.0NRT,281.04,1.55,N
20.97806,85.13201,305.26,0.57,0.69,2026-09-19,2046,N21,VIIRS,n,2.0NRT,282.73,2.55,N
20.97809,85.17239,302.63,0.58,0.69,2026-09-19,2046,N21,VIIRS,n,2.0NRT,281.67,3.23,N
20.98055,85.13327,305.47,0.57,0.69,2026-09-19,2046,N21,VIIRS,n,2.0NRT,282.74,2.76,N
21.10307,72.63648,343.07,0.38,0.36,2026-09-19,2046,N21,VIIRS,n,2.0NRT,294.18,12.14,N
21.10965,72.63765,314.84,0.38,0.36,2026-09-19,2046,N21,VIIRS,n,2.0NRT,293.53,2.1,N
21.11022,72.63399,308.77,0.38,0.36,2026-09-19,2046,N21,VIIRS,n,2.0NRT,292.94,2.1,N
21.24918,79.21004,306.46,0.47,0.48,2026-09-19,2046,N21,VIIRS,n,2.0NRT,280.22,1.28,N
21.74195,83.84253,309.71,0.46,0.63,2026-09-19,2046,N21,VIIRS,n,2.0NRT,279.88,3.27,N
21.74758,83.8442,315.48,0.46,0.63,2026-09-19,2046,N21,VIIRS,n,2.0NRT,279.35,6.01,N
21.74857,83.83985,314.33,0.46,0.63,2026-09-19,2046,N21,VIIRS,n,2.0NRT,279.58,3.43,N
21.7542,83.84151,314.77,0.46,0.63,2026-09-19,2046,N21,VIIRS,n,2.0NRT,279.78,3.43,N
21.75468,84.02547,311.74,0.47,0.64,2026-09-19,2046,N21,VIIRS,n,2.0NRT,277.85,2.83,N
21.75565,84.02116,300.77,0.47,0.64,2026-09-19,2046,N21,VIIRS,n,2.0NRT,277.45,2.83,N
21.75887,83.84738,303.77,0.46,0.63,2026-09-19,2046,N21,VIIRS,n,2.0NRT,278.93,1.77,N
21.76236,84.01832,299.58,0.47,0.64,2026-09-19,2046,N21,VIIRS,n,2.0NRT,275.74,2.19,N
21.76451,83.84897,307.31,0.46,0.63,2026-09-19,2046,N21,VIIRS,n,2.0NRT,278.96,1.77,N
21.76807,84.01987,301.51,0.47,0.64,2026-09-19,2046,N21,VIIRS,n,2.0NRT,275.49,1.48,N
21.76875,84.01853,299.27,0.47,0.64,2026-09-19,2046,N21,VIIRS,n,2.0NRT,274.91,1.01,N
21.82505,73.11562,305.82,0.39,0.36,2026-09-19,2046,N21,VIIRS,n,2.0NRT,292.01,1.43,N
21.87397,83.49432,301.16,0.43,0.62,2026-09-19,2046,N21,VIIRS,n,2.0NRT,280.88,0.84,N
21.87605,83.55424,302.09,0.43,0.62,2026-09-19,2046,N21,VIIRS,n,2.0NRT,280.91,1.31,N
21.87796,83.55557,302.46,0.43,0.62,2026-09-19,2046,N21,VIIRS,n,2.0NRT,280.92,1.14,N
21.91701,83.353,300.27,0.42,0.61,2026-09-19,2046,N21,VIIRS,n,2.0NRT,280.53,1.16,N
21.91789,83.34904,301.23,0.42,0.61,2026-09-19,2046,N21,VIIRS,n,2.0NRT,279.54,1.16,N
21.92195,83.35368,300.6,0.42,0.61,2026-09-19,2046,N21,VIIRS,n,2.0NRT,281.25,1.31,N
21.92286,83.34972,307.0,0.42,0.61,2026-09-19,2046,N21,VIIRS,n,2.0NRT,280.55,1.31,N
21.92337,83.35048,307.06,0.42,0.61,2026-09-19,2046,N21,VIIRS,n,2.0NRT,280.51,1.16,N
21.9651,83.77233,299.22,0.45,0.63,2026-09-19,2046,N21,VIIRS,n,2.0NRT,272.69,1.18,N
22.02964,83.36523,303.61,0.42,0.61,2026-09-19,2046,N21,VIIRS,n,2.0NRT,284.39,1.97,N
22.03754,83.35246,312.92,0.42,0.61,2026-09-19,2046,N21,VIIRS,n,2.0NRT,284.51,3.67,N
22.03777,83.35464,303.88,0.42,0.61,2026-09-19,2046,N21,VIIRS,n,2.0NRT,284.27,1.75,N
22.03864,83.35067,310.06,0.42,0.61,2026-09-19,2046,N21,VIIRS,n,2.0NRT,284.42,2.31,N
22.03995,83.73053,300.95,0.44,0.63,2026-09-19,2046,N21,VIIRS,n,2.0NRT,275.08,1.95,N
22.26568,75.1351,305.53,0.42,0.38,2026-09-19,2046,N21,VIIRS,n,2.0NRT,293.96,1.14,N
22.41538,69.03821,310.72,0.48,0.4,2026-09-19,2046,N21,VIIRS,n,2.0NRT,294.98,1.3,N
22.93181,69.69495,306.21,0.45,0.39,2026-09-19,2046,N21,VIIRS,n,2.0NRT,295.4,0.8,N
23.26647,70.25735,307.02,0.43,0.38,2026-09-19,2046,N21,VIIRS,n,2.0NRT,295.69,0.98,N
23.30538,70.47689,306.5,0.43,0.38,2026-09-19,2046,N21,VIIRS,n,2.0NRT,296.05,0.94,N
23.31377,70.20007,307.01,0.44,0.38,2026-09-19,2046,N21,VIIRS,n,2.0NRT,295.9,0.7,N
23.31463,70.48689,309.87,0.43,0.38,2026-09-19,2046,N21,VIIRS,n,2.0NRT,295.99,1.19,N
26.8721,73.51643,308.54,0.39,0.36,2026-09-19,2046,N21,VIIRS,n,2.0NRT,295.39,1.46,N
26.87539,73.51705,309.04,0.39,0.36,2026-09-19,2046,N21,VIIRS,n,2.0NRT,295.36,1.67,N
26.87598,73.51321,305.2,0.39,0.36,2026-09-19,2046,N21,VIIRS,n,2.0NRT,294.92,0.95,N
26.87926,73.51384,306.64,0.39,0.36,2026-09-19,2046,N21,VIIRS,n,2.0NRT,295.2,0.95,N
26.92696,73.46754,305.72,0.39,0.36,2026-09-19,2046,N21,VIIRS,n,2.0NRT,295.04,1.13,N
27.28887,73.83878,309.77,0.38,0.36,2026-09-19,2046,N21,VIIRS,n,2.0NRT,295.86,1.29,N
27.66622,76.13109,316.41,0.41,0.37,2026-09-19,2046,N21,VIIRS,n,2.0NRT,297.55,2.73,N
28.34469,77.25909,308.72,0.44,0.38,2026-09-19,2046,N21,VIIRS,n,2.0NRT,295.89,1.27,N
28.71045,76.83208,309.42,0.42,0.38,2026-09-19,2046,N21,VIIRS,n,2.0NRT,296.14,1.54,N
28.89006,77.10001,309.32,0.43,0.38,2026-09-19,2046,N21,VIIRS,n,2.0NRT,295.75,1.33,N
29.12404,75.77966,310.59,0.39,0.36,2026-09-19,2046,N21,VIIRS,n,2.0NRT,297.12,1.51,N
30.78231,70.03632,327.74,0.53,0.42,2026-09-19,2046,N21,VIIRS,n,2.0NRT,289.48,6.8,N
31.24866,76.92709,305.79,0.4,0.37,2026-09-19,2046,N21,VIIRS,n,2.0NRT,290.1,0.55,N
31.25937,76.92532,303.07,0.4,0.37,2026-09-19,2046,N21,VIIRS,n,2.0NRT,291.0,0.65,N
31.32719,76.89363,304.41,0.4,0.37,2026-09-19,2046,N21,VIIRS,n,2.0NRT,291.69,0.86,N
31.36864,76.35824,313.46,0.39,0.36,2026-09-19,2046,N21,VIIRS,n,2.0NRT,295.0,1.12,N
31.41195,76.83555,304.87,0.4,0.37,2026-09-19,2046,N21,VIIRS,n,2.0NRT,293.37,1.05,N
31.608,74.40657,308.48,0.39,0.36,2026-09-19,2046,N21,VIIRS,n,2.0NRT,296.51,1.24,N
31.61851,74.40453,306.71,0.39,0.36,2026-09-19,2046,N21,VIIRS,n,2.0NRT,295.55,0.8,N
31.6805,73.96336,309.94,0.39,0.36,2026-09-19,2046,N21,VIIRS,n,2.0NRT,296.7,1.22,N
32.05746,74.26733,306.06,0.39,0.36,2026-09-19,2046,N21,VIIRS,n,2.0NRT,295.67,0.79,N
32.08706,74.1591,311.58,0.39,0.36,2026-09-19,2046,N21,VIIRS,n,2.0NRT,295.81,1.8,N
32.57641,72.56104,312.66,0.43,0.38,2026-09-19,2046,N21,VIIRS,n,2.0NRT,297.6,2.42,N
32.64344,72.97835,306.4,0.42,0.38,2026-09-19,2046,N21,VIIRS,n,2.0NRT,296.36,1.41,N
32.71703,72.77324,308.47,0.43,0.38,2026-09-19,2046,N21,VIIRS,n,2.0NRT,294.77,0.91,N
33.29585,71.18629,307.14,0.5,0.41,2026-09-19,2046,N21,VIIRS,n,2.0NRT,293.77,1.32,N
33.68996,72.71214,309.2,0.44,0.38,2026-09-19,2046,N21,VIIRS,n,2.0NRT,295.09,2.01,N
33.80024,72.09784,306.81,0.46,0.39,2026-09-19,2046,N21,VIIRS,n,2.0NRT,295.27,1.06,N
33.90372,71.91723,306.8,0.47,0.4,2026-09-19,2046,N21,VIIRS,n,2.0NRT,294.27,1.41,N
15.33986,76.25052,303.42,0.39,0.44,2026-09-19,2049,N21,VIIRS,n,2.0NRT,284.14,1.13,N
15.65838,73.98819,320.67,0.44,0.39,2026-09-19,2049,N21,VIIRS,n,2.0NRT,282.06,2.58,N
15.65849,73.99093,315.46,0.44,0.39,2026-09-19,2049,N21,VIIRS,n,2.0NRT,283.02,1.21,N
15.65919,73.98681,304.25,0.44,0.39,2026-09-19,2049,N21,VIIRS,n,2.0NRT,282.66,1.21,N
18.58713,71.03307,308.39,0.39,0.36,2026-09-19,2049,N21,VIIRS,n,2.0NRT,295.04,2.64,N
19.02185,72.8909,321.77,0.39,0.36,2026-09-19,2049,N21,VIIRS,n,2.0NRT,293.25,3.26,N
19.17843,70.94527,307.66,0.39,0.36,2026-09-19,2049,N21,VIIRS,n,2.0NRT,292.66,2.05,N
19.27871,71.42816,310.4,0.39,0.36,2026-09-19,2049,N21,VIIRS,n,2.0NRT,295.15,2.3,N
19.2809,71.436,308.51,0.39,0.36,2026-09-19,2049,N21,VIIRS,n,2.0NRT,294.72,2.31,N
19.41698,71.39122,322.07,0.39,0.36,2026-09-19,2049,N21,VIIRS,n,2.0NRT,293.9,2.29,N
19.52976,71.29797,309.62,0.39,0.36,2026-09-19,2049,N21,VIIRS,n,2.0NRT,293.63,2.65,N
20.35541,72.94892,304.77,0.39,0.36,2026-09-19,2049,N21,VIIRS,n,2.0NRT,293.3,3.31,N
22.13435,85.38338,302.2,0.56,0.69,2026-09-19,2049,N21,VIIRS,n,2.0NRT,286.47,1.17,N
22.78343,86.20279,303.69,0.61,0.71,2026-09-19,2049,N21,VIIRS,n,2.0NRT,279.96,1.71,N
22.78799,86.20579,306.74,0.61,0.71,2026-09-19,2049,N21,VIIRS,n,2.0NRT,280.14,3.71,N
22.85744,86.0568,301.78,0.59,0.7,2026-09-19,2049,N21,VIIRS,n,2.0NRT,280.19,1.11,N
23.56118,87.08471,300.94,0.66,0.73,2026-09-19,2049,N21,VIIRS,n,2.0NRT,277.33,1.44,N
23.56321,87.08665,299.35,0.66,0.73,2026-09-19,2049,N21,VIIRS,n,2.0NRT,276.97,1.49,N
23.64807,85.43724,302.5,0.52,0.67,2026-09-19,2049,N21,VIIRS,n,2.0NRT,285.24,1.02,N
23.6496,85.4375,301.8,0.52,0.67,2026-09-19,2049,N21,VIIRS,n,2.0NRT,285.32,1.29,N
23.66214,87.15653,301.22,0.67,0.73,2026-09-19,2049,N21,VIIRS,n,2.0NRT,276.85,2.59,N
23.6681,86.93752,304.78,0.65,0.73,2026-09-19,2049,N21,VIIRS,n,2.0NRT,278.33,1.18,N
23.68835,87.09873,302.3,0.66,0.73,2026-09-19,2049,N21,VIIRS,n,2.0NRT,279.44,4.26,N
23.69001,87.11967,304.09,0.66,0.73,2026-09-19,2049,N21,VIIRS,n,2.0NRT,279.24,4.28,N
23.69099,87.12495,301.7,0.66,0.73,2026-09-19,2049,N21,VIIRS,n,2.0NRT,279.14,4.99,N
23.69122,85.37051,308.7,0.52,0.67,2026-09-19,2049,N21,VIIRS,n,2.0NRT,286.93,1.91,N
23.6941,87.11239,300.72,0.66,0.73,2026-09-19,2049,N21,VIIRS,n,2.0NRT,278.69,3.79,N
23.69491,86.07629,300.73,0.57,0.69,2026-09-19,2049,N21,VIIRS,n,2.0NRT,284.67,1.17,N
23.69642,87.0945,303.58,0.66,0.73,2026-09-19,2049,N21,VIIRS,n,2.0NRT,278.76,2.18,N
23.69715,85.37219,304.92,0.52,0.67,2026-09-19,2049,N21,VIIRS,n,2.0NRT,286.59,1.91,N
23.69889,86.07708,302.9,0.57,0.69,2026-09-19,2049,N21,VIIRS,n,2.0NRT,285.18,1.59,N
23.73764,86.43398,301.08,0.6,0.71,2026-09-19,2049,N21,VIIRS,n,2.0NRT,285.92,1.28,N
23.75426,86.40204,302.5,0.6,0.7,2026-09-19,2049,N21,VIIRS,n,2.0NRT,285.78,2.13,N
23.75842,86.40371,307.15,0.6,0.7,2026-09-19,2049,N21,VIIRS,n,2.0NRT,285.64,2.79,N
23.76054,86.40379,303.67,0.6,0.7,2026-09-19,2049,N21,VIIRS,n,2.0NRT,285.54,2.13,N
23.76975,86.1924,302.06,0.58,0.7,2026-09-19,2049,N21,VIIRS,n,2.0NRT,285.83,1.48,N
23.77305,86.19317,307.55,0.58,0.7,2026-09-19,2049,N21,VIIRS,n,2.0NRT,285.86,2.28,N
23.7782,86.21219,305.55,0.58,0.7,2026-09-19,2049,N21,VIIRS,n,2.0NRT,286.02,3.71,N
23.77842,85.56902,305.96,0.53,0.67,2026-09-19,2049,N21,VIIRS,n,2.0NRT,287.26,3.17,N
23.77952,86.20674,315.65,0.58,0.7,2026-09-19,2049,N21,VIIRS,n,2.0NRT,285.95,3.71,N
23.7814,86.37383,304.37,0.59,0.7,2026-09-19,2049,N21,VIIRS,n,2.0NRT,285.69,2.32,N
23.78277,86.20741,313.56,0.58,0.7,2026-09-19,2049,N21,VIIRS,n,2.0NRT,285.95,5.31,N
23.78341,86.33874,301.47,0.59,0.7,2026-09-19,2049,N21,VIIRS,n,2.0NRT,286.0,2.17,N
23.78926,85.55051,307.61,0.53,0.67,2026-09-19,2049,N21,VIIRS,n,2.0NRT,287.72,4.14,N
23.79316,86.35341,306.02,0.59,0.7,2026-09-19,2049,N21,VIIRS,n,2.0NRT,286.04,3.12,N
23.80492,86.33287,303.65,0.59,0.7,2026-09-19,2049,N21,VIIRS,n,2.0NRT,285.87,4.43,N
24.19548,82.71474,307.39,0.34,0.56,2026-09-19,2049,N21,VIIRS,n,2.0NRT,284.68,1.63,N
24.20576,82.52515,308.59,0.33,0.56,2026-09-19,2049,N21,VIIRS,n,2.0NRT,286.78,1.04,N
24.20653,82.52586,309.14,0.33,0.56,2026-09-19,2049,N21,VIIRS,n,2.0NRT,286.9,1.13,N
24.71489,75.9521,304.88,0.43,0.38,2026-09-19,2049,N21,VIIRS,n,2.0NRT,292.49,0.65,N
24.76201,74.60851,315.1,0.39,0.36,2026-09-19,2049,N21,VIIRS,n,2.0NRT,293.1,1.86,N
24.9322,74.63331,308.47,0.39,0.36,2026-09-19,2049,N21,VIIRS,n,2.0NRT,289.57,2.16,N
25.38722,68.58444,317.39,0.55,0.43,2026-09-19,2049,N21,VIIRS,n,2.0NRT,297.33,2.64,N
26.25693,74.0971,314.1,0.38,0.36,2026-09-19,2049,N21,VIIRS,n,2.0NRT,295.22,1.49,N
26.29662,74.12447,306.98,0.38,0.36,2026-09-19,2049,N21,VIIRS,n,2.0NRT,294.77,1.19,N
26.60399,73.68394,309.91,0.38,0.36,2026-09-19,2049,N21,VIIRS,n,2.0NRT,296.46,1.38,N
8.46473,80.40571,302.55,0.49,0.65,2026-09-19,2051,N21,VIIRS,n,2.0NRT,283.11,2.76,N
23.64903,96.19195,328.17,0.44,0.46,2026-09-20,620,N21,VIIRS,l,2.0NRT,301.08,5.19,D
27.88948,96.08228,341.12,0.56,0.43,2026-09-20,622,N21,VIIRS,n,2.0NRT,292.22,12.02,D
28.06489,95.35612,327.08,0.41,0.45,2026-09-20,622,N21,VIIRS,l,2.0NRT,298.34,6.96,D
28.12897,95.4677,329.79,0.4,0.44,2026-09-20,622,N21,VIIRS,n,2.0NRT,291.68,3.59,D
28.12968,95.46752,331.85,0.4,0.44,2026-09-20,622,N21,VIIRS,n,2.0NRT,291.11,3.84,D
30.06373,96.8303,333.78,0.48,0.4,2026-09-20,622,N21,VIIRS,l,2.0NRT,307.28,3.47,D
9.13704,77.80103,332.18,0.45,0.39,2026-09-20,758,N21,VIIRS,l,2.0NRT,297.15,7.18,D
9.32728,77.40293,334.27,0.46,0.39,2026-09-20,758,N21,VIIRS,n,2.0NRT,297.87,9.11,D
16.37609,80.60433,334.48,0.41,0.37,2026-09-20,758,N21,VIIRS,n,2.0NRT,293.24,4.38,D
16.45008,79.56013,330.23,0.39,0.36,2026-09-20,758,N21,VIIRS,n,2.0NRT,288.13,2.04,D
15.84794,74.91447,333.88,0.51,0.41,2026-09-20,801,N21,VIIRS,l,2.0NRT,307.28,7.45,D
16.78308,74.89619,332.21,0.5,0.41,2026-09-20,801,N21,VIIRS,n,2.0NRT,297.65,6.4,D
16.93733,79.22999,336.37,0.39,0.36,2026-09-20,801,N21,VIIRS,n,2.0NRT,287.57,3.36,D
17.39798,79.88324,343.63,0.39,0.37,2026-09-20,801,N21,VIIRS,n,2.0NRT,283.72,6.99,D
17.41241,79.24368,332.38,0.39,0.36,2026-09-20,801,N21,VIIRS,n,2.0NRT,282.34,5.72,D
17.47546,74.54465,331.31,0.51,0.41,2026-09-20,801,N21,VIIRS,l,2.0NRT,303.52,5.0,D
17.67184,82.67896,332.33,0.51,0.41,2026-09-20,801,N21,VIIRS,n,2.0NRT,296.15,2.92,D
17.6756,82.6784,332.8,0.51,0.41,2026-09-20,801,N21,VIIRS,n,2.0NRT,296.88,11.68,D
19.09632,82.16708,332.63,0.5,0.41,2026-09-20,801,N21,VIIRS,n,2.0NRT,294.31,3.46,D
19.54781,75.92001,333.35,0.42,0.38,2026-09-20,801,N21,VIIRS,l,2.0NRT,298.98,5.2,D
20.96249,85.18485,337.06,0.53,0.5,2026-09-20,801,N21,VIIRS,n,2.0NRT,290.11,10.5,D
20.96285,85.18751,336.82,0.53,0.5,2026-09-20,801,N21,VIIRS,n,2.0NRT,290.13,9.77,D
20.97031,85.17125,332.68,0.53,0.5,2026-09-20,801,N21,VIIRS,n,2.0NRT,289.72,7.41,D
20.97061,85.17363,341.79,0.53,0.5,2026-09-20,801,N21,VIIRS,n,2.0NRT,289.64,14.16,D
20.97088,85.17626,329.6,0.53,0.5,2026-09-20,801,N21,VIIRS,n,2.0NRT,289.1,10.0,D
21.10245,72.63662,336.23,0.57,0.43,2026-09-20,801,N21,VIIRS,n,2.0NRT,291.99,11.08,D
21.10446,72.6474,335.91,0.57,0.43,2026-09-20,801,N21,VIIRS,n,2.0NRT,293.82,7.57,D
21.74721,83.84415,340.64,0.44,0.46,2026-09-20,801,N21,VIIRS,n,2.0NRT,292.87,5.67,D
22.01632,83.75498,329.66,0.44,0.46,2026-09-20,801,N21,VIIRS,n,2.0NRT,296.23,3.61,D
22.03932,83.7303,336.92,0.44,0.46,2026-09-20,801,N21,VIIRS,n,2.0NRT,298.39,8.12,D
22.32228,82.58818,332.27,0.57,0.43,2026-09-20,801,N21,VIIRS,n,2.0NRT,294.45,7.08,D
22.35953,82.30156,338.87,0.55,0.43,2026-09-20,801,N21,VIIRS,n,2.0NRT,297.28,14.44,D
22.61695,71.29906,336.33,0.43,0.46,2026-09-20,803,N21,VIIRS,n,2.0NRT,294.47,4.81,D
22.76177,77.6563,330.49,0.38,0.36,2026-09-20,803,N21,VIIRS,l,2.0NRT,303.66,7.38,D
22.76313,75.36169,330.87,0.41,0.37,2026-09-20,803,N21,VIIRS,l,2.0NRT,305.08,1.88,D
22.92513,75.82111,331.49,0.4,0.37,2026-09-20,803,N21,VIIRS,n,2.0NRT,300.38,2.99,D
24.97551,68.15724,341.31,0.6,0.53,2026-09-20,803,N21,VIIRS,n,2.0NRT,305.6,14.14,D
24.97676,68.16306,342.73,0.6,0.53,2026-09-20,803,N21,VIIRS,n,2.0NRT,306.49,14.14,D
25.38586,68.58322,331.11,0.56,0.51,2026-09-20,803,N21,VIIRS,l,2.0NRT,302.84,2.77,D
26.83646,68.18763,335.51,0.55,0.51,2026-09-20,803,N21,VIIRS,n,2.0NRT,302.13,3.78,D
27.39331,70.79916,339.19,0.57,0.43,2026-09-20,803,N21,VIIRS,n,2.0NRT,307.67,15.25,D
27.71872,77.43215,340.82,0.4,0.37,2026-09-20,803,N21,VIIRS,n,2.0NRT,298.96,7.75,D
28.66271,77.51116,330.94,0.4,0.37,2026-09-20,803,N21,VIIRS,n,2.0NRT,298.26,1.86,D
28.95991,77.03909,333.04,0.39,0.36,2026-09-20,803,N21,VIIRS,n,2.0NRT,302.34,3.4,D
29.7345,77.13831,332.82,0.4,0.37,2026-09-20,803,N21,VIIRS,l,2.0NRT,304.39,2.31,D
30.49792,70.80294,334.87,0.51,0.41,2026-09-20,805,N21,VIIRS,n,2.0NRT,302.26,6.2,D
30.49891,70.80809,330.7,0.5,0.41,2026-09-20,805,N21,VIIRS,l,2.0NRT,303.64,6.2,D
30.50066,70.80534,345.11,0.51,0.41,2026-09-20,805,N21,VIIRS,n,2.0NRT,303.57,8.23,D
30.61899,76.84133,338.28,0.4,0.37,2026-09-20,805,N21,VIIRS,n,2.0NRT,302.76,6.39,D
30.90214,74.32179,336.2,0.39,0.36,2026-09-20,805,N21,VIIRS,l,2.0NRT,307.56,4.96,D
30.96655,74.46981,332.41,0.39,0.36,2026-09-20,805,N21,VIIRS,l,2.0NRT,304.43,2.46,D
30.99025,74.19077,339.1,0.39,0.36,2026-09-20,805,N21,VIIRS,n,2.0NRT,303.37,5.76,D
30.99354,74.19006,345.73,0.39,0.36,2026-09-20,805,N21,VIIRS,n,2.0NRT,302.71,5.76,D
31.02731,74.98879,341.0,0.38,0.36,2026-09-20,805,N21,VIIRS,n,2.0NRT,303.33,5.29,D
31.12087,74.62765,331.32,0.39,0.36,2026-09-20,805,N21,VIIRS,l,2.0NRT,302.37,2.39,D
31.14354,75.08015,334.83,0.38,0.36,2026-09-20,805,N21,VIIRS,n,2.0NRT,305.27,4.55,D
31.14682,75.07948,336.04,0.38,0.36,2026-09-20,805,N21,VIIRS,n,2.0NRT,303.26,4.55,D
31.19342,75.00808,345.39,0.38,0.36,2026-09-20,805,N21,VIIRS,n,2.0NRT,307.03,6.05,D
31.26347,76.0219,332.62,0.39,0.36,2026-09-20,805,N21,VIIRS,n,2.0NRT,302.48,8.9,D
31.26674,75.19489,332.62,0.38,0.36,2026-09-20,805,N21,VIIRS,n,2.0NRT,304.38,2.49,D
31.29786,72.34879,340.2,0.43,0.38,2026-09-20,805,N21,VIIRS,n,2.0NRT,304.09,11.6,D
31.36927,72.92785,336.58,0.41,0.37,2026-09-20,805,N21,VIIRS,l,2.0NRT,307.51,3.3,D
31.37265,74.53437,334.19,0.39,0.36,2026-09-20,805,N21,VIIRS,n,2.0NRT,306.73,4.01,D
31.37593,74.53367,338.41,0.39,0.36,2026-09-20,805,N21,VIIRS,n,2.0NRT,306.12,4.01,D
31.3807,72.19603,343.21,0.43,0.38,2026-09-20,805,N21,VIIRS,n,2.0NRT,303.1,10.07,D
31.42315,75.03992,332.29,0.38,0.36,2026-09-20,805,N21,VIIRS,n,2.0NRT,303.45,2.12,D
31.47106,74.50964,346.45,0.39,0.36,2026-09-20,805,N21,VIIRS,n,2.0NRT,306.36,4.55,D
31.51047,70.31103,338.69,0.51,0.41,2026-09-20,805,N21,VIIRS,n,2.0NRT,300.65,4.34,D
31.51084,70.30903,336.91,0.51,0.41,2026-09-20,805,N21,VIIRS,n,2.0NRT,297.75,3.24,D
31.59627,74.90117,333.2,0.38,0.36,2026-09-20,805,N21,VIIRS,n,2.0NRT,304.71,1.33,D
31.59788,75.00007,335.05,0.38,0.36,2026-09-20,805,N21,VIIRS,l,2.0NRT,306.7,2.9,D
31.60231,75.07355,336.15,0.38,0.36,2026-09-20,805,N21,VIIRS,n,2.0NRT,306.91,2.74,D
31.60827,75.17979,335.5,0.38,0.36,2026-09-20,805,N21,VIIRS,l,2.0NRT,308.53,5.97,D
31.61932,75.07414,336.64,0.38,0.36,2026-09-20,805,N21,VIIRS,n,2.0NRT,306.43,2.29,D
31.65273,74.51737,336.55,0.39,0.36,2026-09-20,805,N21,VIIRS,l,2.0NRT,308.08,3.54,D
31.69444,75.1629,335.75,0.38,0.36,2026-09-20,805,N21,VIIRS,n,2.0NRT,307.85,1.79,D
31.72846,72.24261,332.78,0.43,0.38,2026-09-20,805,N21,VIIRS,n,2.0NRT,301.12,3.49,D
31.74304,72.32669,330.05,0.42,0.38,2026-09-20,805,N21,VIIRS,l,2.0NRT,302.8,1.97,D
31.75371,74.22564,334.31,0.39,0.36,2026-09-20,805,N21,VIIRS,n,2.0NRT,305.83,2.97,D
31.79204,74.71217,333.07,0.38,0.36,2026-09-20,805,N21,VIIRS,n,2.0NRT,301.72,2.33,D
31.79533,74.71148,335.42,0.38,0.36,2026-09-20,805,N21,VIIRS,n,2.0NRT,301.92,3.3,D
31.85565,74.79026,331.47,0.38,0.36,2026-09-20,805,N21,VIIRS,n,2.0NRT,302.2,2.56,D
31.90938,74.91995,331.62,0.38,0.36,2026-09-20,805,N21,VIIRS,n,2.0NRT,301.37,2.81,D
31.92019,74.74754,336.52,0.38,0.36,2026-09-20,805,N21,VIIRS,n,2.0NRT,301.5,3.4,D
31.93145,74.73269,333.28,0.38,0.36,2026-09-20,805,N21,VIIRS,n,2.0NRT,301.94,3.72,D
31.95761,70.93986,330.33,0.47,0.4,2026-09-20,805,N21,VIIRS,n,2.0NRT,300.02,2.99,D
31.97289,74.86618,330.71,0.38,0.36,2026-09-20,805,N21,VIIRS,n,2.0NRT,301.18,1.08,D
33.27308,71.58871,333.57,0.43,0.38,2026-09-20,805,N21,VIIRS,n,2.0NRT,300.47,2.76,D
35.43618,73.60065,330.5,0.38,0.36,2026-09-20,805,N21,VIIRS,n,2.0NRT,303.86,5.68,D
35.43683,73.60481,328.12,0.38,0.36,2026-09-20,805,N21,VIIRS,n,2.0NRT,297.66,3.61,D
29.26138,91.9236,307.87,0.53,0.67,2026-09-20,1845,N21,VIIRS,n,2.0NRT,282.81,2.36,N
29.26155,91.92221,298.25,0.53,0.67,2026-09-20,1845,N21,VIIRS,n,2.0NRT,281.43,3.16,N
29.37398,91.15187,302.65,0.59,0.7,2026-09-20,1845,N21,VIIRS,n,2.0NRT,279.77,2.88,N
30.06906,96.97684,301.27,0.53,0.5,2026-09-20,1845,N21,VIIRS,n,2.0NRT,283.7,1.36,N
22.35337,96.70307,296.03,0.44,0.46,2026-09-20,1847,N21,VIIRS,n,2.0NRT,277.27,1.0,N
22.35354,96.70142,296.07,0.44,0.46,2026-09-20,1847,N21,VIIRS,n,2.0NRT,277.35,0.71,N
31.25893,76.92558,302.1,0.43,0.38,2026-09-20,2025,N21,VIIRS,n,2.0NRT,290.43,0.79,N
31.76831,70.10699,308.83,0.34,0.56,2026-09-20,2025,N21,VIIRS,n,2.0NRT,292.35,0.89,N
32.57721,72.56092,312.49,0.49,0.49,2026-09-20,2025,N21,VIIRS,n,2.0NRT,295.87,3.18,N
32.65427,70.47328,306.39,0.33,0.55,2026-09-20,2025,N21,VIIRS,n,2.0NRT,293.71,1.08,N
33.29639,71.18801,303.7,0.6,0.53,2026-09-20,2025,N21,VIIRS,n,2.0NRT,292.42,1.88,N
33.68857,72.71238,307.88,0.5,0.49,2026-09-20,2025,N21,VIIRS,n,2.0NRT,294.49,1.56,N
34.03212,73.73623,337.44,0.44,0.46,2026-09-20,2025,N21,VIIRS,n,2.0NRT,289.95,9.78,N
34.2313,71.6404,306.84,0.58,0.52,2026-09-20,2025,N21,VIIRS,n,2.0NRT,292.51,1.34,N
35.43648,73.60165,297.45,0.47,0.47,2026-09-20,2025,N21,VIIRS,n,2.0NRT,283.38,1.03,N
35.96905,68.68568,303.49,0.45,0.63,2026-09-20,2025,N21,VIIRS,n,2.0NRT,290.25,0.86,N
36.12011,69.41156,299.08,0.41,0.61,2026-09-20,2025,N21,VIIRS,n,2.0NRT,278.27,0.3,N
21.96438,83.77374,298.85,0.45,0.47,2026-09-20,2027,N21,VIIRS,n,2.0NRT,273.09,1.09,N
22.01632,83.75467,302.85,0.44,0.46,2026-09-20,2027,N21,VIIRS,n,2.0NRT,272.45,1.39,N
22.01664,83.75258,303.77,0.44,0.46,2026-09-20,2027,N21,VIIRS,n,2.0NRT,272.24,1.55,N
22.03011,83.3671,304.4,0.42,0.45,2026-09-20,2027,N21,VIIRS,n,2.0NRT,285.41,1.84,N
22.03731,83.35191,316.9,0.42,0.45,2026-09-20,2027,N21,VIIRS,n,2.0NRT,284.17,2.21,N
22.0384,83.73116,302.73,0.44,0.46,2026-09-20,2027,N21,VIIRS,n,2.0NRT,273.25,2.11,N
22.03923,83.72696,302.8,0.44,0.46,2026-09-20,2027,N21,VIIRS,n,2.0NRT,274.07,1.28,N
22.08647,83.11732,305.49,0.41,0.45,2026-09-20,2027,N21,VIIRS,n,2.0NRT,280.57,1.75,N
22.10591,83.12571,298.06,0.41,0.45,2026-09-20,2027,N21,VIIRS,n,2.0NRT,273.79,0.9,N
22.35709,82.3026,325.44,0.54,0.42,2026-09-20,2027,N21,VIIRS,n,2.0NRT,273.98,4.87,N
23.16277,82.34209,304.99,0.53,0.42,2026-09-20,2027,N21,VIIRS,n,2.0NRT,284.76,0.92,N
23.16374,82.33694,314.47,0.53,0.42,2026-09-20,2027,N21,VIIRS,n,2.0NRT,284.63,2.8,N
23.16398,82.34074,314.08,0.53,0.42,2026-09-20,2027,N21,VIIRS,n,2.0NRT,284.74,2.17,N
23.16492,82.33558,311.43,0.53,0.42,2026-09-20,2027,N21,VIIRS,n,2.0NRT,284.62,2.17,N
23.16657,82.34285,318.02,0.53,0.42,2026-09-20,2027,N21,VIIRS,n,2.0NRT,285.48,3.05,N
23.16753,82.33774,303.73,0.53,0.42,2026-09-20,2027,N21,VIIRS,n,2.0NRT,284.4,1.03,N
23.66844,86.09418,303.42,0.58,0.52,2026-09-20,2027,N21,VIIRS,n,2.0NRT,284.39,1.82,N
23.67253,86.40172,298.82,0.6,0.53,2026-09-20,2027,N21,VIIRS,n,2.0NRT,278.11,1.36,N
23.67377,86.39595,297.39,0.6,0.53,2026-09-20,2027,N21,VIIRS,n,2.0NRT,277.32,1.36,N
23.67408,86.40008,301.24,0.6,0.53,2026-09-20,2027,N21,VIIRS,n,2.0NRT,277.51,1.74,N
23.67528,86.39427,306.94,0.6,0.53,2026-09-20,2027,N21,VIIRS,n,2.0NRT,278.12,2.26,N
23.67547,85.32303,302.48,0.52,0.5,2026-09-20,2027,N21,VIIRS,n,2.0NRT,282.59,0.74,N
23.67664,86.10214,303.13,0.58,0.52,2026-09-20,2027,N21,VIIRS,n,2.0NRT,285.02,1.52,N
23.67732,86.40286,300.15,0.6,0.53,2026-09-20,2027,N21,VIIRS,n,2.0NRT,279.33,1.36,N
23.67857,86.39704,307.02,0.6,0.53,2026-09-20,2027,N21,VIIRS,n,2.0NRT,279.0,1.36,N
23.67887,86.4012,299.68,0.6,0.53,2026-09-20,2027,N21,VIIRS,n,2.0NRT,278.57,1.74,N
23.6798,86.39136,303.56,0.6,0.53,2026-09-20,2027,N21,VIIRS,n,2.0NRT,278.42,1.97,N
23.68008,86.39541,303.95,0.6,0.53,2026-09-20,2027,N21,VIIRS,n,2.0NRT,278.12,2.26,N
23.68248,86.09787,301.99,0.58,0.52,2026-09-20,2027,N21,VIIRS,n,2.0NRT,284.64,4.0,N
23.68459,86.39251,304.47,0.6,0.53,2026-09-20,2027,N21,VIIRS,n,2.0NRT,278.52,2.34,N
23.69381,85.28754,298.52,0.51,0.5,2026-09-20,2027,N21,VIIRS,n,2.0NRT,280.6,0.81,N
23.69529,85.37109,313.71,0.52,0.5,2026-09-20,2027,N21,VIIRS,n,2.0NRT,283.51,2.92,N
23.69645,86.07832,307.05,0.58,0.52,2026-09-20,2027,N21,VIIRS,n,2.0NRT,281.53,2.32,N
23.70819,86.44706,304.69,0.61,0.53,2026-09-20,2027,N21,VIIRS,n,2.0NRT,282.13,1.97,N
23.71298,86.44827,305.96,0.61,0.53,2026-09-20,2027,N21,VIIRS,n,2.0NRT,282.56,3.25,N
23.7358,86.43581,299.47,0.6,0.53,2026-09-20,2027,N21,VIIRS,n,2.0NRT,279.2,0.97,N
23.7531,85.85319,297.86,0.56,0.51,2026-09-20,2027,N21,VIIRS,n,2.0NRT,274.46,1.06,N
23.75772,85.85429,297.09,0.56,0.51,2026-09-20,2027,N21,VIIRS,n,2.0NRT,272.68,1.19,N
23.77077,86.19913,301.17,0.58,0.52,2026-09-20,2027,N21,VIIRS,n,2.0NRT,280.91,1.17,N
23.77194,86.19356,305.07,0.58,0.52,2026-09-20,2027,N21,VIIRS,n,2.0NRT,280.95,1.17,N
23.77431,86.20589,298.58,0.58,0.52,2026-09-20,2027,N21,VIIRS,n,2.0NRT,278.47,2.62,N
23.77787,86.21254,308.96,0.58,0.52,2026-09-20,2027,N21,VIIRS,n,2.0NRT,279.62,2.62,N
23.77904,86.20696,319.19,0.58,0.52,2026-09-20,2027,N21,VIIRS,n,2.0NRT,278.6,2.62,N
23.79298,86.3534,304.64,0.6,0.53,2026-09-20,2027,N21,VIIRS,n,2.0NRT,277.7,2.34,N
23.79322,86.35363,305.33,0.6,0.53,2026-09-20,2027,N21,VIIRS,n,2.0NRT,277.63,2.17,N
23.80264,86.33179,309.44,0.59,0.53,2026-09-20,2027,N21,VIIRS,n,2.0NRT,283.66,2.9,N
23.80272,86.33196,311.28,0.59,0.53,2026-09-20,2027,N21,VIIRS,n,2.0NRT,283.96,2.13,N
24.18042,82.66083,302.54,0.53,0.42,2026-09-20,2027,N21,VIIRS,n,2.0NRT,287.54,1.38,N
24.19682,82.71447,316.74,0.53,0.42,2026-09-20,2027,N21,VIIRS,n,2.0NRT,290.38,2.04,N
24.44775,83.04027,305.68,0.55,0.43,2026-09-20,2027,N21,VIIRS,n,2.0NRT,292.01,1.69,N
24.57718,74.80356,304.55,0.46,0.39,2026-09-20,2027,N21,VIIRS,n,2.0NRT,292.96,0.79,N
24.57978,74.80266,304.84,0.46,0.39,2026-09-20,2027,N21,VIIRS,n,2.0NRT,293.11,1.2,N
24.71435,75.95205,308.22,0.41,0.37,2026-09-20,2027,N21,VIIRS,n,2.0NRT,294.28,1.21,N
24.76501,74.60782,310.04,0.47,0.39,2026-09-20,2027,N21,VIIRS,n,2.0NRT,293.52,1.94,N
24.82063,73.09285,305.37,0.56,0.43,2026-09-20,2027,N21,VIIRS,n,2.0NRT,295.07,1.22,N
25.38689,68.58282,305.88,0.36,0.57,2026-09-20,2027,N21,VIIRS,n,2.0NRT,292.76,3.58,N
25.43182,78.62719,315.06,0.38,0.36,2026-09-20,2027,N21,VIIRS,n,2.0NRT,292.6,1.45,N
26.63045,72.6942,339.83,0.41,0.45,2026-09-20,2027,N21,VIIRS,n,2.0NRT,296.97,6.42,N
26.70323,77.84954,308.25,0.39,0.36,2026-09-20,2027,N21,VIIRS,n,2.0NRT,293.4,2.11,N
26.7577,83.20108,306.79,0.52,0.41,2026-09-20,2027,N21,VIIRS,n,2.0NRT,290.86,2.72,N
27.66721,76.12803,310.44,0.43,0.38,2026-09-20,2027,N21,VIIRS,n,2.0NRT,295.71,1.65,N
28.32161,77.21796,304.64,0.4,0.37,2026-09-20,2027,N21,VIIRS,n,2.0NRT,294.48,0.72,N
28.34729,77.2562,311.27,0.4,0.37,2026-09-20,2027,N21,VIIRS,n,2.0NRT,295.41,1.07,N
28.34743,77.23103,313.88,0.4,0.37,2026-09-20,2027,N21,VIIRS,n,2.0NRT,294.8,1.48,N
28.37365,77.22601,304.67,0.41,0.37,2026-09-20,2027,N21,VIIRS,n,2.0NRT,294.26,0.94,N
28.42409,69.7002,307.45,0.33,0.55,2026-09-20,2027,N21,VIIRS,n,2.0NRT,296.25,0.84,N
28.74449,76.92638,308.37,0.42,0.37,2026-09-20,2027,N21,VIIRS,n,2.0NRT,294.72,0.8,N
28.85375,77.14675,309.63,0.41,0.37,2026-09-20,2027,N21,VIIRS,n,2.0NRT,294.56,0.83,N
30.44688,70.56612,306.82,0.61,0.54,2026-09-20,2027,N21,VIIRS,n,2.0NRT,294.58,2.58,N
17.13978,77.17593,307.58,0.39,0.36,2026-09-20,2029,N21,VIIRS,n,2.0NRT,290.52,0.97,N
17.14193,77.18378,306.9,0.39,0.36,2026-09-20,2029,N21,VIIRS,n,2.0NRT,290.46,0.96,N
17.14584,78.22433,303.12,0.41,0.37,2026-09-20,2029,N21,VIIRS,n,2.0NRT,289.3,0.77,N
17.60788,83.20465,313.18,0.49,0.49,2026-09-20,2029,N21,VIIRS,n,2.0NRT,290.55,2.64,N
17.61227,83.20562,309.06,0.49,0.49,2026-09-20,2029,N21,VIIRS,n,2.0NRT,289.83,2.64,N
17.95524,80.79404,309.66,0.52,0.42,2026-09-20,2029,N21,VIIRS,n,2.0NRT,284.87,1.6,N
17.95902,80.79479,303.88,0.52,0.42,2026-09-20,2029,N21,VIIRS,n,2.0NRT,284.87,1.6,N
17.98044,80.82607,306.38,0.52,0.42,2026-09-20,2029,N21,VIIRS,n,2.0NRT,287.34,1.86,N
17.98334,80.83173,304.93,0.52,0.42,2026-09-20,2029,N21,VIIRS,n,2.0NRT,287.93,1.86,N
18.6863,73.03123,313.07,0.48,0.4,2026-09-20,2029,N21,VIIRS,n,2.0NRT,292.26,3.6,N
18.69239,73.04134,316.67,0.48,0.4,2026-09-20,2029,N21,VIIRS,n,2.0NRT,293.19,4.49,N
18.70484,72.34348,323.63,0.52,0.41,2026-09-20,2029,N21,VIIRS,n,2.0NRT,293.51,4.58,N
18.71851,79.53681,313.7,0.45,0.39,2026-09-20,2029,N21,VIIRS,n,2.0NRT,292.07,2.3,N
19.28432,71.43608,310.04,0.4,0.44,2026-09-20,2029,N21,VIIRS,n,2.0NRT,294.65,2.65,N
19.41548,71.38788,320.26,0.4,0.44,2026-09-20,2029,N21,VIIRS,n,2.0NRT,294.24,2.69,N
19.96124,79.33351,296.05,0.43,0.38,2026-09-20,2029,N21,VIIRS,n,2.0NRT,268.07,0.93,N
20.70328,78.62116,311.16,0.4,0.37,2026-09-20,2029,N21,VIIRS,n,2.0NRT,286.73,1.6,N
20.95687,85.01302,305.42,0.56,0.51,2026-09-20,2029,N21,VIIRS,n,2.0NRT,289.32,2.18,N
20.96097,85.18685,324.27,0.57,0.52,2026-09-20,2029,N21,VIIRS,n,2.0NRT,289.7,3.98,N
20.96107,85.17059,310.22,0.57,0.52,2026-09-20,2029,N21,VIIRS,n,2.0NRT,289.72,1.97,N
20.96167,86.00748,334.65,0.32,0.55,2026-09-20,2029,N21,VIIRS,n,2.0NRT,280.31,3.08,N
20.96206,85.18144,311.89,0.57,0.52,2026-09-20,2029,N21,VIIRS,n,2.0NRT,289.39,3.98,N
20.96218,85.16526,312.93,0.57,0.52,2026-09-20,2029,N21,VIIRS,n,2.0NRT,289.95,1.97,N
20.96239,85.1879,330.61,0.57,0.52,2026-09-20,2029,N21,VIIRS,n,2.0NRT,290.14,6.86,N
20.96313,85.17605,306.42,0.57,0.52,2026-09-20,2029,N21,VIIRS,n,2.0NRT,289.66,3.0,N
20.96352,85.18245,316.98,0.57,0.52,2026-09-20,2029,N21,VIIRS,n,2.0NRT,289.52,3.78,N
20.9642,85.1707,313.87,0.57,0.52,2026-09-20,2029,N21,VIIRS,n,2.0NRT,289.52,3.0,N
20.96464,85.17708,307.53,0.57,0.52,2026-09-20,2029,N21,VIIRS,n,2.0NRT,289.57,3.78,N
20.96527,85.16537,315.48,0.57,0.52,2026-09-20,2029,N21,VIIRS,n,2.0NRT,289.7,4.06,N
20.96532,86.01483,306.09,0.32,0.55,2026-09-20,2029,N21,VIIRS,n,2.0NRT,280.27,5.29,N
20.96565,85.188,308.13,0.57,0.52,2026-09-20,2029,N21,VIIRS,n,2.0NRT,288.81,2.52,N
20.96574,85.17175,306.97,0.57,0.52,2026-09-20,2029,N21,VIIRS,n,2.0NRT,289.44,1.97,N
20.96595,86.0118,337.81,0.32,0.55,2026-09-20,2029,N21,VIIRS,n,2.0NRT,280.38,3.84,N
20.96685,85.16642,307.56,0.57,0.52,2026-09-20,2029,N21,VIIRS,n,2.0NRT,289.35,1.97,N
20.9674,85.15472,312.53,0.57,0.52,2026-09-20,2029,N21,VIIRS,n,2.0NRT,289.02,4.12,N
20.96781,85.17721,308.6,0.57,0.52,2026-09-20,2029,N21,VIIRS,n,2.0NRT,289.04,4.34,N
20.96786,86.00264,308.26,0.32,0.55,2026-09-20,2029,N21,VIIRS,n,2.0NRT,280.85,1.08,N
20.96887,85.17188,335.01,0.57,0.52,2026-09-20,2029,N21,VIIRS,n,2.0NRT,290.09,4.34,N
20.96897,86.02218,308.54,0.32,0.55,2026-09-20,2029,N21,VIIRS,n,2.0NRT,280.25,1.14,N
20.97017,85.15042,310.82,0.57,0.52,2026-09-20,2029,N21,VIIRS,n,2.0NRT,289.39,3.12,N
20.97041,85.1729,336.82,0.57,0.52,2026-09-20,2029,N21,VIIRS,n,2.0NRT,290.11,4.3,N
20.97087,86.01306,323.39,0.32,0.55,2026-09-20,2029,N21,VIIRS,n,2.0NRT,280.99,3.84,N
20.97277,86.00391,304.96,0.32,0.55,2026-09-20,2029,N21,VIIRS,n,2.0NRT,281.31,1.08,N
20.97354,85.17303,313.3,0.57,0.52,2026-09-20,2029,N21,VIIRS,n,2.0NRT,289.35,4.34,N
20.9746,85.16771,304.74,0.57,0.52,2026-09-20,2029,N21,VIIRS,n,2.0NRT,289.13,2.29,N
20.97508,85.17403,309.08,0.57,0.52,2026-09-20,2029,N21,VIIRS,n,2.0NRT,289.25,4.3,N
20.97618,85.16874,316.35,0.57,0.52,2026-09-20,2029,N21,VIIRS,n,2.0NRT,289.42,4.3,N
20.97813,85.1356,310.62,0.57,0.52,2026-09-20,2029,N21,VIIRS,n,2.0NRT,289.67,3.88,N
20.981,85.13559,312.27,0.57,0.52,2026-09-20,2029,N21,VIIRS,n,2.0NRT,289.62,4.61,N
20.99677,86.01292,308.67,0.32,0.55,2026-09-20,2029,N21,VIIRS,n,2.0NRT,282.19,1.15,N
20.99918,86.02635,300.8,0.32,0.55,2026-09-20,2029,N21,VIIRS,n,2.0NRT,279.13,0.23,N
21.07408,85.0474,300.82,0.56,0.51,2026-09-20,2029,N21,VIIRS,n,2.0NRT,285.78,1.05,N
21.07617,85.03699,311.55,0.56,0.51,2026-09-20,2029,N21,VIIRS,n,2.0NRT,287.87,2.39,N
21.08079,85.03812,302.17,0.56,0.51,2026-09-20,2029,N21,VIIRS,n,2.0NRT,286.93,2.39,N
21.08184,85.03285,302.79,0.56,0.51,2026-09-20,2029,N21,VIIRS,n,2.0NRT,287.25,1.74,N
21.09946,72.65231,325.74,0.53,0.42,2026-09-20,2029,N21,VIIRS,n,2.0NRT,292.07,4.59,N
21.1014,72.63703,339.84,0.53,0.42,2026-09-20,2029,N21,VIIRS,n,2.0NRT,291.99,15.69,N
21.1046,72.64269,331.21,0.53,0.42,2026-09-20,2029,N21,VIIRS,n,2.0NRT,291.43,6.99,N
21.10779,72.64835,317.05,0.53,0.42,2026-09-20,2029,N21,VIIRS,n,2.0NRT,292.2,24.76,N
21.10844,72.64324,309.98,0.53,0.42,2026-09-20,2029,N21,VIIRS,n,2.0NRT,290.59,6.99,N
21.10909,72.63815,305.26,0.53,0.42,2026-09-20,2029,N21,VIIRS,n,2.0NRT,289.73,6.99,N
21.17998,81.38701,311.31,0.51,0.41,2026-09-20,2029,N21,VIIRS,n,2.0NRT,287.87,1.98,N
21.18369,81.38779,319.98,0.51,0.41,2026-09-20,2029,N21,VIIRS,n,2.0NRT,288.15,2.3,N
21.18456,81.38302,303.85,0.51,0.41,2026-09-20,2029,N21,VIIRS,n,2.0NRT,287.07,1.23,N
21.18741,81.38857,304.87,0.51,0.41,2026-09-20,2029,N21,VIIRS,n,2.0NRT,288.19,2.3,N
21.20053,81.40128,319.26,0.51,0.41,2026-09-20,2029,N21,VIIRS,n,2.0NRT,289.18,2.87,N
21.24444,79.22401,300.26,0.41,0.37,2026-09-20,2029,N21,VIIRS,n,2.0NRT,273.27,0.98,N
21.24707,79.20837,299.78,0.41,0.37,2026-09-20,2029,N21,VIIRS,n,2.0NRT,277.06,0.48,N
21.31034,81.59297,308.0,0.52,0.41,2026-09-20,2029,N21,VIIRS,n,2.0NRT,290.11,1.0,N
21.37621,81.63931,305.12,0.52,0.41,2026-09-20,2029,N21,VIIRS,n,2.0NRT,288.72,0.9,N
21.37658,81.68021,310.31,0.52,0.42,2026-09-20,2029,N21,VIIRS,n,2.0NRT,289.65,2.12,N
21.39033,81.64738,307.86,0.52,0.41,2026-09-20,2029,N21,VIIRS,n,2.0NRT,288.91,1.38,N
21.67361,82.0803,304.7,0.54,0.42,2026-09-20,2029,N21,VIIRS,n,2.0NRT,285.36,1.04,N
21.7408,83.84259,312.3,0.46,0.47,2026-09-20,2029,N21,VIIRS,n,2.0NRT,281.39,3.14,N
21.74503,83.84361,321.51,0.46,0.47,2026-09-20,2029,N21,VIIRS,n,2.0NRT,281.05,3.14,N
21.74927,83.84463,312.61,0.46,0.47,2026-09-20,2029,N21,VIIRS,n,2.0NRT,280.55,2.54,N
21.7535,83.84566,306.84,0.46,0.47,2026-09-20,2029,N21,VIIRS,n,2.0NRT,279.88,2.54,N
21.75434,83.8413,317.3,0.46,0.47,2026-09-20,2029,N21,VIIRS,n,2.0NRT,282.09,2.54,N
21.75774,83.84663,307.11,0.46,0.47,2026-09-20,2029,N21,VIIRS,n,2.0NRT,279.44,1.71,N
21.75858,83.8423,304.18,0.46,0.47,2026-09-20,2029,N21,VIIRS,n,2.0NRT,281.39,1.71,N
21.76114,83.85198,302.39,0.46,0.47,2026-09-20,2029,N21,VIIRS,n,2.0NRT,278.0,1.43,N
21.76198,83.84761,313.7,0.46,0.47,2026-09-20,2029,N21,VIIRS,n,2.0NRT,280.2,1.71,N
21.76626,84.02072,298.97,0.47,0.47,2026-09-20,2029,N21,VIIRS,n,2.0NRT,265.06,1.7,N
21.86,83.96625,303.09,0.46,0.47,2026-09-20,2029,N21,VIIRS,n,2.0NRT,284.69,0.94,N
21.87425,83.49466,312.69,0.43,0.46,2026-09-20,2029,N21,VIIRS,n,2.0NRT,290.37,1.8,N
21.87967,83.55586,305.32,0.43,0.46,2026-09-20,2029,N21,VIIRS,n,2.0NRT,289.51,1.15,N
21.91905,83.35244,315.14,0.42,0.45,2026-09-20,2029,N21,VIIRS,n,2.0NRT,290.57,1.63,N
21.91983,83.34843,312.71,0.42,0.45,2026-09-20,2029,N21,VIIRS,n,2.0NRT,290.13,1.63,N
21.92316,83.35336,306.31,0.42,0.45,2026-09-20,2029,N21,VIIRS,n,2.0NRT,289.64,1.63,N
21.92393,83.34934,305.85,0.42,0.45,2026-09-20,2029,N21,VIIRS,n,2.0NRT,289.28,1.63,N
21.92624,83.33735,305.56,0.42,0.45,2026-09-20,2029,N21,VIIRS,n,2.0NRT,288.53,1.51,N
21.98424,83.23445,301.93,0.41,0.45,2026-09-20,2029,N21,VIIRS,n,2.0NRT,274.11,1.16,N
22.20829,70.80259,326.13,0.47,0.48,2026-09-20,2029,N21,VIIRS,n,2.0NRT,290.79,3.02,N
22.26332,75.13268,308.54,0.42,0.38,2026-09-20,2029,N21,VIIRS,n,2.0NRT,292.59,1.67,N
13.70862,79.6179,309.78,0.52,0.41,2026-09-20,2032,N21,VIIRS,n,2.0NRT,291.24,1.98,N
15.11418,76.80461,302.17,0.39,0.36,2026-09-20,2032,N21,VIIRS,n,2.0NRT,282.84,1.28,N
15.16854,76.78386,298.73,0.39,0.36,2026-09-20,2032,N21,VIIRS,n,2.0NRT,279.41,1.1,N
15.22621,76.76411,304.49,0.39,0.36,2026-09-20,2032,N21,VIIRS,n,2.0NRT,272.53,0.68,N
15.22678,76.76051,303.62,0.39,0.36,2026-09-20,2032,N21,VIIRS,n,2.0NRT,271.31,0.45,N
33.29874,71.18515,301.14,0.71,0.75,2026-09-20,2205,N21,VIIRS,n,2.0NRT,288.4,1.23,N
34.22978,71.64426,302.03,0.71,0.75,2026-09-20,2205,N21,VIIRS,n,2.0NRT,288.92,1.14,N
34.23263,71.6417,301.26,0.71,0.75,2026-09-20,2205,N21,VIIRS,n,2.0NRT,288.84,1.29,N
25.14705,96.90153,336.13,0.36,0.58,2026-09-21,601,N21,VIIRS,n,2.0NRT,291.9,4.08,D
7.1834,81.08911,330.57,0.56,0.43,2026-09-21,737,N21,VIIRS,n,2.0NRT,286.94,6.72,D
8.06755,81.02438,337.94,0.55,0.43,2026-09-21,737,N21,VIIRS,n,2.0NRT,295.8,10.94,D
8.24867,80.68402,337.72,0.38,0.43,2026-09-21,737,N21,VIIRS,n,2.0NRT,293.64,1.82,D
8.2546,80.52235,341.03,0.39,0.44,2026-09-21,737,N21,VIIRS,n,2.0NRT,297.59,9.78,D
8.32755,80.79437,331.4,0.56,0.43,2026-09-21,737,N21,VIIRS,n,2.0NRT,295.28,3.7,D
8.35669,81.28923,335.25,0.53,0.42,2026-09-21,737,N21,VIIRS,l,2.0NRT,296.73,13.8,D
8.35746,81.29395,346.1,0.53,0.42,2026-09-21,737,N21,VIIRS,n,2.0NRT,298.11,21.47,D
8.69127,80.45773,350.58,0.39,0.44,2026-09-21,737,N21,VIIRS,n,2.0NRT,295.19,12.2,D
8.69526,80.45707,330.87,0.39,0.44,2026-09-21,737,N21,VIIRS,n,2.0NRT,294.76,4.72,D
8.85044,81.00623,332.13,0.54,0.42,2026-09-21,737,N21,VIIRS,n,2.0NRT,290.75,9.54,D
8.96436,80.84491,332.63,0.55,0.43,2026-09-21,737,N21,VIIRS,n,2.0NRT,293.81,3.97,D
8.96516,80.84984,333.65,0.55,0.43,2026-09-21,737,N21,VIIRS,n,2.0NRT,294.81,4.63,D
13.34372,77.71157,336.99,0.49,0.49,2026-09-21,739,N21,VIIRS,n,2.0NRT,293.54,5.53,D
13.3439,77.7095,336.95,0.49,0.49,2026-09-21,739,N21,VIIRS,n,2.0NRT,294.03,10.02,D
16.46017,79.59351,336.5,0.51,0.41,2026-09-21,739,N21,VIIRS,n,2.0NRT,294.68,4.8,D
19.09864,82.16747,325.26,0.39,0.36,2026-09-21,739,N21,VIIRS,n,2.0NRT,288.41,3.3,D
19.36737,71.35284,343.63,0.5,0.66,2026-09-21,741,N21,VIIRS,n,2.0NRT,292.4,10.18,D
19.37156,71.35397,345.08,0.5,0.65,2026-09-21,741,N21,VIIRS,n,2.0NRT,292.34,8.08,D
21.10234,72.63669,336.55,0.38,0.59,2026-09-21,741,N21,VIIRS,n,2.0NRT,287.54,5.05,D
21.10388,72.64375,330.75,0.38,0.58,2026-09-21,741,N21,VIIRS,n,2.0NRT,287.27,3.98,D
21.10465,72.64726,330.13,0.38,0.58,2026-09-21,741,N21,VIIRS,n,2.0NRT,287.18,3.98,D
22.35741,82.30368,341.82,0.38,0.36,2026-09-21,741,N21,VIIRS,n,2.0NRT,293.71,6.64,D
22.36069,82.3031,331.27,0.38,0.36,2026-09-21,741,N21,VIIRS,n,2.0NRT,291.41,3.32,D
22.37756,87.27816,333.08,0.57,0.43,2026-09-21,741,N21,VIIRS,n,2.0NRT,287.59,7.99,D
23.7801,86.20921,334.98,0.51,0.41,2026-09-21,741,N21,VIIRS,n,2.0NRT,285.08,4.75,D
25.6086,81.3716,331.48,0.38,0.36,2026-09-21,741,N21,VIIRS,n,2.0NRT,297.84,4.61,D
28.05381,69.36601,341.29,0.42,0.61,2026-09-21,744,N21,VIIRS,n,2.0NRT,300.04,7.21,D
29.45939,70.44005,332.64,0.34,0.56,2026-09-21,744,N21,VIIRS,n,2.0NRT,298.35,3.15,D
30.61273,74.19788,330.99,0.39,0.44,2026-09-21,744,N21,VIIRS,n,2.0NRT,302.48,2.79,D
30.76208,73.77964,355.06,0.41,0.45,2026-09-21,744,N21,VIIRS,n,2.0NRT,303.09,11.68,D
30.76568,73.77885,344.18,0.41,0.45,2026-09-21,744,N21,VIIRS,n,2.0NRT,301.6,6.73,D
30.7916,73.78076,334.51,0.41,0.45,2026-09-21,744,N21,VIIRS,n,2.0NRT,302.97,3.58,D
31.00521,74.10301,332.27,0.39,0.44,2026-09-21,744,N21,VIIRS,n,2.0NRT,300.91,2.68,D
31.08236,74.53252,334.26,0.56,0.43,2026-09-21,744,N21,VIIRS,n,2.0NRT,301.55,4.5,D
31.37966,75.87103,330.28,0.48,0.4,2026-09-21,744,N21,VIIRS,l,2.0NRT,303.25,3.17,D
31.41062,75.89199,333.13,0.47,0.4,2026-09-21,744,N21,VIIRS,n,2.0NRT,303.32,2.19,D
31.54041,74.82538,332.99,0.53,0.42,2026-09-21,744,N21,VIIRS,n,2.0NRT,301.27,9.9,D
31.61634,74.78844,335.96,0.53,0.42,2026-09-21,744,N21,VIIRS,n,2.0NRT,301.67,8.19,D
31.73483,72.59607,339.28,0.46,0.47,2026-09-21,744,N21,VIIRS,n,2.0NRT,298.01,5.6,D
31.73558,72.59359,344.25,0.46,0.47,2026-09-21,744,N21,VIIRS,n,2.0NRT,298.17,7.71,D
31.87637,74.75331,332.48,0.52,0.42,2026-09-21,744,N21,VIIRS,n,2.0NRT,299.87,5.54,D
32.26401,76.9227,330.65,0.42,0.38,2026-09-21,744,N21,VIIRS,n,2.0NRT,299.12,5.38,D
32.27015,75.38077,340.57,0.48,0.4,2026-09-21,744,N21,VIIRS,n,2.0NRT,304.7,6.53,D
33.49782,70.3599,334.68,0.56,0.51,2026-09-21,746,N21,VIIRS,n,2.0NRT,300.31,5.32,D
33.80694,74.9392,326.91,0.48,0.4,2026-09-21,746,N21,VIIRS,l,2.0NRT,301.61,2.26,D
24.81771,68.0358,339.01,0.49,0.65,2026-09-21,924,N21,VIIRS,n,2.0NRT,299.81,8.52,D
24.81807,68.04063,350.7,0.49,0.65,2026-09-21,924,N21,VIIRS,n,2.0NRT,302.05,8.52,D
25.54271,91.23767,297.4,0.56,0.51,2026-09-21,2008,N21,VIIRS,n,2.0NRT,285.08,1.06,N
28.32421,77.21941,307.0,0.44,0.46,2026-09-21,2008,N21,VIIRS,n,2.0NRT,294.35,0.83,N
28.34553,77.25648,310.56,0.44,0.46,2026-09-21,2008,N21,VIIRS,n,2.0NRT,295.4,1.55,N
28.34582,77.25885,307.28,0.44,0.46,2026-09-21,2008,N21,VIIRS,n,2.0NRT,294.92,1.03,N
28.37057,77.22333,309.79,0.44,0.46,2026-09-21,2008,N21,VIIRS,n,2.0NRT,294.52,1.56,N
29.45567,76.86561,314.3,0.48,0.48,2026-09-21,2008,N21,VIIRS,n,2.0NRT,295.99,2.55,N
29.45567,76.8684,311.45,0.48,0.48,2026-09-21,2008,N21,VIIRS,n,2.0NRT,295.74,1.5,N
30.36292,77.82095,303.72,0.43,0.46,2026-09-21,2008,N21,VIIRS,n,2.0NRT,292.03,0.82,N
31.26016,76.92526,302.15,0.5,0.49,2026-09-21,2008,N21,VIIRS,n,2.0NRT,290.81,1.03,N
31.76721,70.10755,306.43,0.65,0.73,2026-09-21,2008,N21,VIIRS,n,2.0NRT,291.29,1.0,N
32.29828,74.3151,303.62,0.37,0.58,2026-09-21,2008,N21,VIIRS,n,2.0NRT,293.51,1.61,N
32.57474,72.56285,307.57,0.47,0.64,2026-09-21,2008,N21,VIIRS,n,2.0NRT,294.53,2.33,N
32.5764,72.56184,309.78,0.47,0.64,2026-09-21,2008,N21,VIIRS,n,2.0NRT,294.73,2.48,N
19.78837,79.06341,304.03,0.43,0.38,2026-09-21,2010,N21,VIIRS,n,2.0NRT,284.44,0.84,N
19.9297,79.12076,297.31,0.43,0.38,2026-09-21,2010,N21,VIIRS,n,2.0NRT,269.09,0.4,N
19.96334,79.33304,312.05,0.42,0.38,2026-09-21,2010,N21,VIIRS,n,2.0NRT,282.28,1.33,N
21.01443,75.81497,337.42,0.44,0.46,2026-09-21,2010,N21,VIIRS,n,2.0NRT,282.93,4.31,N
21.09934,72.63538,337.37,0.35,0.57,2026-09-21,2010,N21,VIIRS,n,2.0NRT,288.03,3.76,N
21.10283,72.65279,305.71,0.35,0.57,2026-09-21,2010,N21,VIIRS,n,2.0NRT,288.43,2.42,N
21.10353,72.64609,352.73,0.35,0.57,2026-09-21,2010,N21,VIIRS,n,2.0NRT,288.62,9.61,N
21.10387,72.64271,306.32,0.35,0.57,2026-09-21,2010,N21,VIIRS,n,2.0NRT,287.93,8.42,N
21.10457,72.63596,315.04,0.35,0.57,2026-09-21,2010,N21,VIIRS,n,2.0NRT,287.79,3.76,N
21.10875,72.64665,315.42,0.35,0.57,2026-09-21,2010,N21,VIIRS,n,2.0NRT,288.48,3.16,N
21.11014,72.63313,309.43,0.35,0.57,2026-09-21,2010,N21,VIIRS,n,2.0NRT,287.63,3.34,N
21.18128,81.38824,308.78,0.39,0.36,2026-09-21,2010,N21,VIIRS,n,2.0NRT,292.36,2.51,N
21.18185,81.38454,312.37,0.39,0.36,2026-09-21,2010,N21,VIIRS,n,2.0NRT,291.69,3.04,N
21.18458,81.3888,306.3,0.39,0.36,2026-09-21,2010,N21,VIIRS,n,2.0NRT,291.98,1.82,N
21.18732,81.39306,328.33,0.39,0.36,2026-09-21,2010,N21,VIIRS,n,2.0NRT,291.86,1.82,N
21.18788,81.38937,313.11,0.39,0.36,2026-09-21,2010,N21,VIIRS,n,2.0NRT,291.47,1.82,N
21.19118,81.38993,309.83,0.39,0.36,2026-09-21,2010,N21,VIIRS,n,2.0NRT,291.37,2.55,N
21.19713,81.41745,301.78,0.39,0.36,2026-09-21,2010,N21,VIIRS,n,2.0NRT,287.87,1.0,N
21.23955,81.3866,304.93,0.39,0.36,2026-09-21,2010,N21,VIIRS,n,2.0NRT,291.69,1.88,N
21.2409,79.22977,301.19,0.44,0.38,2026-09-21,2010,N21,VIIRS,n,2.0NRT,282.72,0.42,N
21.24148,79.22558,302.43,0.44,0.38,2026-09-21,2010,N21,VIIRS,n,2.0NRT,284.7,1.18,N
21.24556,79.22195,308.58,0.44,0.38,2026-09-21,2010,N21,VIIRS,n,2.0NRT,288.05,1.18,N
21.24731,79.20937,306.56,0.44,0.38,2026-09-21,2010,N21,VIIRS,n,2.0NRT,288.71,0.95,N
21.31052,81.59121,298.65,0.39,0.36,2026-09-21,2010,N21,VIIRS,n,2.0NRT,287.8,0.72,N
21.33507,78.96718,317.05,0.45,0.39,2026-09-21,2010,N21,VIIRS,n,2.0NRT,291.24,3.37,N
21.34204,81.67223,309.85,0.38,0.36,2026-09-21,2010,N21,VIIRS,n,2.0NRT,291.7,2.83,N
21.34646,81.66545,314.93,0.38,0.36,2026-09-21,2010,N21,VIIRS,n,2.0NRT,292.07,3.23,N
21.67675,84.03892,305.0,0.41,0.37,2026-09-21,2010,N21,VIIRS,n,2.0NRT,266.33,0.64,N
21.68013,84.03957,299.64,0.41,0.37,2026-09-21,2010,N21,VIIRS,n,2.0NRT,264.79,0.52,N
21.73065,82.21604,306.29,0.38,0.36,2026-09-21,2010,N21,VIIRS,n,2.0NRT,290.76,1.96,N
21.74098,83.84258,304.26,0.4,0.37,2026-09-21,2010,N21,VIIRS,n,2.0NRT,283.18,0.87,N
21.74433,83.84324,307.19,0.4,0.37,2026-09-21,2010,N21,VIIRS,n,2.0NRT,283.16,0.87,N
21.74769,83.84389,330.74,0.4,0.37,2026-09-21,2010,N21,VIIRS,n,2.0NRT,284.76,3.94,N
21.7517,83.84066,301.53,0.4,0.37,2026-09-21,2010,N21,VIIRS,n,2.0NRT,281.94,2.12,N
21.75441,83.84519,320.87,0.4,0.37,2026-09-21,2010,N21,VIIRS,n,2.0NRT,283.73,2.79,N
21.75505,83.84132,308.49,0.4,0.37,2026-09-21,2010,N21,VIIRS,n,2.0NRT,282.3,2.26,N
21.75566,84.02585,311.41,0.41,0.37,2026-09-21,2010,N21,VIIRS,n,2.0NRT,280.04,2.96,N
21.75891,83.81811,300.52,0.4,0.37,2026-09-21,2010,N21,VIIRS,n,2.0NRT,279.93,0.6,N
21.76049,83.85035,308.62,0.4,0.37,2026-09-21,2010,N21,VIIRS,n,2.0NRT,284.79,1.24,N
21.76113,83.84648,312.99,0.4,0.37,2026-09-21,2010,N21,VIIRS,n,2.0NRT,284.61,1.24,N
21.76371,84.01935,309.28,0.41,0.37,2026-09-21,2010,N21,VIIRS,n,2.0NRT,279.52,2.09,N
21.76385,83.851,309.92,0.4,0.37,2026-09-21,2010,N21,VIIRS,n,2.0NRT,285.23,1.24,N
21.76449,83.84712,309.17,0.4,0.37,2026-09-21,2010,N21,VIIRS,n,2.0NRT,285.0,1.24,N
21.76709,84.02,312.21,0.41,0.37,2026-09-21,2010,N21,VIIRS,n,2.0NRT,277.94,2.26,N
21.82103,83.997,302.29,0.41,0.37,2026-09-21,2010,N21,VIIRS,n,2.0NRT,280.74,1.3,N
21.85721,83.96783,299.55,0.41,0.37,2026-09-21,2010,N21,VIIRS,n,2.0NRT,279.63,0.47,N
21.91746,83.35208,305.61,0.39,0.36,2026-09-21,2010,N21,VIIRS,n,2.0NRT,289.26,2.17,N
21.92078,83.35271,321.07,0.39,0.36,2026-09-21,2010,N21,VIIRS,n,2.0NRT,290.88,2.17,N
21.92139,83.34894,327.97,0.39,0.36,2026-09-21,2010,N21,VIIRS,n,2.0NRT,291.3,2.17,N
21.9241,83.35332,310.06,0.39,0.36,2026-09-21,2010,N21,VIIRS,n,2.0NRT,289.25,1.85,N
21.92656,83.33826,318.19,0.39,0.36,2026-09-21,2010,N21,VIIRS,n,2.0NRT,290.53,2.16,N
21.95453,83.80973,303.41,0.4,0.37,2026-09-21,2010,N21,VIIRS,n,2.0NRT,286.93,0.47,N
21.95581,83.80202,303.72,0.4,0.37,2026-09-21,2010,N21,VIIRS,n,2.0NRT,287.39,1.17,N
21.96428,83.77188,308.74,0.4,0.37,2026-09-21,2010,N21,VIIRS,n,2.0NRT,290.0,1.77,N
21.98468,83.23296,324.85,0.39,0.36,2026-09-21,2010,N21,VIIRS,n,2.0NRT,291.31,3.73,N
22.00384,82.66959,321.33,0.39,0.36,2026-09-21,2010,N21,VIIRS,n,2.0NRT,290.37,2.63,N
22.01559,83.75394,305.04,0.4,0.37,2026-09-21,2010,N21,VIIRS,n,2.0NRT,286.94,0.69,N
22.0313,83.36494,310.92,0.39,0.36,2026-09-21,2010,N21,VIIRS,n,2.0NRT,286.48,1.7,N
22.03647,83.35423,309.27,0.39,0.36,2026-09-21,2010,N21,VIIRS,n,2.0NRT,287.47,1.57,N
22.03708,83.35046,313.07,0.39,0.36,2026-09-21,2010,N21,VIIRS,n,2.0NRT,287.72,1.66,N
22.03836,83.7344,304.11,0.4,0.37,2026-09-21,2010,N21,VIIRS,n,2.0NRT,285.48,1.69,N
22.039,83.73057,321.39,0.4,0.37,2026-09-21,2010,N21,VIIRS,n,2.0NRT,286.9,1.69,N
22.06415,83.70377,311.18,0.4,0.37,2026-09-21,2010,N21,VIIRS,n,2.0NRT,286.23,1.56,N
22.08868,83.11671,301.87,0.39,0.36,2026-09-21,2010,N21,VIIRS,n,2.0NRT,276.56,0.53,N
22.20691,84.5508,302.68,0.42,0.38,2026-09-21,2010,N21,VIIRS,n,2.0NRT,279.92,0.74,N
22.26369,75.13137,307.37,0.5,0.49,2026-09-21,2010,N21,VIIRS,n,2.0NRT,292.4,2.2,N
22.31666,82.5628,307.49,0.38,0.36,2026-09-21,2010,N21,VIIRS,n,2.0NRT,289.24,1.87,N
22.31724,82.55909,310.07,0.38,0.36,2026-09-21,2010,N21,VIIRS,n,2.0NRT,289.45,1.87,N
22.31995,82.56339,314.05,0.38,0.36,2026-09-21,2010,N21,VIIRS,n,2.0NRT,290.19,1.87,N
22.32245,82.59045,328.7,0.38,0.36,2026-09-21,2010,N21,VIIRS,n,2.0NRT,286.91,2.04,N
22.32303,82.58677,304.45,0.38,0.36,2026-09-21,2010,N21,VIIRS,n,2.0NRT,287.16,2.04,N
22.33078,82.60661,305.73,0.38,0.36,2026-09-21,2010,N21,VIIRS,n,2.0NRT,286.32,1.07,N
22.35723,82.30431,302.61,0.38,0.36,2026-09-21,2010,N21,VIIRS,n,2.0NRT,285.01,1.16,N
22.35781,82.30061,302.34,0.38,0.36,2026-09-21,2010,N21,VIIRS,n,2.0NRT,283.69,0.48,N
23.16317,82.33659,311.72,0.38,0.36,2026-09-21,2010,N21,VIIRS,n,2.0NRT,279.54,1.75,N
23.16531,82.34461,300.86,0.38,0.36,2026-09-21,2010,N21,VIIRS,n,2.0NRT,278.48,1.4,N
23.16588,82.3409,321.37,0.38,0.36,2026-09-21,2010,N21,VIIRS,n,2.0NRT,279.97,1.4,N
23.3151,70.19904,304.85,0.54,0.68,2026-09-21,2010,N21,VIIRS,n,2.0NRT,293.04,1.39,N
23.55684,87.23903,299.99,0.53,0.42,2026-09-21,2010,N21,VIIRS,n,2.0NRT,273.93,1.67,N
23.56063,87.23987,315.07,0.53,0.42,2026-09-21,2010,N21,VIIRS,n,2.0NRT,275.48,1.67,N
23.63162,86.83433,300.79,0.51,0.41,2026-09-21,2010,N21,VIIRS,n,2.0NRT,277.45,0.78,N
23.64816,85.43697,322.94,0.44,0.38,2026-09-21,2010,N21,VIIRS,n,2.0NRT,291.67,3.14,N
23.65076,86.79293,300.84,0.5,0.41,2026-09-21,2010,N21,VIIRS,n,2.0NRT,279.19,0.73,N
23.65322,85.34624,305.12,0.43,0.38,2026-09-21,2010,N21,VIIRS,n,2.0NRT,291.12,1.19,N
23.65719,85.50924,305.24,0.44,0.38,2026-09-21,2010,N21,VIIRS,n,2.0NRT,289.61,1.32,N
23.66453,84.99822,305.64,0.42,0.38,2026-09-21,2010,N21,VIIRS,n,2.0NRT,291.05,1.38,N
23.66786,86.09096,311.48,0.47,0.39,2026-09-21,2010,N21,VIIRS,n,2.0NRT,290.12,1.44,N
23.67323,86.39851,305.07,0.48,0.4,2026-09-21,2010,N21,VIIRS,n,2.0NRT,286.71,2.99,N
23.67495,85.32458,311.64,0.43,0.38,2026-09-21,2010,N21,VIIRS,n,2.0NRT,291.02,1.59,N
23.67581,86.088,308.79,0.47,0.39,2026-09-21,2010,N21,VIIRS,n,2.0NRT,290.06,1.53,N
23.67661,86.0835,308.74,0.47,0.39,2026-09-21,2010,N21,VIIRS,n,2.0NRT,290.41,1.44,N
23.67687,86.39925,322.5,0.48,0.4,2026-09-21,2010,N21,VIIRS,n,2.0NRT,288.37,2.99,N
23.67772,86.3946,318.59,0.48,0.4,2026-09-21,2010,N21,VIIRS,n,2.0NRT,286.85,3.63,N
23.68018,86.08427,312.02,0.47,0.39,2026-09-21,2010,N21,VIIRS,n,2.0NRT,290.2,2.43,N
23.68135,86.39536,315.86,0.48,0.4,2026-09-21,2010,N21,VIIRS,n,2.0NRT,287.57,2.29,N
23.68216,86.09404,313.74,0.47,0.39,2026-09-21,2010,N21,VIIRS,n,2.0NRT,289.79,2.49,N
23.68498,86.39612,307.98,0.48,0.4,2026-09-21,2010,N21,VIIRS,n,2.0NRT,286.31,2.29,N
23.68582,86.39151,323.38,0.48,0.4,2026-09-21,2010,N21,VIIRS,n,2.0NRT,287.61,2.29,N
23.6941,85.35901,306.71,0.43,0.38,2026-09-21,2010,N21,VIIRS,n,2.0NRT,290.63,1.03,N
23.69532,85.28979,317.71,0.43,0.38,2026-09-21,2010,N21,VIIRS,n,2.0NRT,291.43,2.6,N
23.69538,85.37235,314.55,0.44,0.38,2026-09-21,2010,N21,VIIRS,n,2.0NRT,291.36,1.36,N
23.69611,85.36813,311.25,0.44,0.38,2026-09-21,2010,N21,VIIRS,n,2.0NRT,291.02,1.78,N
23.70925,86.44958,315.66,0.48,0.4,2026-09-21,2010,N21,VIIRS,n,2.0NRT,288.25,2.9,N
23.71289,86.45036,319.57,0.48,0.4,2026-09-21,2010,N21,VIIRS,n,2.0NRT,288.41,2.9,N
23.71428,86.42168,305.87,0.48,0.4,2026-09-21,2010,N21,VIIRS,n,2.0NRT,287.76,1.81,N
23.7182,86.44182,306.87,0.48,0.4,2026-09-21,2010,N21,VIIRS,n,2.0NRT,287.91,1.4,N
23.71905,85.00783,309.68,0.42,0.38,2026-09-21,2010,N21,VIIRS,n,2.0NRT,290.97,1.27,N
23.72267,86.43794,306.91,0.48,0.4,2026-09-21,2010,N21,VIIRS,n,2.0NRT,288.08,1.4,N
23.73441,86.43563,308.44,0.48,0.4,2026-09-21,2010,N21,VIIRS,n,2.0NRT,288.74,1.86,N
23.73524,86.43097,310.55,0.48,0.4,2026-09-21,2010,N21,VIIRS,n,2.0NRT,288.67,1.86,N
23.73804,86.43641,315.71,0.48,0.4,2026-09-21,2010,N21,VIIRS,n,2.0NRT,288.89,1.86,N
23.73887,86.43174,316.61,0.48,0.4,2026-09-21,2010,N21,VIIRS,n,2.0NRT,289.11,1.86,N
23.74028,85.00788,307.84,0.42,0.38,2026-09-21,2010,N21,VIIRS,n,2.0NRT,292.72,1.59,N
23.75309,86.41544,309.31,0.48,0.4,2026-09-21,2010,N21,VIIRS,n,2.0NRT,289.6,1.97,N
23.7533,85.85352,311.76,0.45,0.39,2026-09-21,2010,N21,VIIRS,n,2.0NRT,292.16,2.13,N
23.75359,85.85553,310.48,0.45,0.39,2026-09-21,2010,N21,VIIRS,n,2.0NRT,291.64,2.03,N
23.75435,85.85116,305.56,0.45,0.39,2026-09-21,2010,N21,VIIRS,n,2.0NRT,291.46,1.49,N
23.75685,85.85423,311.97,0.45,0.39,2026-09-21,2010,N21,VIIRS,n,2.0NRT,292.43,2.19,N
23.75919,86.40231,331.19,0.48,0.4,2026-09-21,2010,N21,VIIRS,n,2.0NRT,290.61,3.4,N
23.75922,86.40421,317.35,0.48,0.4,2026-09-21,2010,N21,VIIRS,n,2.0NRT,289.99,3.38,N
23.75959,85.85938,311.86,0.45,0.39,2026-09-21,2010,N21,VIIRS,n,2.0NRT,291.23,2.19,N
23.76001,86.39771,307.59,0.48,0.4,2026-09-21,2010,N21,VIIRS,n,2.0NRT,289.89,3.4,N
23.76007,86.39961,319.62,0.48,0.4,2026-09-21,2010,N21,VIIRS,n,2.0NRT,290.49,2.19,N
23.76282,86.40308,329.0,0.48,0.4,2026-09-21,2010,N21,VIIRS,n,2.0NRT,290.68,4.69,N
23.76285,86.40498,328.31,0.48,0.4,2026-09-21,2010,N21,VIIRS,n,2.0NRT,290.9,3.38,N
23.76369,86.40038,306.26,0.48,0.4,2026-09-21,2010,N21,VIIRS,n,2.0NRT,289.94,2.19,N
23.76446,86.39385,312.1,0.48,0.4,2026-09-21,2010,N21,VIIRS,n,2.0NRT,291.62,4.16,N
23.76454,86.39577,308.67,0.48,0.4,2026-09-21,2010,N21,VIIRS,n,2.0NRT,290.99,2.19,N
23.76645,86.40387,326.37,0.48,0.4,2026-09-21,2010,N21,VIIRS,n,2.0NRT,290.88,4.69,N
23.76647,86.40576,317.47,0.48,0.4,2026-09-21,2010,N21,VIIRS,n,2.0NRT,290.59,2.91,N
23.76732,86.40115,316.39,0.48,0.4,2026-09-21,2010,N21,VIIRS,n,2.0NRT,290.94,3.68,N
23.76987,86.19504,305.56,0.47,0.4,2026-09-21,2010,N21,VIIRS,n,2.0NRT,290.87,2.15,N
23.77184,86.2049,306.41,0.47,0.4,2026-09-21,2010,N21,VIIRS,n,2.0NRT,291.67,1.19,N
23.77265,86.20034,308.71,0.47,0.4,2026-09-21,2010,N21,VIIRS,n,2.0NRT,291.72,1.19,N
23.77302,86.36683,307.11,0.48,0.4,2026-09-21,2010,N21,VIIRS,n,2.0NRT,290.28,2.27,N
23.77346,86.19579,319.08,0.47,0.4,2026-09-21,2010,N21,VIIRS,n,2.0NRT,292.07,2.15,N
23.77383,86.36223,322.9,0.48,0.4,2026-09-21,2010,N21,VIIRS,n,2.0NRT,290.9,2.27,N
23.77408,86.36422,326.64,0.48,0.4,2026-09-21,2010,N21,VIIRS,n,2.0NRT,291.3,5.12,N
23.77463,86.21017,311.41,0.47,0.4,2026-09-21,2010,N21,VIIRS,n,2.0NRT,292.27,2.86,N
23.77491,86.00018,305.43,0.46,0.39,2026-09-21,2010,N21,VIIRS,n,2.0NRT,290.93,0.97,N
23.77571,85.99569,306.48,0.46,0.39,2026-09-21,2010,N21,VIIRS,n,2.0NRT,291.53,0.97,N
23.77711,86.38877,314.95,0.48,0.4,2026-09-21,2010,N21,VIIRS,n,2.0NRT,290.69,1.83,N
23.77794,86.1497,306.98,0.47,0.4,2026-09-21,2010,N21,VIIRS,n,2.0NRT,290.69,0.96,N
23.77823,86.2109,328.68,0.47,0.4,2026-09-21,2010,N21,VIIRS,n,2.0NRT,293.03,2.86,N
23.77964,86.37495,310.94,0.48,0.4,2026-09-21,2010,N21,VIIRS,n,2.0NRT,290.35,2.82,N
23.77989,86.39419,307.72,0.48,0.4,2026-09-21,2010,N21,VIIRS,n,2.0NRT,290.85,1.83,N
23.78074,86.38954,314.05,0.48,0.4,2026-09-21,2010,N21,VIIRS,n,2.0NRT,290.73,1.83,N
23.78082,85.57337,309.73,0.44,0.39,2026-09-21,2010,N21,VIIRS,n,2.0NRT,292.25,2.43,N
23.78106,86.3466,309.87,0.48,0.4,2026-09-21,2010,N21,VIIRS,n,2.0NRT,290.47,2.59,N
23.78183,86.21165,318.92,0.47,0.4,2026-09-21,2010,N21,VIIRS,n,2.0NRT,292.11,2.03,N
23.78551,86.34277,305.81,0.48,0.4,2026-09-21,2010,N21,VIIRS,n,2.0NRT,289.79,1.27,N
23.78802,85.55267,312.81,0.44,0.38,2026-09-21,2010,N21,VIIRS,n,2.0NRT,291.92,1.9,N
23.79296,86.23298,305.51,0.47,0.4,2026-09-21,2010,N21,VIIRS,n,2.0NRT,291.36,2.2,N
23.79389,86.2352,311.27,0.47,0.4,2026-09-21,2010,N21,VIIRS,n,2.0NRT,292.19,1.87,N
23.79468,86.35425,326.85,0.48,0.4,2026-09-21,2010,N21,VIIRS,n,2.0NRT,291.12,3.48,N
23.79913,86.35044,309.44,0.48,0.4,2026-09-21,2010,N21,VIIRS,n,2.0NRT,290.4,1.66,N
23.80248,86.33199,332.52,0.48,0.4,2026-09-21,2010,N21,VIIRS,n,2.0NRT,292.15,4.99,N
23.80331,86.32742,323.09,0.48,0.4,2026-09-21,2010,N21,VIIRS,n,2.0NRT,292.43,4.99,N
23.80414,86.32286,326.55,0.48,0.4,2026-09-21,2010,N21,VIIRS,n,2.0NRT,291.02,4.9,N
23.82062,85.49596,308.33,0.44,0.38,2026-09-21,2010,N21,VIIRS,n,2.0NRT,293.18,1.31,N
23.8241,85.49668,306.14,0.44,0.38,2026-09-21,2010,N21,VIIRS,n,2.0NRT,292.61,1.31,N
23.82601,84.94005,306.21,0.42,0.38,2026-09-21,2010,N21,VIIRS,n,2.0NRT,291.75,1.09,N
23.83628,85.46846,306.04,0.44,0.38,2026-09-21,2010,N21,VIIRS,n,2.0NRT,292.91,1.08,N
23.83794,85.30484,303.92,0.43,0.38,2026-09-21,2010,N21,VIIRS,n,2.0NRT,290.67,0.49,N
23.8414,85.30556,304.11,0.43,0.38,2026-09-21,2010,N21,VIIRS,n,2.0NRT,290.4,0.49,N
23.9264,85.34264,306.19,0.43,0.38,2026-09-21,2010,N21,VIIRS,n,2.0NRT,290.91,0.78,N
23.98962,79.39307,307.24,0.46,0.39,2026-09-21,2010,N21,VIIRS,n,2.0NRT,290.59,1.26,N
24.00917,80.52937,305.22,0.42,0.37,2026-09-21,2010,N21,VIIRS,n,2.0NRT,291.94,0.99,N
24.0534,80.61423,309.9,0.41,0.37,2026-09-21,2010,N21,VIIRS,n,2.0NRT,292.13,1.71,N
24.11343,86.85942,306.81,0.5,0.41,2026-09-21,2010,N21,VIIRS,n,2.0NRT,292.3,2.42,N
24.11542,86.85728,306.52,0.5,0.41,2026-09-21,2010,N21,VIIRS,n,2.0NRT,292.15,2.2,N
24.15388,82.59841,307.86,0.38,0.36,2026-09-21,2010,N21,VIIRS,n,2.0NRT,290.8,1.04,N
24.16241,82.63071,308.19,0.38,0.36,2026-09-21,2010,N21,VIIRS,n,2.0NRT,291.14,1.07,N
24.18125,82.64562,306.94,0.38,0.36,2026-09-21,2010,N21,VIIRS,n,2.0NRT,291.03,1.18,N
24.18221,82.6612,309.38,0.38,0.36,2026-09-21,2010,N21,VIIRS,n,2.0NRT,291.35,1.43,N
24.19706,82.71785,322.36,0.38,0.36,2026-09-21,2010,N21,VIIRS,n,2.0NRT,291.48,1.55,N
24.19765,82.71411,310.52,0.38,0.36,2026-09-21,2010,N21,VIIRS,n,2.0NRT,291.33,1.62,N
24.20152,82.71098,308.28,0.38,0.36,2026-09-21,2010,N21,VIIRS,n,2.0NRT,291.54,1.85,N
24.20539,82.70784,308.31,0.38,0.36,2026-09-21,2010,N21,VIIRS,n,2.0NRT,291.5,1.15,N
24.20637,82.52707,304.66,0.38,0.36,2026-09-21,2010,N21,VIIRS,n,2.0NRT,287.08,0.46,N
24.32531,81.32692,309.92,0.4,0.37,2026-09-21,2010,N21,VIIRS,n,2.0NRT,291.99,1.3,N
24.71657,75.95193,305.83,0.48,0.48,2026-09-21,2010,N21,VIIRS,n,2.0NRT,294.26,1.59,N
24.76303,74.60761,309.17,0.58,0.52,2026-09-21,2010,N21,VIIRS,n,2.0NRT,295.9,2.56,N
24.76334,74.60646,311.31,0.58,0.52,2026-09-21,2010,N21,VIIRS,n,2.0NRT,295.37,2.96,N
25.03644,87.38693,309.13,0.51,0.41,2026-09-21,2010,N21,VIIRS,n,2.0NRT,292.71,1.28,N
25.3119,83.01425,307.74,0.38,0.36,2026-09-21,2010,N21,VIIRS,n,2.0NRT,292.82,0.99,N
25.38842,68.57887,306.56,0.72,0.75,2026-09-21,2010,N21,VIIRS,n,2.0NRT,292.88,2.14,N
26.70306,77.84921,311.56,0.39,0.44,2026-09-21,2010,N21,VIIRS,n,2.0NRT,294.73,1.41,N
26.75842,83.19946,316.08,0.38,0.36,2026-09-21,2010,N21,VIIRS,n,2.0NRT,293.5,1.72,N
26.7617,83.20009,306.84,0.38,0.36,2026-09-21,2010,N21,VIIRS,n,2.0NRT,292.57,0.5,N
28.0496,69.36619,306.06,0.67,0.74,2026-09-21,2010,N21,VIIRS,n,2.0NRT,295.48,1.71,N
19.37045,71.355,316.1,0.41,0.61,2026-09-21,2012,N21,VIIRS,n,2.0NRT,289.36,2.28,N
19.37083,71.35111,316.91,0.41,0.61,2026-09-21,2012,N21,VIIRS,n,2.0NRT,289.55,2.44,N
19.41772,71.3875,313.57,0.41,0.6,2026-09-21,2012,N21,VIIRS,n,2.0NRT,289.05,1.23,N
19.93477,73.7139,317.21,0.58,0.52,2026-09-21,2012,N21,VIIRS,n,2.0NRT,287.27,2.77,N
19.93538,73.70989,328.87,0.58,0.52,2026-09-21,2012,N21,VIIRS,n,2.0NRT,287.61,3.78,N
19.93539,73.7084,302.94,0.58,0.52,2026-09-21,2012,N21,VIIRS,n,2.0NRT,286.75,2.77,N
20.35464,72.95059,304.82,0.33,0.55,2026-09-21,2012,N21,VIIRS,n,2.0NRT,286.21,1.34,N
20.35591,72.94979,311.67,0.33,0.55,2026-09-21,2012,N21,VIIRS,n,2.0NRT,286.09,0.85,N
8.03909,80.98373,314.92,0.42,0.38,2026-09-21,2014,N21,VIIRS,n,2.0NRT,291.87,2.01,N
31.42232,72.99938,302.98,0.54,0.68,2026-09-21,2148,N21,VIIRS,n,2.0NRT,292.1,1.22,N
31.42333,72.99754,306.57,0.54,0.68,2026-09-21,2148,N21,VIIRS,n,2.0NRT,292.0,1.06,N
31.77056,70.10734,306.58,0.36,0.58,2026-09-21,2148,N21,VIIRS,n,2.0NRT,292.95,0.8,N
32.88986,71.61594,306.07,0.42,0.61,2026-09-21,2148,N21,VIIRS,n,2.0NRT,293.38,1.76,N
33.29793,71.18568,312.62,0.39,0.59,2026-09-21,2148,N21,VIIRS,n,2.0NRT,292.08,1.32,N
33.40421,71.93868,303.95,0.42,0.61,2026-09-21,2148,N21,VIIRS,n,2.0NRT,292.27,0.67,N
33.80238,72.10027,304.58,0.42,0.61,2026-09-21,2148,N21,VIIRS,n,2.0NRT,292.39,0.96,N
22.93455,69.6979,318.3,0.55,0.68,2026-09-21,2150,N21,VIIRS,n,2.0NRT,292.61,3.9,N
23.49759,68.57926,307.13,0.46,0.63,2026-09-21,2150,N21,VIIRS,n,2.0NRT,294.72,1.52,N
23.49897,68.57855,304.55,0.46,0.63,2026-09-21,2150,N21,VIIRS,n,2.0NRT,294.31,1.33,N
25.38939,68.58593,308.92,0.41,0.61,2026-09-21,2150,N21,VIIRS,n,2.0NRT,295.57,1.75,N
28.05149,69.37017,325.85,0.4,0.6,2026-09-21,2150,N21,VIIRS,n,2.0NRT,297.07,1.94,N
30.17095,70.93133,305.06,0.44,0.63,2026-09-21,2150,N21,VIIRS,n,2.0NRT,292.77,1.58,N
22.41556,69.03933,310.22,0.51,0.66,2026-09-21,2153,N21,VIIRS,n,2.0NRT,288.56,1.59,N
6.70584,81.54346,367.0,0.37,0.58,2026-09-22,718,N21,VIIRS,h,2.0NRT,292.96,8.71,D
7.40226,81.29316,342.24,0.38,0.58,2026-09-22,720,N21,VIIRS,n,2.0NRT,291.05,3.98,D
7.54942,81.06003,329.69,0.39,0.59,2026-09-22,720,N21,VIIRS,n,2.0NRT,292.98,3.73,D
7.6028,80.92178,328.83,0.4,0.6,2026-09-22,720,N21,VIIRS,n,2.0NRT,282.56,3.22,D
7.62159,80.95248,352.34,0.39,0.59,2026-09-22,720,N21,VIIRS,n,2.0NRT,293.85,14.02,D
7.66106,81.01717,339.2,0.39,0.59,2026-09-22,720,N21,VIIRS,n,2.0NRT,293.95,7.18,D
7.81416,81.4492,341.53,0.36,0.57,2026-09-22,720,N21,VIIRS,n,2.0NRT,293.48,3.73,D
7.84624,81.08867,343.11,0.38,0.59,2026-09-22,720,N21,VIIRS,n,2.0NRT,292.38,3.67,D
8.00271,81.4473,367.0,0.36,0.57,2026-09-22,720,N21,VIIRS,h,2.0NRT,292.55,11.67,D
8.3594,81.28978,340.34,0.36,0.57,2026-09-22,720,N21,VIIRS,n,2.0NRT,292.8,8.56,D
8.36056,81.2962,337.56,0.36,0.57,2026-09-22,720,N21,VIIRS,n,2.0NRT,291.81,4.7,D
8.56538,81.14088,330.05,0.37,0.58,2026-09-22,720,N21,VIIRS,n,2.0NRT,290.88,6.85,D
8.66142,78.05058,337.36,0.6,0.7,2026-09-22,720,N21,VIIRS,n,2.0NRT,287.77,3.93,D
8.67295,77.47455,337.27,0.65,0.73,2026-09-22,720,N21,VIIRS,n,2.0NRT,286.31,14.12,D
8.67955,77.47332,355.6,0.65,0.73,2026-09-22,720,N21,VIIRS,l,2.0NRT,288.24,14.12,D
8.88119,80.81713,335.81,0.38,0.59,2026-09-22,720,N21,VIIRS,n,2.0NRT,289.81,3.7,D
8.98008,80.77648,333.07,0.38,0.59,2026-09-22,720,N21,VIIRS,n,2.0NRT,291.37,2.73,D
8.98221,80.77615,330.78,0.38,0.59,2026-09-22,720,N21,VIIRS,n,2.0NRT,291.06,2.0,D
9.08463,80.3308,330.56,0.41,0.61,2026-09-22,720,N21,VIIRS,n,2.0NRT,291.7,4.63,D
9.33219,80.59361,333.57,0.39,0.59,2026-09-22,720,N21,VIIRS,n,2.0NRT,290.85,6.45,D
18.18225,96.46579,330.99,0.63,0.54,2026-09-22,722,N21,VIIRS,n,2.0NRT,288.64,3.78,D
21.74708,83.84389,331.4,0.46,0.39,2026-09-22,722,N21,VIIRS,n,2.0NRT,291.31,3.3,D
22.36156,87.01673,329.31,0.38,0.36,2026-09-22,722,N21,VIIRS,n,2.0NRT,295.8,5.71,D
22.37771,87.27961,345.21,0.38,0.36,2026-09-22,722,N21,VIIRS,n,2.0NRT,298.05,6.39,D
21.86162,75.56395,367.0,0.48,0.64,2026-09-22,724,N21,VIIRS,h,2.0NRT,292.62,11.27,D
23.71214,86.45081,339.44,0.38,0.36,2026-09-22,724,N21,VIIRS,n,2.0NRT,300.58,7.86,D
23.73614,86.43111,330.15,0.38,0.36,2026-09-22,724,N21,VIIRS,n,2.0NRT,295.41,3.11,D
23.73671,86.43484,345.15,0.38,0.36,2026-09-22,724,N21,VIIRS,n,2.0NRT,298.26,7.89,D
23.75085,86.41693,330.31,0.38,0.36,2026-09-22,724,N21,VIIRS,n,2.0NRT,295.28,2.19,D
23.75529,85.85334,333.41,0.39,0.36,2026-09-22,724,N21,VIIRS,n,2.0NRT,296.59,7.58,D
23.77296,86.36301,333.38,0.38,0.36,2026-09-22,724,N21,VIIRS,n,2.0NRT,297.84,4.79,D
23.78083,86.21143,340.44,0.39,0.36,2026-09-22,724,N21,VIIRS,n,2.0NRT,298.8,4.48,D
23.79894,86.35034,334.85,0.38,0.36,2026-09-22,724,N21,VIIRS,n,2.0NRT,297.08,3.57,D
23.80148,86.32299,343.02,0.38,0.36,2026-09-22,724,N21,VIIRS,n,2.0NRT,294.81,6.82,D
23.80264,86.33046,346.27,0.38,0.36,2026-09-22,724,N21,VIIRS,n,2.0NRT,299.22,4.79,D
23.80592,86.32986,334.33,0.38,0.36,2026-09-22,724,N21,VIIRS,n,2.0NRT,300.51,4.79,D
24.95691,93.41223,330.24,0.49,0.49,2026-09-22,724,N21,VIIRS,n,2.0NRT,293.59,3.61,D
26.42396,88.79596,333.77,0.44,0.38,2026-09-22,724,N21,VIIRS,n,2.0NRT,296.16,4.1,D
26.76997,95.81904,335.12,0.37,0.58,2026-09-22,724,N21,VIIRS,n,2.0NRT,286.94,4.21,D
27.73113,96.28172,330.36,0.4,0.6,2026-09-22,724,N21,VIIRS,n,2.0NRT,292.28,5.4,D
27.7317,96.28381,341.46,0.4,0.6,2026-09-22,724,N21,VIIRS,n,2.0NRT,292.33,3.72,D
27.74798,96.28408,336.02,0.4,0.6,2026-09-22,724,N21,VIIRS,n,2.0NRT,292.95,3.14,D
27.78818,96.01199,329.67,0.38,0.59,2026-09-22,724,N21,VIIRS,n,2.0NRT,291.86,1.98,D
30.23521,76.06618,334.08,0.58,0.52,2026-09-22,726,N21,VIIRS,n,2.0NRT,298.82,5.23,D
30.69525,73.51917,333.33,0.4,0.6,2026-09-22,726,N21,VIIRS,n,2.0NRT,299.75,3.11,D
31.01078,74.22659,348.71,0.36,0.57,2026-09-22,726,N21,VIIRS,n,2.0NRT,298.64,5.14,D
31.49621,74.53161,337.53,0.33,0.56,2026-09-22,726,N21,VIIRS,n,2.0NRT,296.26,3.36,D
31.87299,74.67269,333.46,0.32,0.55,2026-09-22,726,N21,VIIRS,n,2.0NRT,296.52,2.59,D
31.87895,74.67175,338.32,0.32,0.55,2026-09-22,726,N21,VIIRS,n,2.0NRT,296.25,5.43,D
31.89183,74.68181,335.71,0.32,0.55,2026-09-22,726,N21,VIIRS,n,2.0NRT,296.24,2.61,D
31.90933,74.71143,329.77,0.32,0.55,2026-09-22,726,N21,VIIRS,n,2.0NRT,296.24,1.49,D
32.50698,74.22556,332.93,0.33,0.55,2026-09-22,726,N21,VIIRS,n,2.0NRT,296.1,2.9,D
14.64415,75.64481,331.52,0.58,0.7,2026-09-22,902,N21,VIIRS,n,2.0NRT,280.06,6.37,D
14.64599,75.64265,329.17,0.58,0.7,2026-09-22,902,N21,VIIRS,n,2.0NRT,273.47,5.78,D
18.58813,71.03269,331.97,0.32,0.54,2026-09-22,902,N21,VIIRS,n,2.0NRT,292.89,2.69,D
21.10189,72.63525,333.37,0.44,0.62,2026-09-22,905,N21,VIIRS,n,2.0NRT,290.2,7.32,D
24.38188,69.46255,337.12,0.59,0.53,2026-09-22,905,N21,VIIRS,n,2.0NRT,301.87,7.3,D
24.99821,68.23438,334.89,0.5,0.49,2026-09-22,905,N21,VIIRS,l,2.0NRT,305.84,2.66,D
25.24219,68.34778,342.67,0.52,0.5,2026-09-22,905,N21,VIIRS,n,2.0NRT,307.38,6.21,D
29.87737,72.14267,333.34,0.5,0.66,2026-09-22,905,N21,VIIRS,n,2.0NRT,296.69,5.39,D
26.89074,68.18771,353.83,0.53,0.5,2026-09-22,907,N21,VIIRS,n,2.0NRT,311.81,12.3,D
26.89141,68.18987,341.01,0.53,0.5,2026-09-22,907,N21,VIIRS,n,2.0NRT,309.75,10.6,D
28.0513,69.37041,341.86,0.32,0.55,2026-09-22,907,N21,VIIRS,n,2.0NRT,308.77,3.5,D
23.55834,87.23939,302.46,0.38,0.36,2026-09-22,1949,N21,VIIRS,n,2.0NRT,273.5,0.64,N
23.5595,87.23194,299.2,0.38,0.36,2026-09-22,1949,N21,VIIRS,n,2.0NRT,271.41,0.42,N
23.57985,86.72489,304.87,0.39,0.36,2026-09-22,1949,N21,VIIRS,n,2.0NRT,286.68,1.2,N
23.6734,86.3968,305.94,0.39,0.36,2026-09-22,1949,N21,VIIRS,n,2.0NRT,287.92,1.47,N
23.67615,86.40119,319.77,0.39,0.36,2026-09-22,1949,N21,VIIRS,n,2.0NRT,288.85,1.88,N
23.67671,86.39739,319.61,0.39,0.36,2026-09-22,1949,N21,VIIRS,n,2.0NRT,288.51,1.88,N
23.67728,86.3936,303.64,0.39,0.36,2026-09-22,1949,N21,VIIRS,n,2.0NRT,286.35,1.52,N
23.68003,86.39799,311.18,0.39,0.36,2026-09-22,1949,N21,VIIRS,n,2.0NRT,287.95,1.88,N
23.68391,86.39478,308.76,0.39,0.36,2026-09-22,1949,N21,VIIRS,n,2.0NRT,286.91,1.19,N
23.68448,86.39097,311.96,0.39,0.36,2026-09-22,1949,N21,VIIRS,n,2.0NRT,287.5,1.19,N
23.68918,87.09769,305.62,0.38,0.36,2026-09-22,1949,N21,VIIRS,n,2.0NRT,285.82,1.7,N
23.6923,87.12128,304.25,0.38,0.36,2026-09-22,1949,N21,VIIRS,n,2.0NRT,284.17,1.62,N
23.69633,87.09515,307.77,0.38,0.36,2026-09-22,1949,N21,VIIRS,n,2.0NRT,285.53,1.71,N
23.70969,86.44924,315.21,0.39,0.36,2026-09-22,1949,N21,VIIRS,n,2.0NRT,286.42,1.41,N
23.71244,86.45362,306.17,0.39,0.36,2026-09-22,1949,N21,VIIRS,n,2.0NRT,286.22,1.41,N
23.713,86.44983,318.59,0.39,0.36,2026-09-22,1949,N21,VIIRS,n,2.0NRT,287.58,1.41,N
23.71365,86.4227,307.96,0.39,0.36,2026-09-22,1949,N21,VIIRS,n,2.0NRT,286.71,1.38,N
23.7164,86.42707,307.24,0.39,0.36,2026-09-22,1949,N21,VIIRS,n,2.0NRT,287.26,1.84,N
23.71745,86.44283,311.39,0.39,0.36,2026-09-22,1949,N21,VIIRS,n,2.0NRT,287.5,2.32,N
23.71752,86.41949,311.62,0.39,0.36,2026-09-22,1949,N21,VIIRS,n,2.0NRT,286.6,1.38,N
23.72132,86.43962,310.63,0.39,0.36,2026-09-22,1949,N21,VIIRS,n,2.0NRT,288.37,2.21,N
23.72464,86.44021,309.72,0.39,0.36,2026-09-22,1949,N21,VIIRS,n,2.0NRT,287.72,1.98,N
23.73571,86.43438,325.56,0.39,0.36,2026-09-22,1949,N21,VIIRS,n,2.0NRT,287.56,2.44,N
23.73627,86.4306,311.48,0.39,0.36,2026-09-22,1949,N21,VIIRS,n,2.0NRT,285.74,2.44,N
23.73902,86.43496,312.33,0.39,0.36,2026-09-22,1949,N21,VIIRS,n,2.0NRT,286.71,2.63,N
24.18252,82.65929,300.67,0.54,0.42,2026-09-22,1949,N21,VIIRS,n,2.0NRT,279.42,0.88,N
24.19526,82.71505,303.73,0.54,0.42,2026-09-22,1949,N21,VIIRS,n,2.0NRT,280.92,0.92,N
24.19914,82.7155,302.42,0.54,0.42,2026-09-22,1949,N21,VIIRS,n,2.0NRT,281.89,1.54,N
24.2037,82.71055,305.01,0.54,0.42,2026-09-22,1949,N21,VIIRS,n,2.0NRT,281.24,1.54,N
24.32484,81.32861,299.63,0.43,0.46,2026-09-22,1949,N21,VIIRS,n,2.0NRT,273.62,0.71,N
24.92245,84.15629,300.16,0.47,0.39,2026-09-22,1949,N21,VIIRS,n,2.0NRT,273.92,0.56,N
24.93087,84.14824,298.1,0.47,0.4,2026-09-22,1949,N21,VIIRS,n,2.0NRT,273.2,1.06,N
26.6393,79.47697,319.5,0.6,0.53,2026-09-22,1949,N21,VIIRS,n,2.0NRT,290.34,5.18,N
26.70207,77.84737,307.85,0.38,0.59,2026-09-22,1949,N21,VIIRS,n,2.0NRT,296.17,1.46,N
26.76155,83.19833,305.18,0.55,0.42,2026-09-22,1949,N21,VIIRS,n,2.0NRT,284.35,1.86,N
28.34636,77.25795,306.69,0.43,0.62,2026-09-22,1949,N21,VIIRS,n,2.0NRT,296.04,1.12,N
28.3483,77.23143,307.66,0.44,0.62,2026-09-22,1949,N21,VIIRS,n,2.0NRT,295.95,0.93,N
28.70898,76.85708,313.48,0.46,0.64,2026-09-22,1949,N21,VIIRS,n,2.0NRT,295.71,1.75,N
28.77172,76.69999,327.55,0.47,0.64,2026-09-22,1949,N21,VIIRS,n,2.0NRT,295.74,3.09,N
28.77862,76.94997,310.9,0.46,0.63,2026-09-22,1949,N21,VIIRS,n,2.0NRT,294.99,1.88,N
36.95019,80.30618,297.32,0.35,0.56,2026-09-22,1949,N21,VIIRS,n,2.0NRT,284.42,0.44,N
36.99518,80.19353,297.06,0.35,0.57,2026-09-22,1949,N21,VIIRS,n,2.0NRT,285.32,0.86,N
20.76049,85.2972,310.35,0.4,0.37,2026-09-22,1951,N21,VIIRS,n,2.0NRT,281.51,1.64,N
20.79006,85.25945,305.28,0.4,0.37,2026-09-22,1951,N21,VIIRS,n,2.0NRT,270.26,1.29,N
20.79452,85.25244,295.59,0.4,0.37,2026-09-22,1951,N21,VIIRS,n,2.0NRT,267.28,0.8,N
21.1041,72.63371,300.15,0.72,0.76,2026-09-22,1951,N21,VIIRS,n,2.0NRT,270.75,1.98,N
22.6099,85.91265,304.84,0.39,0.36,2026-09-22,1951,N21,VIIRS,n,2.0NRT,282.82,0.99,N
22.7878,86.20255,300.21,0.39,0.36,2026-09-22,1951,N21,VIIRS,n,2.0NRT,280.47,0.99,N
22.78836,86.19877,301.11,0.39,0.36,2026-09-22,1951,N21,VIIRS,n,2.0NRT,280.74,0.99,N
22.78999,86.21065,298.92,0.39,0.36,2026-09-22,1951,N21,VIIRS,n,2.0NRT,278.94,1.34,N
22.87195,88.21349,298.5,0.39,0.36,2026-09-22,1951,N21,VIIRS,n,2.0NRT,275.21,0.25,N
11.26746,80.00343,303.47,0.54,0.42,2026-09-22,1953,N21,VIIRS,n,2.0NRT,265.91,2.32,N
12.7465,77.62124,308.43,0.53,0.5,2026-09-22,1953,N21,VIIRS,n,2.0NRT,277.04,1.41,N
6.68838,81.19173,321.17,0.42,0.38,2026-09-22,1955,N21,VIIRS,n,2.0NRT,285.79,2.37,N
9.26444,77.48404,308.03,0.48,0.48,2026-09-22,1955,N21,VIIRS,n,2.0NRT,266.6,1.15,N
9.26447,77.48221,307.25,0.48,0.48,2026-09-22,1955,N21,VIIRS,n,2.0NRT,266.74,1.68,N
36.99602,80.19155,302.48,0.53,0.67,2026-09-22,2127,N21,VIIRS,n,2.0NRT,286.11,1.91,N
27.28953,73.84047,307.76,0.4,0.6,2026-09-22,2129,N21,VIIRS,n,2.0NRT,297.12,1.21,N
28.05081,69.36858,326.37,0.42,0.45,2026-09-22,2129,N21,VIIRS,n,2.0NRT,299.07,2.37,N
31.25591,76.92395,299.84,0.49,0.65,2026-09-22,2129,N21,VIIRS,n,2.0NRT,289.26,1.26,N
31.25776,76.92475,303.33,0.49,0.65,2026-09-22,2129,N21,VIIRS,n,2.0NRT,289.78,1.19,N
32.28819,70.73985,309.51,0.42,0.45,2026-09-22,2129,N21,VIIRS,n,2.0NRT,299.21,2.19,N
32.88793,71.6189,308.61,0.45,0.47,2026-09-22,2129,N21,VIIRS,n,2.0NRT,296.94,2.12,N
33.29507,71.18671,318.5,0.42,0.45,2026-09-22,2129,N21,VIIRS,n,2.0NRT,295.88,2.25,N
20.90905,71.45935,304.86,0.39,0.6,2026-09-22,2131,N21,VIIRS,n,2.0NRT,287.63,1.09,N
21.10158,72.63599,345.31,0.46,0.64,2026-09-22,2131,N21,VIIRS,n,2.0NRT,288.75,7.02,N
21.10532,72.64621,319.68,0.46,0.64,2026-09-22,2131,N21,VIIRS,n,2.0NRT,286.49,3.68,N
21.10728,72.63753,304.96,0.46,0.64,2026-09-22,2131,N21,VIIRS,n,2.0NRT,288.64,3.64,N
22.41307,69.04001,306.19,0.51,0.5,2026-09-22,2131,N21,VIIRS,n,2.0NRT,294.62,0.69,N
22.41753,69.0411,310.1,0.51,0.5,2026-09-22,2131,N21,VIIRS,n,2.0NRT,294.66,0.98,N
24.66182,74.633,306.43,0.52,0.67,2026-09-22,2131,N21,VIIRS,n,2.0NRT,294.47,2.25,N
24.81712,73.09222,299.62,0.41,0.61,2026-09-22,2131,N21,VIIRS,n,2.0NRT,289.12,0.77,N
24.82249,73.094,304.36,0.41,0.61,2026-09-22,2131,N21,VIIRS,n,2.0NRT,293.51,0.77,N
25.38893,68.58509,315.98,0.42,0.46,2026-09-22,2131,N21,VIIRS,n,2.0NRT,297.87,1.86,N
26.09503,68.87877,309.18,0.43,0.46,2026-09-22,2131,N21,VIIRS,n,2.0NRT,299.01,0.93,N
26.25987,74.09547,309.9,0.44,0.62,2026-09-22,2131,N21,VIIRS,n,2.0NRT,297.42,2.19,N
26.87814,73.51534,306.43,0.39,0.6,2026-09-22,2131,N21,VIIRS,n,2.0NRT,295.76,1.8,N
19.36639,71.35572,316.44,0.42,0.61,2026-09-22,2133,N21,VIIRS,n,2.0NRT,280.09,3.24,N
19.36669,71.35328,322.51,0.42,0.61,2026-09-22,2133,N21,VIIRS,n,2.0NRT,279.88,5.94,N
19.36721,71.35185,334.67,0.42,0.61,2026-09-22,2133,N21,VIIRS,n,2.0NRT,280.38,4.76,N
19.37187,71.35709,315.48,0.42,0.61,2026-09-22,2133,N21,VIIRS,n,2.0NRT,279.31,5.62,N
19.37216,71.35464,367.0,0.42,0.61,2026-09-22,2133,N21,VIIRS,h,2.0NRT,278.58,5.94,N
19.37269,71.35323,342.38,0.42,0.61,2026-09-22,2133,N21,VIIRS,n,2.0NRT,278.29,7.23,N
19.37301,71.35078,300.97,0.42,0.61,2026-09-22,2133,N21,VIIRS,n,2.0NRT,277.43,5.32,N
7.86893,81.21796,347.74,0.54,0.68,2026-09-23,839,N21,VIIRS,n,2.0NRT,290.25,9.83,D
8.04532,81.18115,331.35,0.54,0.68,2026-09-23,839,N21,VIIRS,n,2.0NRT,289.28,11.85,D
8.04627,81.18147,329.71,0.54,0.68,2026-09-23,839,N21,VIIRS,n,2.0NRT,289.13,8.61,D
8.81421,77.98473,331.35,0.33,0.55,2026-09-23,839,N21,VIIRS,n,2.0NRT,296.21,1.76,D
8.83951,77.94158,336.76,0.33,0.55,2026-09-23,839,N21,VIIRS,n,2.0NRT,296.24,10.74,D
8.83991,77.94456,367.0,0.33,0.55,2026-09-23,839,N21,VIIRS,h,2.0NRT,298.06,10.74,D
8.91761,78.07673,367.0,0.34,0.56,2026-09-23,839,N21,VIIRS,h,2.0NRT,295.45,4.49,D
8.918,78.07979,332.21,0.34,0.56,2026-09-23,839,N21,VIIRS,n,2.0NRT,294.37,4.49,D
8.91941,78.07498,332.18,0.34,0.56,2026-09-23,839,N21,VIIRS,n,2.0NRT,294.55,4.29,D
8.91982,78.07803,367.0,0.34,0.56,2026-09-23,839,N21,VIIRS,h,2.0NRT,295.65,7.43,D
9.0476,78.19106,331.03,0.34,0.56,2026-09-23,839,N21,VIIRS,n,2.0NRT,288.67,1.45,D
21.10326,72.63518,343.46,0.43,0.46,2026-09-23,843,N21,VIIRS,n,2.0NRT,299.24,9.71,D
21.10473,72.64751,343.56,0.43,0.46,2026-09-23,843,N21,VIIRS,n,2.0NRT,299.7,9.08,D
22.61763,75.45729,335.56,0.34,0.56,2026-09-23,843,N21,VIIRS,n,2.0NRT,299.64,2.67,D
22.417,69.04057,338.06,0.43,0.38,2026-09-23,845,N21,VIIRS,n,2.0NRT,307.13,3.86,D
22.9768,75.77984,340.89,0.36,0.57,2026-09-23,845,N21,VIIRS,n,2.0NRT,302.68,3.18,D
22.97701,75.7805,336.94,0.36,0.57,2026-09-23,845,N21,VIIRS,n,2.0NRT,302.66,3.31,D
24.00624,71.30584,330.69,0.39,0.44,2026-09-23,845,N21,VIIRS,l,2.0NRT,305.43,1.12,D
24.01024,71.30527,341.76,0.39,0.44,2026-09-23,845,N21,VIIRS,n,2.0NRT,306.38,4.45,D
24.21608,72.29987,331.13,0.45,0.47,2026-09-23,845,N21,VIIRS,l,2.0NRT,305.55,4.06,D
24.21687,72.29862,348.44,0.45,0.47,2026-09-23,845,N21,VIIRS,n,2.0NRT,308.0,34.08,D
24.22035,72.29929,336.74,0.45,0.47,2026-09-23,845,N21,VIIRS,n,2.0NRT,309.02,28.07,D
24.29911,69.45913,337.11,0.47,0.4,2026-09-23,845,N21,VIIRS,l,2.0NRT,310.75,5.45,D
24.39395,69.55573,339.35,0.48,0.4,2026-09-23,845,N21,VIIRS,l,2.0NRT,313.41,5.81,D
24.86415,69.18114,340.48,0.46,0.39,2026-09-23,845,N21,VIIRS,n,2.0NRT,312.2,7.8,D
25.28458,74.79762,331.29,0.33,0.55,2026-09-23,845,N21,VIIRS,n,2.0NRT,299.15,1.93,D
25.3887,68.58298,337.32,0.44,0.39,2026-09-23,845,N21,VIIRS,l,2.0NRT,312.17,4.26,D
25.56269,74.7977,354.14,0.33,0.56,2026-09-23,845,N21,VIIRS,n,2.0NRT,304.34,4.89,D
26.63729,72.26279,345.11,0.48,0.48,2026-09-23,845,N21,VIIRS,l,2.0NRT,316.12,10.89,D
29.43348,71.45264,341.28,0.46,0.47,2026-09-23,845,N21,VIIRS,n,2.0NRT,307.68,6.61,D
30.49965,75.93306,346.53,0.44,0.63,2026-09-23,848,N21,VIIRS,n,2.0NRT,297.92,12.66,D
30.50076,75.93196,330.24,0.44,0.63,2026-09-23,848,N21,VIIRS,n,2.0NRT,297.13,8.09,D
30.50104,75.93659,336.25,0.44,0.63,2026-09-23,848,N21,VIIRS,n,2.0NRT,296.76,8.51,D
30.89486,74.52944,338.76,0.37,0.58,2026-09-23,848,N21,VIIRS,n,2.0NRT,297.08,4.06,D
31.01704,74.18778,367.0,0.35,0.57,2026-09-23,848,N21,VIIRS,h,2.0NRT,298.59,7.88,D
31.01794,74.18925,343.62,0.35,0.57,2026-09-23,848,N21,VIIRS,n,2.0NRT,298.55,6.46,D
31.08549,74.68503,347.92,0.38,0.58,2026-09-23,848,N21,VIIRS,n,2.0NRT,298.6,5.83,D
31.10897,74.63509,331.06,0.37,0.58,2026-09-23,848,N21,VIIRS,n,2.0NRT,296.69,3.69,D
31.73742,70.84167,331.92,0.45,0.47,2026-09-23,848,N21,VIIRS,l,2.0NRT,305.02,2.12,D
31.84084,74.14745,338.25,0.36,0.57,2026-09-23,848,N21,VIIRS,n,2.0NRT,297.03,3.75,D
33.29485,71.18684,336.34,0.49,0.49,2026-09-23,848,N21,VIIRS,n,2.0NRT,303.59,2.34,D
