observation_id,fsi_event_id,latitude,longitude,fsi_datetime,firms_datetime,spatial_distance_km,temporal_difference_hours,satellite,target_class,label_source
19.7866_79.1492_2023-09-30_2017_N_VIIRS,1940981,19.78657,79.14915,2023-10-01 00:38:35,2023-10-19 21:00:00,0.268,452.36,N,Wildfire / Natural Fire,FSI
23.6173_86.8626_2023-10-31_2034_N_VIIRS,2022525,23.61727,86.86262,2023-11-01 00:40:05,2023-09-26 20:40:00,0.276,-844.0,N,Wildfire / Natural Fire,FSI
20.9639_85.1786_2023-11-01_0747_N_VIIRS,1960845,20.96386,85.17858,2023-11-01 01:55:48,2023-11-11 19:38:00,0.352,257.7,N,Wildfire / Natural Fire,FSI
20.9638_85.1759_2023-11-01_0656_N20_VIIRS,1960845,20.96377,85.17586,2023-11-01 01:55:48,2023-11-11 19:38:00,0.485,257.7,N20,Wildfire / Natural Fire,FSI
20.9685_85.1745_2023-10-31_2035_N_VIIRS,1960845,20.96845,85.17452,2023-11-01 01:55:48,2023-11-11 19:38:00,0.492,257.7,N,Wildfire / Natural Fire,FSI
20.9632_85.1764_2023-10-31_2035_N_VIIRS,1960845,20.96316,85.17639,2023-11-01 01:55:48,2023-11-11 19:38:00,0.506,257.7,N,Wildfire / Natural Fire,FSI
20.9714_85.1775_2023-11-01_0747_N_VIIRS,1960845,20.97137,85.17753,2023-11-01 01:55:48,2023-11-11 19:38:00,0.509,257.7,N,Wildfire / Natural Fire,FSI
20.9690_85.1744_2023-10-31_2035_N_VIIRS,1960845,20.96899,85.17442,2023-11-01 01:55:48,2023-11-11 19:38:00,0.525,257.7,N,Wildfire / Natural Fire,FSI
20.9626_85.1765_2023-10-31_2035_N_VIIRS,1960845,20.96264,85.17651,2023-11-01 01:55:48,2023-11-11 19:38:00,0.549,257.7,N,Wildfire / Natural Fire,FSI
20.9632_85.1738_2023-11-01_0747_N_VIIRS,1960845,20.96324,85.1738,2023-11-01 01:55:48,2023-11-11 19:38:00,0.683,257.7,N,Wildfire / Natural Fire,FSI
20.9639_85.1731_2023-10-31_2035_N_VIIRS,1960845,20.96387,85.17311,2023-11-01 01:55:48,2023-11-11 19:38:00,0.704,257.7,N,Wildfire / Natural Fire,FSI
20.9633_85.1732_2023-10-31_2035_N_VIIRS,1960845,20.96333,85.17323,2023-11-01 01:55:48,2023-11-11 19:38:00,0.725,257.7,N,Wildfire / Natural Fire,FSI
20.9707_85.1727_2023-11-01_0747_N_VIIRS,1960845,20.97074,85.17275,2023-11-01 01:55:48,2023-11-11 19:38:00,0.771,257.7,N,Wildfire / Natural Fire,FSI
20.9691_85.1713_2023-10-31_2035_N_VIIRS,1960845,20.96914,85.17126,2023-11-01 01:55:48,2023-11-11 19:38:00,0.838,257.7,N,Wildfire / Natural Fire,FSI
20.9697_85.1712_2023-10-31_2035_N_VIIRS,1960845,20.9697,85.17116,2023-11-01 01:55:48,2023-11-11 19:38:00,0.868,257.7,N,Wildfire / Natural Fire,FSI
20.9646_85.1698_2023-10-31_2035_N_VIIRS,1960845,20.96459,85.16984,2023-11-01 01:55:48,2023-11-11 19:38:00,0.988,257.7,N,Wildfire / Natural Fire,FSI
20.9640_85.1699_2023-10-31_2035_N_VIIRS,1960845,20.96402,85.16992,2023-11-01 01:55:48,2023-11-11 19:38:00,0.999,257.7,N,Wildfire / Natural Fire,FSI
20.9729_85.1705_2023-11-01_0656_N20_VIIRS,1960845,20.97294,85.17046,2023-11-01 01:55:48,2023-11-11 19:38:00,1.106,257.7,N20,Wildfire / Natural Fire,FSI
20.9698_85.1680_2023-10-31_2035_N_VIIRS,1960845,20.96982,85.16798,2023-11-01 01:55:48,2023-11-11 19:38:00,1.186,257.7,N,Wildfire / Natural Fire,FSI
20.9704_85.1679_2023-10-31_2035_N_VIIRS,1960845,20.97041,85.1679,2023-11-01 01:55:48,2023-11-11 19:38:00,1.213,257.7,N,Wildfire / Natural Fire,FSI
20.9653_85.1666_2023-10-31_2035_N_VIIRS,1960845,20.9653,85.16659,2023-11-01 01:55:48,2023-11-11 19:38:00,1.302,257.7,N,Wildfire / Natural Fire,FSI
20.9647_85.1667_2023-10-31_2035_N_VIIRS,1960845,20.96471,85.16666,2023-11-01 01:55:48,2023-11-11 19:38:00,1.306,257.7,N,Wildfire / Natural Fire,FSI
20.9739_85.1675_2023-11-01_0747_N_VIIRS,1960845,20.97387,85.16747,2023-11-01 01:55:48,2023-11-11 19:38:00,1.42,257.7,N,Wildfire / Natural Fire,FSI
