Latitude,Longitude,Year,Field  Type,Field Name,Field  Operator,Location,Flare Level,Flaring Vol (million m3)
9.327317,78.917757,2012,GAS,Perungulam,ONGC,ONSHORE,Small,0.0
10.567933,79.531853,2012,OIL,Kovilkalappal,ONGC,ONSHORE,Small,1.617483406
10.75475,79.670919,2012,OIL,Adiyakka-Mangalam,ONGC,ONSHORE,Small,2.405852269
10.775839,79.525418,2012,OIL,Nannilam,ONGC,ONSHORE,Small,1.006670835
10.807779,79.743971,2012,GAS,Tiruvarur,ONGC,ONSHORE,Small,2.575616076
10.812891,79.306495,2012,OIL,Pundi,ONGC,ONSHORE,Small,4.252449535
10.839896,79.776997,2012,OIL,Narimanam,ONGC,ONSHORE,Small,4.582425069
15.962527,80.939661,2012,OIL,Nagayalanka,ONGC,ONSHORE,Small,0.170640054
16.408137,82.049652,2012,GAS,GS-48-1,Oil India,OFFSHORE,Small,0.0
16.409144,81.922095,2012,OIL,Kesanapalli West,ONGC,ONSHORE,Small,0.557146448
16.49973,81.894923,2012,GAS,Tatipaka,ONGC,ONSHORE,Small,0.29046364
16.509786,82.069073,2012,OIL,Gopavaram,ONGC,ONSHORE,Small,0.0
16.706365,82.684997,2012,OIL,MA (Dhirubhai 26),Reliance,OFFSHORE,Small,5.612245648
17.531462,83.002446,2012,,,,ONSHORE,Small,2.00400843
18.056273,74.17169,2012,,,,ONSHORE,Small,1.942209732
18.564089,73.116037,2012,,,,ONSHORE,Small,1.024101161
18.577975,72.24087,2012,OIL,Heera,ONGC,OFFSHORE,Medium,154.5532297
18.586663,71.033083,2012,OIL,D-1,ONGC,OFFSHORE,Small,0.572669316
18.596861,72.972034,2012,,,,ONSHORE,Small,0.262804309
18.602511,71.027658,2012,OIL,D-1,ONGC,OFFSHORE,Medium,53.87047253
18.638376,71.017639,2012,OIL,D-1,ONGC,OFFSHORE,Small,0.0
18.654727,70.980059,2012,OIL,D-1,ONGC,OFFSHORE,Small,1.354922483
18.70692,72.342516,2012,OIL,Neelam,ONGC,OFFSHORE,Medium,68.82169414
18.921028,72.041109,2012,GAS,B-193,ONGC,OFFSHORE,Small,0.0
19.142665,72.120135,2012,GAS,Bassein (Vasai),ONGC,OFFSHORE,Small,43.10649199
19.17721,70.946806,2012,,,,OFFSHORE,Small,0.131630606
19.209154,72.037312,2012,GAS,Bassein (Vasai),ONGC,OFFSHORE,Small,0.0
19.2143,72.115112,2012,GAS,Bassein (Vasai),ONGC,OFFSHORE,Medium,54.89103676
19.229616,72.139053,2012,GAS,Bassein (Vasai),ONGC,OFFSHORE,Small,0.0
19.240812,70.982234,2012,OIL,B-192,ONGC,OFFSHORE,Small,0.0
19.277933,71.427215,2012,OIL,Bombay High,ONGC,OFFSHORE,Small,41.63493951
19.333291,72.020006,2012,OIL,Panna,ONGC,OFFSHORE,Small,40.8787579
19.347166,71.304874,2012,OIL,Bombay High,ONGC,OFFSHORE,Medium,120.7645985
19.37044,71.353815,2012,OIL,Bombay High,ONGC,OFFSHORE,Medium,104.1357006
19.417477,71.38999,2012,OIL,Bombay High,ONGC,OFFSHORE,Medium,100.7865584
19.527493,71.300927,2012,OIL,Bombay High,ONGC,OFFSHORE,Medium,116.1033023
19.538708,71.349184,2012,OIL,Bombay High,ONGC,OFFSHORE,Small,0.0
19.569914,71.357269,2012,OIL,Bombay High,ONGC,OFFSHORE,Medium,67.0833932
20.155237,71.826797,2012,GAS,Dahanu (B-12),ONGC,OFFSHORE,Small,0.0
20.305714,86.617772,2012,,,,ONSHORE,Small,3.570200425
20.599564,72.036067,2012,GAS,South Tapti,Shell,OFFSHORE,Small,12.79848465
20.963313,86.006976,2012,,,,ONSHORE,Small,0.0
21.120594,85.922429,2012,,,,ONSHORE,Small,0.843362814
21.175694,72.671053,2012,GAS,CB-X,Cairn India,OFFSHORE,Small,2.105322571
21.249627,72.705136,2012,,,,ONSHORE,Small,0.0
21.6958,72.705218,2012,GAS,Dahej,ONGC,ONSHORE,Small,0.273055789
21.740376,73.013344,2012,,,,ONSHORE,Small,3.288103578
21.774826,72.896679,2012,,,,ONSHORE,Small,0.0
21.785321,72.128511,2012,,,,OFFSHORE,Small,1.155973082
21.794019,72.647846,2012,OIL,Gandhar,ONGC,ONSHORE,Small,22.06681071
21.820088,72.696848,2012,OIL,Gandhar,ONGC,ONSHORE,Small,0.198667274
21.833121,72.651415,2012,OIL,Gandhar,ONGC,ONSHORE,Small,7.163083341
21.889912,72.778771,2012,OIL,Gandhar,ONGC,ONSHORE,Small,0.831169866
21.907966,72.682741,2012,OIL,Gandhar,ONGC,ONSHORE,Small,49.14234129
21.920262,72.006417,2012,,,,ONSHORE,Small,0.0
21.926864,72.717944,2012,OIL,Gandhar,ONGC,ONSHORE,Small,0.187484835
21.947606,72.556837,2012,OIL,Nada,ONGC,ONSHORE,Small,0.952419166
22.014808,72.729436,2012,OIL,Gandhar,ONGC,ONSHORE,Small,4.014593896
22.095485,72.81034,2012,OIL,Jumbusar,ONGC,ONSHORE,Small,11.73551274
22.165569,72.933946,2012,OIL,Dabka,ONGC,ONSHORE,Small,2.00472114
22.227936,73.014633,2012,,,,ONSHORE,Small,13.43542792
22.251767,73.071265,2012,OIL,Padra,ONGC,ONSHORE,Small,2.39925749
22.255402,72.998717,2012,,,,ONSHORE,Small,0.459023234
22.347298,69.753261,2012,,,,ONSHORE,Small,0.27573185
22.684107,68.502884,2012,GAS,GK-28-1,ONGC,OFFSHORE,Small,0.0
22.704525,72.539804,2012,OIL,Dholka,Joshi Technologies,ONSHORE,Small,0.0
23.40411,72.422579,2012,OIL,Nandasan,ONGC,ONSHORE,Small,0.400684577
23.414769,72.355579,2012,OIL,Linch,ONGC,ONSHORE,Small,0.443766523
23.42832,72.300538,2012,OIL,North Kadi,ONGC,ONSHORE,Small,1.542915086
23.449642,72.473371,2012,OIL,Langhnaj,ONGC,ONSHORE,Small,0.0
23.484303,72.30962,2012,OIL,Jotana,ONGC,ONSHORE,Small,0.076196609
23.527252,72.272017,2012,OIL,Balol,ONGC,ONSHORE,Small,1.602460322
23.556,72.262287,2012,OIL,Balol,ONGC,ONSHORE,Small,0.812914453
23.577161,87.377849,2012,GAS,Raniganj East,Essar Oil,ONSHORE,Small,0.0
23.627915,91.196349,2012,GAS,Rokhia,ONGC,ONSHORE,Small,2.283839986
23.629935,86.293516,2012,,,,ONSHORE,Small,1.19201074
23.668462,86.925456,2012,GAS,Raniganj South,Great Eastern Energy,ONSHORE,Small,3.998801914
23.698367,91.176469,2012,GAS,Rokhia,ONGC,ONSHORE,Small,0.0
23.745454,91.34021,2012,GAS,Agartala Dome,ONGC,ONSHORE,Small,3.656908461
25.264677,71.794253,2012,GAS,Raageshwari,Cairn India,ONSHORE,Small,0.0
25.298636,71.768106,2012,GAS,Raageshwari,Cairn India,ONSHORE,Small,1.487808758
25.473073,71.789148,2012,OIL,Saraswati,Cairn India,ONSHORE,Small,0.233015722
25.930159,71.498997,2012,OIL,Mangala,Cairn India,ONSHORE,Small,40.77998408
25.984691,71.388927,2012,OIL,N-I,Cairn India,ONSHORE,Small,0.0
26.058863,93.893414,2012,OIL,Nambar,ONGC,ONSHORE,Small,18.33162252
26.063897,93.929502,2012,GAS,Khoraghat,ONGC,ONSHORE,Small,5.070793591
26.091667,93.902092,2012,OIL,KH-31,ONGC,ONSHORE,Small,2.770079252
26.188726,91.808133,2012,,,,ONSHORE,Small,3.067784728
26.294315,94.046454,2012,OIL,Kasomarigaon,ONGC,ONSHORE,Small,10.49155406
26.58288,93.776692,2012,,,,ONSHORE,Small,0.063407765
26.641744,79.478566,2012,,,,ONSHORE,Small,32.53976336
26.785109,94.672167,2012,OIL,Geleki,ONGC,ONSHORE,Small,16.13059285
26.793673,94.690097,2012,OIL,Geleki,ONGC,ONSHORE,Small,23.48737934
26.810011,94.69541,2012,OIL,Geleki,ONGC,ONSHORE,Small,11.98028846
26.920979,94.654754,2012,OIL,Charali,ONGC,ONSHORE,Small,0.0
26.960066,94.543587,2012,OIL,Rudrasagar,ONGC,ONSHORE,Small,0.224374491
26.96378,94.742782,2012,OIL,Demulgaon,ONGC,ONSHORE,Small,2.608125674
26.970624,94.588494,2012,OIL,Rudrasagar,ONGC,ONSHORE,Small,3.091620566
27.006335,94.899126,2012,OIL,Lakwa,ONGC,ONSHORE,Small,2.154576403
27.020851,94.886379,2012,OIL,Lakwa,ONGC,ONSHORE,Small,0.947876753
27.036271,94.883763,2012,OIL,Lakwa,ONGC,ONSHORE,Small,2.372653619
27.155609,94.931364,2012,OIL,Moran,Oil India,ONSHORE,Small,0.0
27.261011,95.150512,2012,OIL,Shalmari,Oil India,ONSHORE,Small,15.76311875
27.266003,95.124609,2012,OIL,Shalmari,Oil India,ONSHORE,Small,1.95311034
27.267836,95.367082,2012,OIL,Nahorkatiya,Oil India,ONSHORE,Small,10.72033079
27.301942,95.39512,2012,OIL,Sants,Oil India,ONSHORE,Small,3.930902306
27.308136,95.319482,2012,OIL,Nahorkatiya,Oil India,ONSHORE,Small,0.0
27.318289,95.266784,2012,OIL,Nahorkatiya,Oil India,ONSHORE,Small,23.63829036
27.324818,95.299798,2012,OIL,Nahorkatiya,Oil India,ONSHORE,Small,0.600657203
27.325051,95.277007,2012,OIL,Nahorkatiya,Oil India,ONSHORE,Small,4.251917221
27.340323,95.481228,2012,OIL,Jorajan,Oil India,ONSHORE,Small,20.55675419
27.35276,95.315745,2012,OIL,Nahorkatiya,Oil India,ONSHORE,Small,16.14085468
27.36828,94.896124,2012,,,,ONSHORE,Small,0.0
27.370129,95.444601,2012,OIL,Nahorkatiya,Oil India,ONSHORE,Small,0.0
27.373702,95.353416,2012,OIL,Nahorkatiya,Oil India,ONSHORE,Small,0.868221878
27.377044,95.088223,2012,OIL,Kathaloni,Oil India,ONSHORE,Small,10.72958714
27.377469,95.336033,2012,OIL,Nahorkatiya,Oil India,ONSHORE,Small,0.0
27.378104,95.197185,2012,OIL,Bhekulajan,Oil India,ONSHORE,Small,0.879030809
27.380405,95.240079,2012,OIL,Nahorkatiya,Oil India,ONSHORE,Small,1.139749335
27.393284,95.434682,2012,OIL,Nahorkatiya,Oil India,ONSHORE,Small,25.13205216
27.393669,95.472623,2012,OIL,Nahorkatiya,Oil India,ONSHORE,Small,10.54709216
27.398614,96.034349,2012,OIL,Kharsang,GeoEnpro,ONSHORE,Small,9.832519759
27.401204,95.116744,2012,OIL,Hatiali,Oil India,ONSHORE,Small,30.11832612
27.425502,95.124383,2012,OIL,Hatiali,Oil India,ONSHORE,Small,21.78429984
27.437631,95.161954,2012,OIL,Chabua,Oil India,ONSHORE,Small,5.26044524
27.438032,95.378442,2012,OIL,Makum,Oil India,ONSHORE,Small,0.0
27.438657,94.98521,2012,OIL,Bhogpara,Oil India,ONSHORE,Small,6.306501396
27.44787,95.193167,2012,OIL,Chabua,Oil India,ONSHORE,Small,29.70992299
27.449293,95.086218,2012,OIL,Dikom,Oil India,ONSHORE,Small,39.53939673
27.461042,95.476605,2012,OIL,Hapjan,Oil India,ONSHORE,Small,25.2183166
27.469086,95.422849,2012,OIL,Makum,Oil India,ONSHORE,Small,46.44291785
27.481513,95.236351,2012,OIL,Matimekhana,Oil India,ONSHORE,Small,28.7989563
27.514734,77.657369,2012,,,,ONSHORE,Small,0.0
27.535339,95.400252,2012,OIL,North Chandmari,Oil India,ONSHORE,Small,1.926228483
27.557808,96.039575,2012,OIL,Kumchai,Oil India,ONSHORE,Small,40.03711032
27.605516,95.40239,2012,OIL,Baghjan,Oil India,ONSHORE,Medium,119.2016655
27.729648,95.619935,2012,,,,ONSHORE,Small,25.56473473
27.832633,79.824894,2012,,,,ONSHORE,Small,1.902505023
28.227746,79.244761,2012,,,,ONSHORE,Small,1.24488135
28.289354,78.428746,2012,,,,ONSHORE,Small,0.741125996
28.75494,77.054928,2012,,,,ONSHORE,Small,0.0
30.250945,74.913206,2012,,,,ONSHORE,Small,0.54398942
9.327317,78.917757,2013,GAS,Perungulam,ONGC,ONSHORE,Small,0.0
10.567933,79.531853,2013,OIL,Kovilkalappal,ONGC,ONSHORE,Small,0.941151853
10.75475,79.670919,2013,OIL,Adiyakka-Mangalam,ONGC,ONSHORE,Small,1.548303287
10.775839,79.525418,2013,OIL,Nannilam,ONGC,ONSHORE,Small,0.465771793
10.807779,79.743971,2013,GAS,Tiruvarur,ONGC,ONSHORE,Small,0.569256592
10.812891,79.306495,2013,OIL,Pundi,ONGC,ONSHORE,Small,4.83666415
10.839896,79.776997,2013,OIL,Narimanam,ONGC,ONSHORE,Small,0.360554016
15.962527,80.939661,2013,OIL,Nagayalanka,ONGC,ONSHORE,Small,0.633867682
16.408137,82.049652,2013,GAS,GS-48-1,Oil India,OFFSHORE,Small,0.0
16.409144,81.922095,2013,OIL,Kesanapalli West,ONGC,ONSHORE,Small,6.82101245
16.49973,81.894923,2013,GAS,Tatipaka,ONGC,ONSHORE,Small,0.057115222
16.509786,82.069073,2013,OIL,Gopavaram,ONGC,ONSHORE,Small,0.0
16.706365,82.684997,2013,OIL,MA (Dhirubhai 26),Reliance,OFFSHORE,Small,1.735597968
17.531462,83.002446,2013,,,,ONSHORE,Small,1.368103169
18.056273,74.17169,2013,,,,ONSHORE,Small,2.439748842
18.564089,73.116037,2013,,,,ONSHORE,Small,8.781731923
18.577975,72.24087,2013,OIL,Heera,ONGC,OFFSHORE,Medium,100.4565237
18.586663,71.033083,2013,OIL,D-1,ONGC,OFFSHORE,Small,23.28799818
18.596861,72.972034,2013,,,,ONSHORE,Small,0.409370167
18.602511,71.027658,2013,OIL,D-1,ONGC,OFFSHORE,Small,24.15564042
18.638376,71.017639,2013,OIL,D-1,ONGC,OFFSHORE,Small,0.0
18.654727,70.980059,2013,OIL,D-1,ONGC,OFFSHORE,Small,0.717041745
18.70692,72.342516,2013,OIL,Neelam,ONGC,OFFSHORE,Medium,65.84369304
18.921028,72.041109,2013,GAS,B-193,ONGC,OFFSHORE,Small,27.91824279
19.142665,72.120135,2013,GAS,Bassein (Vasai),ONGC,OFFSHORE,Small,38.50877768
19.17721,70.946806,2013,,,,OFFSHORE,Small,0.575990364
19.209154,72.037312,2013,GAS,Bassein (Vasai),ONGC,OFFSHORE,Small,1.32202252
19.2143,72.115112,2013,GAS,Bassein (Vasai),ONGC,OFFSHORE,Small,31.76376784
19.229616,72.139053,2013,GAS,Bassein (Vasai),ONGC,OFFSHORE,Small,0.0
19.240812,70.982234,2013,OIL,B-192,ONGC,OFFSHORE,Small,2.018206428
19.277933,71.427215,2013,OIL,Bombay High,ONGC,OFFSHORE,Small,46.29978453
19.333291,72.020006,2013,OIL,Panna,ONGC,OFFSHORE,Medium,63.49855414
19.347166,71.304874,2013,OIL,Bombay High,ONGC,OFFSHORE,Medium,87.98204084
19.37044,71.353815,2013,OIL,Bombay High,ONGC,OFFSHORE,Medium,77.26656002
19.417477,71.38999,2013,OIL,Bombay High,ONGC,OFFSHORE,Small,46.35626896
19.527493,71.300927,2013,OIL,Bombay High,ONGC,OFFSHORE,Small,30.76360898
19.538708,71.349184,2013,OIL,Bombay High,ONGC,OFFSHORE,Small,0.0
19.569914,71.357269,2013,OIL,Bombay High,ONGC,OFFSHORE,Medium,54.23806492
20.155237,71.826797,2013,GAS,Dahanu (B-12),ONGC,OFFSHORE,Small,0.0
20.305714,86.617772,2013,,,,ONSHORE,Small,2.248719091
20.599564,72.036067,2013,GAS,South Tapti,Shell,OFFSHORE,Small,12.62506858
20.963313,86.006976,2013,,,,ONSHORE,Small,0.0
21.120594,85.922429,2013,,,,ONSHORE,Small,0.928476865
21.175694,72.671053,2013,GAS,CB-X,Cairn India,OFFSHORE,Small,1.251399239
21.249627,72.705136,2013,,,,ONSHORE,Small,0.0
21.6958,72.705218,2013,GAS,Dahej,ONGC,ONSHORE,Small,0.0
21.740376,73.013344,2013,,,,ONSHORE,Small,1.676431267
21.774826,72.896679,2013,,,,ONSHORE,Small,0.0
21.785321,72.128511,2013,,,,OFFSHORE,Small,0.799937821
21.794019,72.647846,2013,OIL,Gandhar,ONGC,ONSHORE,Small,37.53198149
21.820088,72.696848,2013,OIL,Gandhar,ONGC,ONSHORE,Small,0.410313546
21.833121,72.651415,2013,OIL,Gandhar,ONGC,ONSHORE,Small,3.334799345
21.889912,72.778771,2013,OIL,Gandhar,ONGC,ONSHORE,Small,0.329165234
21.907966,72.682741,2013,OIL,Gandhar,ONGC,ONSHORE,Medium,58.22982846
21.920262,72.006417,2013,,,,ONSHORE,Small,0.048872931
21.926864,72.717944,2013,OIL,Gandhar,ONGC,ONSHORE,Small,2.289077364
21.947606,72.556837,2013,OIL,Nada,ONGC,ONSHORE,Small,0.866341035
22.014808,72.729436,2013,OIL,Gandhar,ONGC,ONSHORE,Small,3.613998038
22.095485,72.81034,2013,OIL,Jumbusar,ONGC,ONSHORE,Small,10.86080254
22.165569,72.933946,2013,OIL,Dabka,ONGC,ONSHORE,Small,0.112531475
22.227936,73.014633,2013,,,,ONSHORE,Small,2.409714503
22.251767,73.071265,2013,OIL,Padra,ONGC,ONSHORE,Small,0.084172447
22.255402,72.998717,2013,,,,ONSHORE,Small,0.224900299
22.347298,69.753261,2013,,,,ONSHORE,Small,0.0
22.684107,68.502884,2013,GAS,GK-28-1,ONGC,OFFSHORE,Small,0.136939551
22.704525,72.539804,2013,OIL,Dholka,Joshi Technologies,ONSHORE,Small,0.810521998
23.40411,72.422579,2013,OIL,Nandasan,ONGC,ONSHORE,Small,2.40890716
23.414769,72.355579,2013,OIL,Linch,ONGC,ONSHORE,Small,4.426338775
23.42832,72.300538,2013,OIL,North Kadi,ONGC,ONSHORE,Small,3.149258343
23.449642,72.473371,2013,OIL,Langhnaj,ONGC,ONSHORE,Small,0.117758799
23.484303,72.30962,2013,OIL,Jotana,ONGC,ONSHORE,Small,0.095004445
23.527252,72.272017,2013,OIL,Balol,ONGC,ONSHORE,Small,1.172814906
23.556,72.262287,2013,OIL,Balol,ONGC,ONSHORE,Small,4.693294246
23.577161,87.377849,2013,GAS,Raniganj East,Essar Oil,ONSHORE,Small,0.369263265
23.627915,91.196349,2013,GAS,Rokhia,ONGC,ONSHORE,Small,2.05739361
23.629935,86.293516,2013,,,,ONSHORE,Small,1.747329577
23.668462,86.925456,2013,GAS,Raniganj South,Great Eastern Energy,ONSHORE,Small,17.98150777
23.698367,91.176469,2013,GAS,Rokhia,ONGC,ONSHORE,Small,0.318767367
23.745454,91.34021,2013,GAS,Agartala Dome,ONGC,ONSHORE,Small,8.350291426
25.264677,71.794253,2013,GAS,Raageshwari,Cairn India,ONSHORE,Small,0.0
25.298636,71.768106,2013,GAS,Raageshwari,Cairn India,ONSHORE,Small,2.35256468
25.473073,71.789148,2013,OIL,Saraswati,Cairn India,ONSHORE,Small,0.0
25.930159,71.498997,2013,OIL,Mangala,Cairn India,ONSHORE,Small,33.33971301
25.984691,71.388927,2013,OIL,N-I,Cairn India,ONSHORE,Small,0.0
26.058863,93.893414,2013,OIL,Nambar,ONGC,ONSHORE,Small,20.65209754
26.063897,93.929502,2013,GAS,Khoraghat,ONGC,ONSHORE,Small,10.2870272
26.091667,93.902092,2013,OIL,KH-31,ONGC,ONSHORE,Small,1.641180251
26.188726,91.808133,2013,,,,ONSHORE,Small,3.13532946
26.294315,94.046454,2013,OIL,Kasomarigaon,ONGC,ONSHORE,Small,11.0030191
26.58288,93.776692,2013,,,,ONSHORE,Small,0.075932818
26.641744,79.478566,2013,,,,ONSHORE,Small,13.32319839
26.785109,94.672167,2013,OIL,Geleki,ONGC,ONSHORE,Small,11.15354567
26.793673,94.690097,2013,OIL,Geleki,ONGC,ONSHORE,Small,28.83710547
26.810011,94.69541,2013,OIL,Geleki,ONGC,ONSHORE,Small,13.0886845
26.920979,94.654754,2013,OIL,Charali,ONGC,ONSHORE,Small,0.575191893
26.960066,94.543587,2013,OIL,Rudrasagar,ONGC,ONSHORE,Small,1.859538411
26.96378,94.742782,2013,OIL,Demulgaon,ONGC,ONSHORE,Small,1.486454315
26.970624,94.588494,2013,OIL,Rudrasagar,ONGC,ONSHORE,Small,4.299145302
27.006335,94.899126,2013,OIL,Lakwa,ONGC,ONSHORE,Small,0.665028752
27.020851,94.886379,2013,OIL,Lakwa,ONGC,ONSHORE,Small,1.930646689
27.036271,94.883763,2013,OIL,Lakwa,ONGC,ONSHORE,Small,4.254874521
27.155609,94.931364,2013,OIL,Moran,Oil India,ONSHORE,Small,0.0
27.261011,95.150512,2013,OIL,Shalmari,Oil India,ONSHORE,Small,21.25216328
27.266003,95.124609,2013,OIL,Shalmari,Oil India,ONSHORE,Small,2.264197599
27.267836,95.367082,2013,OIL,Nahorkatiya,Oil India,ONSHORE,Small,12.92257296
27.301942,95.39512,2013,OIL,Sants,Oil India,ONSHORE,Small,4.970067953
27.308136,95.319482,2013,OIL,Nahorkatiya,Oil India,ONSHORE,Small,0.0
27.318289,95.266784,2013,OIL,Nahorkatiya,Oil India,ONSHORE,Small,34.88756383
27.324818,95.299798,2013,OIL,Nahorkatiya,Oil India,ONSHORE,Small,2.85205265
27.325051,95.277007,2013,OIL,Nahorkatiya,Oil India,ONSHORE,Small,22.02511278
27.340323,95.481228,2013,OIL,Jorajan,Oil India,ONSHORE,Small,20.81856396
27.35276,95.315745,2013,OIL,Nahorkatiya,Oil India,ONSHORE,Small,11.15860265
27.36828,94.896124,2013,,,,ONSHORE,Small,0.0
27.370129,95.444601,2013,OIL,Nahorkatiya,Oil India,ONSHORE,Small,0.0
27.373702,95.353416,2013,OIL,Nahorkatiya,Oil India,ONSHORE,Small,0.228242344
27.377044,95.088223,2013,OIL,Kathaloni,Oil India,ONSHORE,Small,30.61485679
27.377469,95.336033,2013,OIL,Nahorkatiya,Oil India,ONSHORE,Small,0.0
27.378104,95.197185,2013,OIL,Bhekulajan,Oil India,ONSHORE,Small,0.0
27.380405,95.240079,2013,OIL,Nahorkatiya,Oil India,ONSHORE,Small,0.95257886
27.393284,95.434682,2013,OIL,Nahorkatiya,Oil India,ONSHORE,Small,26.17970526
27.393669,95.472623,2013,OIL,Nahorkatiya,Oil India,ONSHORE,Small,10.76013605
27.398614,96.034349,2013,OIL,Kharsang,GeoEnpro,ONSHORE,Small,5.830790118
27.401204,95.116744,2013,OIL,Hatiali,Oil India,ONSHORE,Small,33.59374508
27.425502,95.124383,2013,OIL,Hatiali,Oil India,ONSHORE,Small,26.62563653
27.437631,95.161954,2013,OIL,Chabua,Oil India,ONSHORE,Small,3.811013364
27.438032,95.378442,2013,OIL,Makum,Oil India,ONSHORE,Small,0.050747859
27.438657,94.98521,2013,OIL,Bhogpara,Oil India,ONSHORE,Small,3.917121288
27.44787,95.193167,2013,OIL,Chabua,Oil India,ONSHORE,Small,23.51766209
27.449293,95.086218,2013,OIL,Dikom,Oil India,ONSHORE,Small,32.03022057
27.461042,95.476605,2013,OIL,Hapjan,Oil India,ONSHORE,Small,18.09861685
27.469086,95.422849,2013,OIL,Makum,Oil India,ONSHORE,Small,43.53589195
27.481513,95.236351,2013,OIL,Matimekhana,Oil India,ONSHORE,Small,37.63726137
27.514734,77.657369,2013,,,,ONSHORE,Small,0.061954252
27.535339,95.400252,2013,OIL,North Chandmari,Oil India,ONSHORE,Small,7.609517349
27.557808,96.039575,2013,OIL,Kumchai,Oil India,ONSHORE,Small,45.97389007
27.605516,95.40239,2013,OIL,Baghjan,Oil India,ONSHORE,Medium,127.7810885
27.729648,95.619935,2013,,,,ONSHORE,Small,16.97765229
27.832633,79.824894,2013,,,,ONSHORE,Small,0.132358102
28.227746,79.244761,2013,,,,ONSHORE,Small,0.425398733
28.289354,78.428746,2013,,,,ONSHORE,Small,0.506189212
28.75494,77.054928,2013,,,,ONSHORE,Small,0.088790271
30.250945,74.913206,2013,,,,ONSHORE,Small,1.336581308
9.327317,78.917757,2014,GAS,Perungulam,ONGC,ONSHORE,Small,0.0
10.567933,79.531853,2014,OIL,Kovilkalappal,ONGC,ONSHORE,Small,0.858575165
10.75475,79.670919,2014,OIL,Adiyakka-Mangalam,ONGC,ONSHORE,Small,6.546013123
10.775839,79.525418,2014,OIL,Nannilam,ONGC,ONSHORE,Small,5.489576844
10.807779,79.743971,2014,GAS,Tiruvarur,ONGC,ONSHORE,Small,0.289636483
10.812891,79.306495,2014,OIL,Pundi,ONGC,ONSHORE,Small,2.320436573
10.839896,79.776997,2014,OIL,Narimanam,ONGC,ONSHORE,Small,0.834910851
15.962527,80.939661,2014,OIL,Nagayalanka,ONGC,ONSHORE,Small,4.550131353
16.408137,82.049652,2014,GAS,GS-48-1,Oil India,OFFSHORE,Small,0.0
16.409144,81.922095,2014,OIL,Kesanapalli West,ONGC,ONSHORE,Small,14.34201781
16.49973,81.894923,2014,GAS,Tatipaka,ONGC,ONSHORE,Small,0.603280328
16.509786,82.069073,2014,OIL,Gopavaram,ONGC,ONSHORE,Small,6.907602194
16.706365,82.684997,2014,OIL,MA (Dhirubhai 26),Reliance,OFFSHORE,Small,3.259683925
17.531462,83.002446,2014,,,,ONSHORE,Small,0.229056784
18.056273,74.17169,2014,,,,ONSHORE,Small,2.590860957
18.564089,73.116037,2014,,,,ONSHORE,Small,6.702572585
18.577975,72.24087,2014,OIL,Heera,ONGC,OFFSHORE,Medium,75.62821582
18.586663,71.033083,2014,OIL,D-1,ONGC,OFFSHORE,Medium,56.28451652
18.596861,72.972034,2014,,,,ONSHORE,Small,0.037972028
18.602511,71.027658,2014,OIL,D-1,ONGC,OFFSHORE,Small,0.176493438
18.638376,71.017639,2014,OIL,D-1,ONGC,OFFSHORE,Small,2.20518172
18.654727,70.980059,2014,OIL,D-1,ONGC,OFFSHORE,Small,0.140857678
18.70692,72.342516,2014,OIL,Neelam,ONGC,OFFSHORE,Small,41.76328633
18.921028,72.041109,2014,GAS,B-193,ONGC,OFFSHORE,Small,34.33602738
19.142665,72.120135,2014,GAS,Bassein (Vasai),ONGC,OFFSHORE,Small,39.92207135
19.17721,70.946806,2014,,,,OFFSHORE,Small,1.404179271
19.209154,72.037312,2014,GAS,Bassein (Vasai),ONGC,OFFSHORE,Small,0.0
19.2143,72.115112,2014,GAS,Bassein (Vasai),ONGC,OFFSHORE,Small,32.59329049
19.229616,72.139053,2014,GAS,Bassein (Vasai),ONGC,OFFSHORE,Small,0.408639714
19.240812,70.982234,2014,OIL,B-192,ONGC,OFFSHORE,Small,0.0
19.277933,71.427215,2014,OIL,Bombay High,ONGC,OFFSHORE,Small,37.70380062
19.333291,72.020006,2014,OIL,Panna,ONGC,OFFSHORE,Medium,65.35603427
19.347166,71.304874,2014,OIL,Bombay High,ONGC,OFFSHORE,Medium,90.54572421
19.37044,71.353815,2014,OIL,Bombay High,ONGC,OFFSHORE,Medium,101.5616667
19.417477,71.38999,2014,OIL,Bombay High,ONGC,OFFSHORE,Medium,71.87924661
19.527493,71.300927,2014,OIL,Bombay High,ONGC,OFFSHORE,Small,43.9720937
19.538708,71.349184,2014,OIL,Bombay High,ONGC,OFFSHORE,Small,0.0
19.569914,71.357269,2014,OIL,Bombay High,ONGC,OFFSHORE,Medium,71.61456826
20.155237,71.826797,2014,GAS,Dahanu (B-12),ONGC,OFFSHORE,Small,0.0
20.305714,86.617772,2014,,,,ONSHORE,Small,0.854452689
20.599564,72.036067,2014,GAS,South Tapti,Shell,OFFSHORE,Small,12.48412366
20.963313,86.006976,2014,,,,ONSHORE,Small,0.0
21.120594,85.922429,2014,,,,ONSHORE,Small,0.170026415
21.175694,72.671053,2014,GAS,CB-X,Cairn India,OFFSHORE,Small,4.403892868
21.249627,72.705136,2014,,,,ONSHORE,Small,0.0
21.6958,72.705218,2014,GAS,Dahej,ONGC,ONSHORE,Small,0.201411944
21.740376,73.013344,2014,,,,ONSHORE,Small,0.552027362
21.774826,72.896679,2014,,,,ONSHORE,Small,0.634142711
21.785321,72.128511,2014,,,,OFFSHORE,Small,0.028563289
21.794019,72.647846,2014,OIL,Gandhar,ONGC,ONSHORE,Small,14.5407188
21.820088,72.696848,2014,OIL,Gandhar,ONGC,ONSHORE,Small,0.0
21.833121,72.651415,2014,OIL,Gandhar,ONGC,ONSHORE,Small,0.269937021
21.889912,72.778771,2014,OIL,Gandhar,ONGC,ONSHORE,Small,1.033786318
21.907966,72.682741,2014,OIL,Gandhar,ONGC,ONSHORE,Medium,59.71232295
21.920262,72.006417,2014,,,,ONSHORE,Small,0.158093709
21.926864,72.717944,2014,OIL,Gandhar,ONGC,ONSHORE,Small,0.120214836
21.947606,72.556837,2014,OIL,Nada,ONGC,ONSHORE,Small,0.928006655
22.014808,72.729436,2014,OIL,Gandhar,ONGC,ONSHORE,Small,2.185571864
22.095485,72.81034,2014,OIL,Jumbusar,ONGC,ONSHORE,Small,9.850026975
22.165569,72.933946,2014,OIL,Dabka,ONGC,ONSHORE,Small,0.085294447
22.227936,73.014633,2014,,,,ONSHORE,Small,0.0
22.251767,73.071265,2014,OIL,Padra,ONGC,ONSHORE,Small,0.0
22.255402,72.998717,2014,,,,ONSHORE,Small,0.108118888
22.347298,69.753261,2014,,,,ONSHORE,Small,0.045978917
22.684107,68.502884,2014,GAS,GK-28-1,ONGC,OFFSHORE,Small,0.139951857
22.704525,72.539804,2014,OIL,Dholka,Joshi Technologies,ONSHORE,Small,0.0
23.40411,72.422579,2014,OIL,Nandasan,ONGC,ONSHORE,Small,3.304605312
23.414769,72.355579,2014,OIL,Linch,ONGC,ONSHORE,Small,5.525567185
23.42832,72.300538,2014,OIL,North Kadi,ONGC,ONSHORE,Small,1.880958135
23.449642,72.473371,2014,OIL,Langhnaj,ONGC,ONSHORE,Small,5.153805002
23.484303,72.30962,2014,OIL,Jotana,ONGC,ONSHORE,Small,0.211341079
23.527252,72.272017,2014,OIL,Balol,ONGC,ONSHORE,Small,0.144947624
23.556,72.262287,2014,OIL,Balol,ONGC,ONSHORE,Small,1.013073389
23.577161,87.377849,2014,GAS,Raniganj East,Essar Oil,ONSHORE,Small,0.330575866
23.627915,91.196349,2014,GAS,Rokhia,ONGC,ONSHORE,Small,0.870096806
23.629935,86.293516,2014,,,,ONSHORE,Small,2.455845426
23.668462,86.925456,2014,GAS,Raniganj South,Great Eastern Energy,ONSHORE,Small,10.25248593
23.698367,91.176469,2014,GAS,Rokhia,ONGC,ONSHORE,Small,0.623916368
23.745454,91.34021,2014,GAS,Agartala Dome,ONGC,ONSHORE,Small,10.93233963
25.264677,71.794253,2014,GAS,Raageshwari,Cairn India,ONSHORE,Small,0.0
25.298636,71.768106,2014,GAS,Raageshwari,Cairn India,ONSHORE,Small,12.74880201
25.473073,71.789148,2014,OIL,Saraswati,Cairn India,ONSHORE,Small,0.22623345
25.930159,71.498997,2014,OIL,Mangala,Cairn India,ONSHORE,Small,49.62319827
25.984691,71.388927,2014,OIL,N-I,Cairn India,ONSHORE,Small,0.495196928
26.058863,93.893414,2014,OIL,Nambar,ONGC,ONSHORE,Small,21.15930406
26.063897,93.929502,2014,GAS,Khoraghat,ONGC,ONSHORE,Small,8.638391592
26.091667,93.902092,2014,OIL,KH-31,ONGC,ONSHORE,Small,0.448601709
26.188726,91.808133,2014,,,,ONSHORE,Small,2.663137369
26.294315,94.046454,2014,OIL,Kasomarigaon,ONGC,ONSHORE,Small,13.53331455
26.58288,93.776692,2014,,,,ONSHORE,Small,0.0
26.641744,79.478566,2014,,,,ONSHORE,Medium,53.67174197
26.785109,94.672167,2014,OIL,Geleki,ONGC,ONSHORE,Small,17.43535361
26.793673,94.690097,2014,OIL,Geleki,ONGC,ONSHORE,Small,38.93522034
26.810011,94.69541,2014,OIL,Geleki,ONGC,ONSHORE,Small,14.40104552
26.920979,94.654754,2014,OIL,Charali,ONGC,ONSHORE,Small,2.539099335
26.960066,94.543587,2014,OIL,Rudrasagar,ONGC,ONSHORE,Small,2.631872793
26.96378,94.742782,2014,OIL,Demulgaon,ONGC,ONSHORE,Small,1.431383474
26.970624,94.588494,2014,OIL,Rudrasagar,ONGC,ONSHORE,Small,4.082937099
27.006335,94.899126,2014,OIL,Lakwa,ONGC,ONSHORE,Small,0.220481797
27.020851,94.886379,2014,OIL,Lakwa,ONGC,ONSHORE,Small,0.72967533
27.036271,94.883763,2014,OIL,Lakwa,ONGC,ONSHORE,Small,4.459844984
27.155609,94.931364,2014,OIL,Moran,Oil India,ONSHORE,Small,3.636118642
27.261011,95.150512,2014,OIL,Shalmari,Oil India,ONSHORE,Small,23.5955278
27.266003,95.124609,2014,OIL,Shalmari,Oil India,ONSHORE,Small,9.7797911
27.267836,95.367082,2014,OIL,Nahorkatiya,Oil India,ONSHORE,Small,3.190305667
27.301942,95.39512,2014,OIL,Sants,Oil India,ONSHORE,Small,15.14536836
27.308136,95.319482,2014,OIL,Nahorkatiya,Oil India,ONSHORE,Small,0.0
27.318289,95.266784,2014,OIL,Nahorkatiya,Oil India,ONSHORE,Small,33.43405088
27.324818,95.299798,2014,OIL,Nahorkatiya,Oil India,ONSHORE,Small,1.388100431
27.325051,95.277007,2014,OIL,Nahorkatiya,Oil India,ONSHORE,Small,33.3760878
27.340323,95.481228,2014,OIL,Jorajan,Oil India,ONSHORE,Small,28.13930096
27.35276,95.315745,2014,OIL,Nahorkatiya,Oil India,ONSHORE,Small,17.97878706
27.36828,94.896124,2014,,,,ONSHORE,Small,0.0
27.370129,95.444601,2014,OIL,Nahorkatiya,Oil India,ONSHORE,Small,0.0
27.373702,95.353416,2014,OIL,Nahorkatiya,Oil India,ONSHORE,Small,1.529630895
27.377044,95.088223,2014,OIL,Kathaloni,Oil India,ONSHORE,Small,32.49688251
27.377469,95.336033,2014,OIL,Nahorkatiya,Oil India,ONSHORE,Small,0.0
27.378104,95.197185,2014,OIL,Bhekulajan,Oil India,ONSHORE,Small,0.0
27.380405,95.240079,2014,OIL,Nahorkatiya,Oil India,ONSHORE,Small,0.618179206
27.393284,95.434682,2014,OIL,Nahorkatiya,Oil India,ONSHORE,Small,15.00880024
27.393669,95.472623,2014,OIL,Nahorkatiya,Oil India,ONSHORE,Small,13.33221815
27.398614,96.034349,2014,OIL,Kharsang,GeoEnpro,ONSHORE,Small,4.784822681
27.401204,95.116744,2014,OIL,Hatiali,Oil India,ONSHORE,Small,26.03893778
27.425502,95.124383,2014,OIL,Hatiali,Oil India,ONSHORE,Small,30.86918459
27.437631,95.161954,2014,OIL,Chabua,Oil India,ONSHORE,Small,1.072665941
27.438032,95.378442,2014,OIL,Makum,Oil India,ONSHORE,Small,5.996665075
27.438657,94.98521,2014,OIL,Bhogpara,Oil India,ONSHORE,Small,0.161017
27.44787,95.193167,2014,OIL,Chabua,Oil India,ONSHORE,Small,9.408028917
27.449293,95.086218,2014,OIL,Dikom,Oil India,ONSHORE,Small,25.49062479
27.461042,95.476605,2014,OIL,Hapjan,Oil India,ONSHORE,Small,27.91883425
27.469086,95.422849,2014,OIL,Makum,Oil India,ONSHORE,Medium,59.58870781
27.481513,95.236351,2014,OIL,Matimekhana,Oil India,ONSHORE,Small,32.33334382
27.514734,77.657369,2014,,,,ONSHORE,Small,0.08340207
27.535339,95.400252,2014,OIL,North Chandmari,Oil India,ONSHORE,Small,5.598849079
27.557808,96.039575,2014,OIL,Kumchai,Oil India,ONSHORE,Small,23.90645832
27.605516,95.40239,2014,OIL,Baghjan,Oil India,ONSHORE,Medium,145.8049448
27.729648,95.619935,2014,,,,ONSHORE,Small,19.91904202
27.832633,79.824894,2014,,,,ONSHORE,Small,0.299337906
28.227746,79.244761,2014,,,,ONSHORE,Small,0.458328269
28.289354,78.428746,2014,,,,ONSHORE,Small,0.20203623
28.75494,77.054928,2014,,,,ONSHORE,Small,0.109246802
30.250945,74.913206,2014,,,,ONSHORE,Small,0.353917835
9.327317,78.917757,2015,GAS,Perungulam,ONGC,ONSHORE,Small,1.014957189
10.567933,79.531853,2015,OIL,Kovilkalappal,ONGC,ONSHORE,Small,1.412918093
10.75475,79.670919,2015,OIL,Adiyakka-Mangalam,ONGC,ONSHORE,Small,16.14153486
10.775839,79.525418,2015,OIL,Nannilam,ONGC,ONSHORE,Small,8.382141547
10.807779,79.743971,2015,GAS,Tiruvarur,ONGC,ONSHORE,Small,2.257035018
10.812891,79.306495,2015,OIL,Pundi,ONGC,ONSHORE,Small,13.34937049
10.839896,79.776997,2015,OIL,Narimanam,ONGC,ONSHORE,Small,18.40644221
15.962527,80.939661,2015,OIL,Nagayalanka,ONGC,ONSHORE,Small,0.0
16.408137,82.049652,2015,GAS,GS-48-1,Oil India,OFFSHORE,Small,1.613905073
16.409144,81.922095,2015,OIL,Kesanapalli West,ONGC,ONSHORE,Small,26.70326565
16.49973,81.894923,2015,GAS,Tatipaka,ONGC,ONSHORE,Small,25.30440361
16.509786,82.069073,2015,OIL,Gopavaram,ONGC,ONSHORE,Small,15.61457357
16.706365,82.684997,2015,OIL,MA (Dhirubhai 26),Reliance,OFFSHORE,Small,3.98082153
17.531462,83.002446,2015,,,,ONSHORE,Small,0.080159391
18.056273,74.17169,2015,,,,ONSHORE,Small,2.880093769
18.564089,73.116037,2015,,,,ONSHORE,Small,18.04047634
18.577975,72.24087,2015,OIL,Heera,ONGC,OFFSHORE,Medium,89.01857449
18.586663,71.033083,2015,OIL,D-1,ONGC,OFFSHORE,Medium,68.84919703
18.596861,72.972034,2015,,,,ONSHORE,Small,0.175136925
18.602511,71.027658,2015,OIL,D-1,ONGC,OFFSHORE,Small,0.227587598
18.638376,71.017639,2015,OIL,D-1,ONGC,OFFSHORE,Small,0.0
18.654727,70.980059,2015,OIL,D-1,ONGC,OFFSHORE,Small,0.656292888
18.70692,72.342516,2015,OIL,Neelam,ONGC,OFFSHORE,Medium,67.0272045
18.921028,72.041109,2015,GAS,B-193,ONGC,OFFSHORE,Medium,112.2682756
19.142665,72.120135,2015,GAS,Bassein (Vasai),ONGC,OFFSHORE,Small,37.58905738
19.17721,70.946806,2015,,,,OFFSHORE,Small,24.31149013
19.209154,72.037312,2015,GAS,Bassein (Vasai),ONGC,OFFSHORE,Small,0.7780331
19.2143,72.115112,2015,GAS,Bassein (Vasai),ONGC,OFFSHORE,Small,25.89935322
19.229616,72.139053,2015,GAS,Bassein (Vasai),ONGC,OFFSHORE,Small,2.472571914
19.240812,70.982234,2015,OIL,B-192,ONGC,OFFSHORE,Small,0.0
19.277933,71.427215,2015,OIL,Bombay High,ONGC,OFFSHORE,Small,38.71785879
19.333291,72.020006,2015,OIL,Panna,ONGC,OFFSHORE,Medium,63.98325561
19.347166,71.304874,2015,OIL,Bombay High,ONGC,OFFSHORE,Medium,61.20575945
19.37044,71.353815,2015,OIL,Bombay High,ONGC,OFFSHORE,Medium,72.36365235
19.417477,71.38999,2015,OIL,Bombay High,ONGC,OFFSHORE,Medium,53.95534704
19.527493,71.300927,2015,OIL,Bombay High,ONGC,OFFSHORE,Small,47.83817199
19.538708,71.349184,2015,OIL,Bombay High,ONGC,OFFSHORE,Small,0.235890513
19.569914,71.357269,2015,OIL,Bombay High,ONGC,OFFSHORE,Medium,75.75892848
20.155237,71.826797,2015,GAS,Dahanu (B-12),ONGC,OFFSHORE,Small,1.502707636
20.305714,86.617772,2015,,,,ONSHORE,Small,0.242065651
20.599564,72.036067,2015,GAS,South Tapti,Shell,OFFSHORE,Small,7.158883975
20.963313,86.006976,2015,,,,ONSHORE,Small,17.88935831
21.120594,85.922429,2015,,,,ONSHORE,Small,1.678820765
21.175694,72.671053,2015,GAS,CB-X,Cairn India,OFFSHORE,Small,1.111604711
21.249627,72.705136,2015,,,,ONSHORE,Small,2.904804968
21.6958,72.705218,2015,GAS,Dahej,ONGC,ONSHORE,Small,0.148743022
21.740376,73.013344,2015,,,,ONSHORE,Small,0.523397741
21.774826,72.896679,2015,,,,ONSHORE,Small,1.74410612
21.785321,72.128511,2015,,,,OFFSHORE,Small,0.0
21.794019,72.647846,2015,OIL,Gandhar,ONGC,ONSHORE,Small,7.98530146
21.820088,72.696848,2015,OIL,Gandhar,ONGC,ONSHORE,Small,0.062316521
21.833121,72.651415,2015,OIL,Gandhar,ONGC,ONSHORE,Small,0.156665629
21.889912,72.778771,2015,OIL,Gandhar,ONGC,ONSHORE,Small,0.422468049
21.907966,72.682741,2015,OIL,Gandhar,ONGC,ONSHORE,Small,36.63089218
21.920262,72.006417,2015,,,,ONSHORE,Small,0.395775459
21.926864,72.717944,2015,OIL,Gandhar,ONGC,ONSHORE,Small,0.071219177
21.947606,72.556837,2015,OIL,Nada,ONGC,ONSHORE,Small,0.51102144
22.014808,72.729436,2015,OIL,Gandhar,ONGC,ONSHORE,Small,1.714547906
22.095485,72.81034,2015,OIL,Jumbusar,ONGC,ONSHORE,Small,9.31431208
22.165569,72.933946,2015,OIL,Dabka,ONGC,ONSHORE,Small,0.213596907
22.227936,73.014633,2015,,,,ONSHORE,Small,0.0
22.251767,73.071265,2015,OIL,Padra,ONGC,ONSHORE,Small,0.0
22.255402,72.998717,2015,,,,ONSHORE,Small,0.534889808
22.347298,69.753261,2015,,,,ONSHORE,Small,0.265886703
22.684107,68.502884,2015,GAS,GK-28-1,ONGC,OFFSHORE,Small,0.0
22.704525,72.539804,2015,OIL,Dholka,Joshi Technologies,ONSHORE,Small,0.0
23.40411,72.422579,2015,OIL,Nandasan,ONGC,ONSHORE,Small,11.13538785
23.414769,72.355579,2015,OIL,Linch,ONGC,ONSHORE,Small,2.365091803
23.42832,72.300538,2015,OIL,North Kadi,ONGC,ONSHORE,Small,0.489539613
23.449642,72.473371,2015,OIL,Langhnaj,ONGC,ONSHORE,Small,0.560207254
23.484303,72.30962,2015,OIL,Jotana,ONGC,ONSHORE,Small,5.558274923
23.527252,72.272017,2015,OIL,Balol,ONGC,ONSHORE,Small,10.0079468
23.556,72.262287,2015,OIL,Balol,ONGC,ONSHORE,Small,0.735379962
23.577161,87.377849,2015,GAS,Raniganj East,Essar Oil,ONSHORE,Small,1.198800701
23.627915,91.196349,2015,GAS,Rokhia,ONGC,ONSHORE,Small,0.576129357
23.629935,86.293516,2015,,,,ONSHORE,Small,5.072597544
23.668462,86.925456,2015,GAS,Raniganj South,Great Eastern Energy,ONSHORE,Small,16.47121466
23.698367,91.176469,2015,GAS,Rokhia,ONGC,ONSHORE,Small,0.0
23.745454,91.34021,2015,GAS,Agartala Dome,ONGC,ONSHORE,Small,5.102259263
25.264677,71.794253,2015,GAS,Raageshwari,Cairn India,ONSHORE,Small,1.69716194
25.298636,71.768106,2015,GAS,Raageshwari,Cairn India,ONSHORE,Small,30.28630076
25.473073,71.789148,2015,OIL,Saraswati,Cairn India,ONSHORE,Small,1.614097297
25.930159,71.498997,2015,OIL,Mangala,Cairn India,ONSHORE,Small,28.54974463
25.984691,71.388927,2015,OIL,N-I,Cairn India,ONSHORE,Small,1.027025931
26.058863,93.893414,2015,OIL,Nambar,ONGC,ONSHORE,Small,26.23956101
26.063897,93.929502,2015,GAS,Khoraghat,ONGC,ONSHORE,Small,7.020275324
26.091667,93.902092,2015,OIL,KH-31,ONGC,ONSHORE,Small,0.0
26.188726,91.808133,2015,,,,ONSHORE,Small,2.844319311
26.294315,94.046454,2015,OIL,Kasomarigaon,ONGC,ONSHORE,Small,13.91663978
26.58288,93.776692,2015,,,,ONSHORE,Small,0.790991988
26.641744,79.478566,2015,,,,ONSHORE,Medium,74.75344648
26.785109,94.672167,2015,OIL,Geleki,ONGC,ONSHORE,Small,26.82484026
26.793673,94.690097,2015,OIL,Geleki,ONGC,ONSHORE,Medium,56.25109903
26.810011,94.69541,2015,OIL,Geleki,ONGC,ONSHORE,Small,14.43259991
26.920979,94.654754,2015,OIL,Charali,ONGC,ONSHORE,Small,1.730499583
26.960066,94.543587,2015,OIL,Rudrasagar,ONGC,ONSHORE,Small,3.653803296
26.96378,94.742782,2015,OIL,Demulgaon,ONGC,ONSHORE,Small,4.895336982
26.970624,94.588494,2015,OIL,Rudrasagar,ONGC,ONSHORE,Small,6.655255785
27.006335,94.899126,2015,OIL,Lakwa,ONGC,ONSHORE,Small,0.391333594
27.020851,94.886379,2015,OIL,Lakwa,ONGC,ONSHORE,Small,1.731185676
27.036271,94.883763,2015,OIL,Lakwa,ONGC,ONSHORE,Small,5.995127279
27.155609,94.931364,2015,OIL,Moran,Oil India,ONSHORE,Small,1.125589782
27.261011,95.150512,2015,OIL,Shalmari,Oil India,ONSHORE,Small,24.27514492
27.266003,95.124609,2015,OIL,Shalmari,Oil India,ONSHORE,Small,17.91334201
27.267836,95.367082,2015,OIL,Nahorkatiya,Oil India,ONSHORE,Small,0.06976803
27.301942,95.39512,2015,OIL,Sants,Oil India,ONSHORE,Small,20.09287211
27.308136,95.319482,2015,OIL,Nahorkatiya,Oil India,ONSHORE,Small,6.247917283
27.318289,95.266784,2015,OIL,Nahorkatiya,Oil India,ONSHORE,Small,38.80983082
27.324818,95.299798,2015,OIL,Nahorkatiya,Oil India,ONSHORE,Small,10.03441463
27.325051,95.277007,2015,OIL,Nahorkatiya,Oil India,ONSHORE,Small,38.49606129
27.340323,95.481228,2015,OIL,Jorajan,Oil India,ONSHORE,Small,39.65709727
27.35276,95.315745,2015,OIL,Nahorkatiya,Oil India,ONSHORE,Small,22.44966277
27.36828,94.896124,2015,,,,ONSHORE,Small,33.51123641
27.370129,95.444601,2015,OIL,Nahorkatiya,Oil India,ONSHORE,Small,2.299889253
27.373702,95.353416,2015,OIL,Nahorkatiya,Oil India,ONSHORE,Small,0.382228068
27.377044,95.088223,2015,OIL,Kathaloni,Oil India,ONSHORE,Small,28.12750133
27.377469,95.336033,2015,OIL,Nahorkatiya,Oil India,ONSHORE,Small,1.04067387
27.378104,95.197185,2015,OIL,Bhekulajan,Oil India,ONSHORE,Small,5.403844717
27.380405,95.240079,2015,OIL,Nahorkatiya,Oil India,ONSHORE,Small,0.218863858
27.393284,95.434682,2015,OIL,Nahorkatiya,Oil India,ONSHORE,Small,27.60358607
27.393669,95.472623,2015,OIL,Nahorkatiya,Oil India,ONSHORE,Small,12.06060873
27.398614,96.034349,2015,OIL,Kharsang,GeoEnpro,ONSHORE,Small,2.952112896
27.401204,95.116744,2015,OIL,Hatiali,Oil India,ONSHORE,Small,18.28004721
27.425502,95.124383,2015,OIL,Hatiali,Oil India,ONSHORE,Small,28.30455488
27.437631,95.161954,2015,OIL,Chabua,Oil India,ONSHORE,Small,0.97439782
27.438032,95.378442,2015,OIL,Makum,Oil India,ONSHORE,Small,17.80566672
27.438657,94.98521,2015,OIL,Bhogpara,Oil India,ONSHORE,Small,0.0
27.44787,95.193167,2015,OIL,Chabua,Oil India,ONSHORE,Small,7.334311011
27.449293,95.086218,2015,OIL,Dikom,Oil India,ONSHORE,Small,14.42366886
27.461042,95.476605,2015,OIL,Hapjan,Oil India,ONSHORE,Small,39.20610902
27.469086,95.422849,2015,OIL,Makum,Oil India,ONSHORE,Medium,54.28508599
27.481513,95.236351,2015,OIL,Matimekhana,Oil India,ONSHORE,Small,38.10007882
27.514734,77.657369,2015,,,,ONSHORE,Small,0.043538849
27.535339,95.400252,2015,OIL,North Chandmari,Oil India,ONSHORE,Small,19.24040081
27.557808,96.039575,2015,OIL,Kumchai,Oil India,ONSHORE,Small,19.43218172
27.605516,95.40239,2015,OIL,Baghjan,Oil India,ONSHORE,Medium,130.4500518
27.729648,95.619935,2015,,,,ONSHORE,Small,16.39606967
27.832633,79.824894,2015,,,,ONSHORE,Small,0.175676632
28.227746,79.244761,2015,,,,ONSHORE,Small,0.774777112
28.289354,78.428746,2015,,,,ONSHORE,Small,0.0
28.75494,77.054928,2015,,,,ONSHORE,Small,0.057380196
30.250945,74.913206,2015,,,,ONSHORE,Small,0.452821776
10.567347,79.531001,2016,OIL,Kovilkalappal,ONGC,ONSHORE,Small,2.318358646
10.75509,79.67106,2016,OIL,Adiyakka-Mangalam,ONGC,ONSHORE,Small,6.300592097
10.775487,79.525212,2016,OIL,Nannilam,ONGC,ONSHORE,Small,10.48568413
10.807236,79.744894,2016,GAS,Tiruvarur,ONGC,ONSHORE,Small,2.17192827
10.813109,79.307056,2016,OIL,Pundi,ONGC,ONSHORE,Small,17.12594914
10.839821,79.776851,2016,OIL,Narimanam,ONGC,ONSHORE,Small,10.81646309
16.408789,81.921888,2016,OIL,Kesanapalli West,ONGC,ONSHORE,Small,51.37450119
16.499826,81.894879,2016,GAS,Tatipaka,ONGC,ONSHORE,Small,2.354917808
16.707576,82.683661,2016,OIL,MA (Dhirubhai 26),Reliance,OFFSHORE,Small,2.372664631
18.055944,74.172333,2016,,,,ONSHORE,Small,1.49191319
18.563712,73.116219,2016,,,,ONSHORE,Small,2.442741984
18.577583,72.241244,2016,OIL,Heera,ONGC,OFFSHORE,Medium,65.21913717
18.586708,71.03301,2016,OIL,D-1,ONGC,OFFSHORE,Medium,62.86913599
18.706614,72.342493,2016,OIL,Neelam,ONGC,OFFSHORE,Small,45.52239358
18.92042,72.040892,2016,GAS,B-193,ONGC,OFFSHORE,Medium,91.97146137
19.142997,72.119516,2016,GAS,Bassein (Vasai),ONGC,OFFSHORE,Small,24.68810383
19.177211,70.945455,2016,,,,OFFSHORE,Small,18.10096775
19.208147,72.037069,2016,GAS,Bassein (Vasai),ONGC,OFFSHORE,Small,1.123101551
19.21436,72.115514,2016,GAS,Bassein (Vasai),ONGC,OFFSHORE,Small,42.5853324
19.27719,71.426054,2016,OIL,Bombay High,ONGC,OFFSHORE,Small,44.8132251
19.282343,71.435731,2016,OIL,Bombay High,ONGC,OFFSHORE,Small,42.75528627
19.333371,72.020152,2016,OIL,Panna,ONGC,OFFSHORE,Medium,67.65661029
19.346711,71.30492,2016,OIL,Bombay High,ONGC,OFFSHORE,Small,38.46828062
19.3703,71.353904,2016,OIL,Bombay High,ONGC,OFFSHORE,Medium,78.167039
19.417039,71.390001,2016,OIL,Bombay High,ONGC,OFFSHORE,Medium,55.07708861
19.526314,71.301711,2016,OIL,Bombay High,ONGC,OFFSHORE,Medium,72.84269833
19.570262,71.358514,2016,OIL,Bombay High,ONGC,OFFSHORE,Medium,70.57312437
20.599831,72.035805,2016,GAS,South Tapti,Shell,OFFSHORE,Small,2.120807085
20.964254,86.009242,2016,,,,ONSHORE,Small,31.11506059
21.121026,85.922693,2016,,,,ONSHORE,Small,0.924860195
21.776242,72.896985,2016,,,,ONSHORE,Small,0.518262439
21.79399,72.647221,2016,OIL,Gandhar,ONGC,ONSHORE,Small,2.72640644
21.891175,72.781022,2016,OIL,Gandhar,ONGC,ONSHORE,Small,1.098627019
21.907141,72.682618,2016,OIL,Gandhar,ONGC,ONSHORE,Small,11.45433313
21.946552,72.557865,2016,OIL,Nada,ONGC,ONSHORE,Small,0.470299637
22.014255,72.729647,2016,OIL,Gandhar,ONGC,ONSHORE,Small,6.008793924
22.095257,72.810251,2016,OIL,Jumbusar,ONGC,ONSHORE,Small,6.521444069
22.348986,69.751339,2016,,,,ONSHORE,Small,0.774616864
23.403853,72.42239,2016,OIL,Nandasan,ONGC,ONSHORE,Small,18.64904696
23.414358,72.355604,2016,OIL,Linch,ONGC,ONSHORE,Small,6.857389154
23.446674,72.473499,2016,OIL,Langhnaj,ONGC,ONSHORE,Small,1.190355144
23.484102,72.310114,2016,OIL,Jotana,ONGC,ONSHORE,Small,4.84177735
23.526895,72.272332,2016,OIL,Balol,ONGC,ONSHORE,Small,2.270692309
23.577416,87.37824,2016,GAS,Raniganj East,Essar Oil,ONSHORE,Small,12.08536393
23.628544,86.290419,2016,,,,ONSHORE,Small,0.0
23.632975,86.300066,2016,,,,ONSHORE,Small,1.891181502
23.667007,86.923051,2016,GAS,Raniganj South,Great Eastern Energy,ONSHORE,Small,13.69379091
23.744996,91.340473,2016,GAS,Agartala Dome,ONGC,ONSHORE,Small,2.993242822
25.298665,71.768225,2016,GAS,Raageshwari,Cairn India,ONSHORE,Small,37.99334908
25.471922,71.789136,2016,OIL,Saraswati,Cairn India,ONSHORE,Small,0.703700016
25.929883,71.499076,2016,OIL,Mangala,Cairn India,ONSHORE,Small,7.300795572
25.985516,71.388945,2016,OIL,N-I,Cairn India,ONSHORE,Small,0.957709137
26.058862,93.89345900000001,2016,OIL,Nambar,ONGC,ONSHORE,Small,16.79079659
26.063898,93.930083,2016,GAS,Khoraghat,ONGC,ONSHORE,Small,15.18436561
26.188926,91.808803,2016,,,,ONSHORE,Small,2.601779473
26.294027,94.046289,2016,OIL,Kasomarigaon,ONGC,ONSHORE,Small,11.85071604
26.299383,94.057525,2016,OIL,Kasomarigaon,ONGC,ONSHORE,Small,3.019895346
26.642564,79.479606,2016,,,,ONSHORE,Medium,108.3636442
26.785082,94.672412,2016,OIL,Geleki,ONGC,ONSHORE,Small,36.3008551
26.79316,94.689866,2016,OIL,Geleki,ONGC,ONSHORE,Medium,65.89308205
26.809739,94.694488,2016,OIL,Geleki,ONGC,ONSHORE,Small,17.09107778
26.921329,94.654639,2016,OIL,Charali,ONGC,ONSHORE,Small,1.48330102
26.963684,94.742291,2016,OIL,Demulgaon,ONGC,ONSHORE,Small,11.72869562
26.963856,94.543145,2016,OIL,Rudrasagar,ONGC,ONSHORE,Small,1.830232933
26.970607,94.587957,2016,OIL,Rudrasagar,ONGC,ONSHORE,Small,5.433357712
27.006897,94.90004,2016,OIL,Lakwa,ONGC,ONSHORE,Small,0.784329772
27.020574,94.885833,2016,OIL,Lakwa,ONGC,ONSHORE,Small,6.833789342
27.030659,94.889506,2016,OIL,Lakwa,ONGC,ONSHORE,Small,13.54015731
27.155346,94.930809,2016,OIL,Moran,Oil India,ONSHORE,Small,1.574010596
27.261042,95.150729,2016,OIL,Shalmari,Oil India,ONSHORE,Small,9.371033309
27.265893,95.125002,2016,OIL,Shalmari,Oil India,ONSHORE,Small,23.15546629
27.267395,95.366684,2016,OIL,Nahorkatiya,Oil India,ONSHORE,Small,8.586779855
27.301582,95.394899,2016,OIL,Sants,Oil India,ONSHORE,Small,29.86198102
27.320368,95.269747,2016,OIL,Nahorkatiya,Oil India,ONSHORE,Small,14.73494182
27.324497,95.300504,2016,OIL,Nahorkatiya,Oil India,ONSHORE,Small,5.548832414
27.34053,95.480735,2016,OIL,Jorajan,Oil India,ONSHORE,Small,28.28860151
27.352729,95.317204,2016,OIL,Nahorkatiya,Oil India,ONSHORE,Small,7.940984502
27.358363,95.295616,2016,OIL,Nahorkatiya,Oil India,ONSHORE,Small,1.118851236
27.368194,94.895716,2016,,,,ONSHORE,Medium,78.17936726
27.369483,95.444218,2016,OIL,Nahorkatiya,Oil India,ONSHORE,Small,2.434373443
27.374334,95.352388,2016,OIL,Nahorkatiya,Oil India,ONSHORE,Small,0.354132204
27.377072,95.088157,2016,OIL,Kathaloni,Oil India,ONSHORE,Small,28.76896336
27.378514,95.196956,2016,OIL,Bhekulajan,Oil India,ONSHORE,Small,8.785705136
27.393155,95.472432,2016,OIL,Nahorkatiya,Oil India,ONSHORE,Small,10.69100837
27.393182,95.43495,2016,OIL,Nahorkatiya,Oil India,ONSHORE,Small,16.97407672
27.399703,96.034941,2016,OIL,Kharsang,GeoEnpro,ONSHORE,Small,0.342382198
27.400793,95.116852,2016,OIL,Hatiali,Oil India,ONSHORE,Small,25.1691995
27.42519,95.123898,2016,OIL,Hatiali,Oil India,ONSHORE,Small,11.05298956
27.437934,95.378055,2016,OIL,Makum,Oil India,ONSHORE,Small,14.14694253
27.44732,95.193,2016,OIL,Chabua,Oil India,ONSHORE,Small,7.787732489
27.448367,95.08666,2016,OIL,Dikom,Oil India,ONSHORE,Small,8.389234165
27.460507,95.4765,2016,OIL,Hapjan,Oil India,ONSHORE,Small,35.30520134
27.468728,95.423275,2016,OIL,Makum,Oil India,ONSHORE,Medium,54.01979355
27.481309,95.235961,2016,OIL,Matimekhana,Oil India,ONSHORE,Small,28.72428809
27.535229,95.40036,2016,OIL,North Chandmari,Oil India,ONSHORE,Small,34.0142564
27.557365,96.03948,2016,OIL,Kumchai,Oil India,ONSHORE,Small,19.01155651
27.60535,95.402374,2016,OIL,Baghjan,Oil India,ONSHORE,Small,37.98953319
27.729386,95.619962,2016,,,,ONSHORE,Small,18.15588721
27.832277,79.823493,2016,,,,ONSHORE,Small,1.936091592
10.77578,79.525545,2017,OIL,Nannilam,ONGC,ONSHORE,Small,0.515274303
10.813069,79.306734,2017,OIL,Pundi,ONGC,ONSHORE,Small,16.66325781
10.839866,79.776923,2017,OIL,Narimanam,ONGC,ONSHORE,Small,3.533191257
10.879987,77.268075,2017,,,,ONSHORE,Small,1.342248113
10.901841,77.303497,2017,,,,ONSHORE,Small,0.758505002
16.326726,82.179258,2017,,,,OFFSHORE,Small,0.788970481
16.691356,82.708514,2017,OIL,MA (Dhirubhai 26),Reliance,OFFSHORE,Small,1.39519799
18.573202,72.280073,2017,OIL,Heera,ONGC,OFFSHORE,Small,0.387720842
18.57777,72.240977,2017,OIL,Heera,ONGC,OFFSHORE,Medium,51.75403548
18.589113,71.032204,2017,OIL,D-1,ONGC,OFFSHORE,Small,48.61062271
18.706735,72.342621,2017,OIL,Neelam,ONGC,OFFSHORE,Small,48.97342579
18.920909,72.041101,2017,GAS,B-193,ONGC,OFFSHORE,Small,25.38567787
19.142731,72.120046,2017,GAS,Bassein (Vasai),ONGC,OFFSHORE,Small,28.93612869
19.176995,70.94607,2017,,,,OFFSHORE,Medium,67.26885716
19.214261,72.115217,2017,GAS,Bassein (Vasai),ONGC,OFFSHORE,Medium,89.62204725
19.224359,72.181422,2017,OIL,Vasai East,ONGC,OFFSHORE,Small,0.893754821
19.252689,70.880484,2017,,,,OFFSHORE,Small,2.169553613
19.264691,72.098629,2017,GAS,Bassein (Vasai),ONGC,OFFSHORE,Small,0.760659513
19.27878,71.428869,2017,OIL,Bombay High,ONGC,OFFSHORE,Medium,63.62380162
19.325815,71.027245,2017,OIL,SW-WO-24,ONGC,OFFSHORE,Small,1.272185438
19.33329,72.020052,2017,OIL,Panna,ONGC,OFFSHORE,Small,51.42322717
19.347124,71.304881,2017,OIL,Bombay High,ONGC,OFFSHORE,Small,35.840013
19.351157,71.242463,2017,OIL,Bombay High,ONGC,OFFSHORE,Small,0.778456237
19.370348,71.35387,2017,OIL,Bombay High,ONGC,OFFSHORE,Medium,107.4416665
19.417369,71.389996,2017,OIL,Bombay High,ONGC,OFFSHORE,Small,15.21506884
19.527414,71.300773,2017,OIL,Bombay High,ONGC,OFFSHORE,Medium,95.27631564
19.569916,71.357476,2017,OIL,Bombay High,ONGC,OFFSHORE,Medium,104.9267015
19.576594,71.983477,2017,,,,OFFSHORE,Small,0.596570372
20.599581,72.036188,2017,GAS,South Tapti,Shell,OFFSHORE,Small,0.797315539
21.120511,85.922449,2017,,,,ONSHORE,Small,1.452233804
21.920714,72.006423,2017,,,,ONSHORE,Small,0.529266878
22.095473,72.810374,2017,OIL,Jumbusar,ONGC,ONSHORE,Small,2.668666154
22.348248,69.752795,2017,,,,ONSHORE,Small,0.92100321
22.822863,68.294871,2017,GAS,GKS101NCA-1,ONGC,OFFSHORE,Small,0.47179664
23.403935,72.422401,2017,OIL,Nandasan,ONGC,ONSHORE,Small,14.74392384
23.414683,72.355757,2017,OIL,Linch,ONGC,ONSHORE,Small,10.6565773
23.448805,72.473608,2017,OIL,Langhnaj,ONGC,ONSHORE,Small,1.589931663
23.483817,72.309943,2017,OIL,Jotana,ONGC,ONSHORE,Small,0.398434687
23.527241,72.27207,2017,OIL,Balol,ONGC,ONSHORE,Small,6.323399378
25.29865,71.76831,2017,GAS,Raageshwari,Cairn India,ONSHORE,Small,27.59654583
25.446393,71.565926,2017,OIL,Kameshwari West 2,Cairn India,ONSHORE,Small,2.729265422
25.467118,71.78758,2017,OIL,Saraswati,Cairn India,ONSHORE,Small,0.298097327
25.930127,71.499036,2017,OIL,Mangala,Cairn India,ONSHORE,Small,2.900032371
25.984862,71.388978,2017,OIL,N-I,Cairn India,ONSHORE,Small,4.355456846
26.058836,93.893421,2017,OIL,Nambar,ONGC,ONSHORE,Small,11.63687944
26.063985,93.929621,2017,GAS,Khoraghat,ONGC,ONSHORE,Small,13.99477658
26.188941,91.807683,2017,,,,ONSHORE,Small,0.460023151
26.201941,93.996452,2017,OIL,Suphayam,ONGC,ONSHORE,Small,2.392160894
26.294235,94.046428,2017,OIL,Kasomarigaon,ONGC,ONSHORE,Small,12.03707824
26.299864,94.057727,2017,OIL,Kasomarigaon,ONGC,ONSHORE,Small,2.293608196
26.785079,94.672296,2017,OIL,Geleki,ONGC,ONSHORE,Small,21.64804297
26.793617,94.690078,2017,OIL,Geleki,ONGC,ONSHORE,Small,46.91666108
26.810048,94.695242,2017,OIL,Geleki,ONGC,ONSHORE,Small,13.34041015
26.920944,94.654782,2017,OIL,Charali,ONGC,ONSHORE,Small,2.162614563
26.963262,94.543182,2017,OIL,Rudrasagar,ONGC,ONSHORE,Small,1.160197872
26.963717,94.742507,2017,OIL,Demulgaon,ONGC,ONSHORE,Small,7.729760314
26.970575,94.588317,2017,OIL,Rudrasagar,ONGC,ONSHORE,Small,7.629578525
27.005346,94.899483,2017,OIL,Lakwa,ONGC,ONSHORE,Small,3.343130582
27.029975,94.887191,2017,OIL,Lakwa,ONGC,ONSHORE,Small,19.35850897
27.156027,94.931153,2017,OIL,Moran,Oil India,ONSHORE,Small,1.790811854
27.261045,95.150564,2017,OIL,Shalmari,Oil India,ONSHORE,Small,6.824367029
27.265885,95.124927,2017,OIL,Shalmari,Oil India,ONSHORE,Small,28.08216187
27.267633,95.36693,2017,OIL,Nahorkatiya,Oil India,ONSHORE,Small,5.520448063
27.301855,95.394975,2017,OIL,Sants,Oil India,ONSHORE,Small,6.417094154
27.320523,95.270469,2017,OIL,Nahorkatiya,Oil India,ONSHORE,Small,11.22176931
27.340377,95.481252,2017,OIL,Jorajan,Oil India,ONSHORE,Small,21.00964457
27.351613,95.307692,2017,OIL,Nahorkatiya,Oil India,ONSHORE,Small,1.14119474
27.352964,95.318733,2017,OIL,Nahorkatiya,Oil India,ONSHORE,Small,3.035863378
27.357268,95.29773,2017,OIL,Nahorkatiya,Oil India,ONSHORE,Small,2.50792032
27.368214,94.895925,2017,,,,ONSHORE,Small,29.10804922
27.369767,95.444426,2017,OIL,Nahorkatiya,Oil India,ONSHORE,Small,6.809044763
27.377009,95.088183,2017,OIL,Kathaloni,Oil India,ONSHORE,Small,26.68727795
27.378388,95.196961,2017,OIL,Bhekulajan,Oil India,ONSHORE,Small,3.066595969
27.393298,95.43481,2017,OIL,Nahorkatiya,Oil India,ONSHORE,Small,24.96751504
27.393543,95.47263,2017,OIL,Nahorkatiya,Oil India,ONSHORE,Small,5.4361756
27.398602,96.034408,2017,OIL,Kharsang,GeoEnpro,ONSHORE,Small,0.989498436
27.401057,95.116843,2017,OIL,Hatiali,Oil India,ONSHORE,Small,16.29616919
27.425424,95.124421,2017,OIL,Hatiali,Oil India,ONSHORE,Small,3.535686262
27.436004,94.983945,2017,OIL,Bhogpara,Oil India,ONSHORE,Small,6.660958878
27.438024,95.378399,2017,OIL,Makum,Oil India,ONSHORE,Small,11.09804642
27.446728,95.193406,2017,OIL,Chabua,Oil India,ONSHORE,Small,0.420443566
27.449098,95.086611,2017,OIL,Dikom,Oil India,ONSHORE,Small,0.756230145
27.460979,95.476622,2017,OIL,Hapjan,Oil India,ONSHORE,Small,37.13829619
27.469015,95.422907,2017,OIL,Makum,Oil India,ONSHORE,Small,27.47757812
27.481431,95.236281,2017,OIL,Matimekhana,Oil India,ONSHORE,Small,21.5993757
27.535335,95.400455,2017,OIL,North Chandmari,Oil India,ONSHORE,Small,33.17270589
27.557654,96.03964,2017,OIL,Kumchai,Oil India,ONSHORE,Small,17.3426917
27.60549,95.402501,2017,OIL,Baghjan,Oil India,ONSHORE,Small,23.15006533
27.72954,95.62006,2017,,,,ONSHORE,Small,7.691190472
10.77607,79.526973,2018,OIL,Nannilam,ONGC,ONSHORE,Small,3.366436864
10.813591,79.306886,2018,OIL,Pundi,ONGC,ONSHORE,Small,23.77531359
10.839718,79.777075,2018,OIL,Narimanam,ONGC,ONSHORE,Small,1.831154617
15.36591,80.531449,2018,OIL,KGS092NASRI-1,ONGC,OFFSHORE,Small,0.716967572
15.962547,80.93812,2018,OIL,Nagayalanka,ONGC,ONSHORE,Small,6.964791781
16.374348,81.975281,2018,OIL,GS-23,ONGC,OFFSHORE,Small,2.775317344
16.406563,82.351686,2018,OIL,Padmavati,ONGC,OFFSHORE,Small,4.480588685
16.509101,82.068935,2018,OIL,Gopavaram,ONGC,ONSHORE,Small,2.590176232
17.532559,83.002934,2018,,,,ONSHORE,Small,1.141790606
18.577378,72.24083,2018,OIL,Heera,ONGC,OFFSHORE,Small,39.40111896
18.586531,71.032955,2018,OIL,D-1,ONGC,OFFSHORE,Small,37.05728191
18.705472,72.342846,2018,OIL,Neelam,ONGC,OFFSHORE,Small,40.771317
18.921415,72.04133,2018,GAS,B-193,ONGC,OFFSHORE,Small,43.2692573
19.143105,72.11942,2018,GAS,Bassein (Vasai),ONGC,OFFSHORE,Small,16.31486705
19.176837,70.945535,2018,,,,OFFSHORE,Medium,64.12368321
19.214169,72.115343,2018,GAS,Bassein (Vasai),ONGC,OFFSHORE,Small,23.78115483
19.21604,71.016205,2018,OIL,B-192,ONGC,OFFSHORE,Small,0.673390108
19.247696,71.004362,2018,OIL,B-192,ONGC,OFFSHORE,Small,0.63338784
19.277074,71.424843,2018,OIL,Bombay High,ONGC,OFFSHORE,Small,34.11024071
19.282067,71.435478,2018,OIL,Bombay High,ONGC,OFFSHORE,Small,38.46857415
19.311451,71.001432,2018,OIL,SW-WO-24,ONGC,OFFSHORE,Small,0.95470926
19.333052,72.019977,2018,OIL,Panna,ONGC,OFFSHORE,Small,49.02185824
19.347366,71.305156,2018,OIL,Bombay High,ONGC,OFFSHORE,Small,38.91268504
19.370065,71.353896,2018,OIL,Bombay High,ONGC,OFFSHORE,Medium,121.4424604
19.378646,70.983884,2018,OIL,WO-24,ONGC,OFFSHORE,Small,1.105460398
19.417089,71.389967,2018,OIL,Bombay High,ONGC,OFFSHORE,Medium,59.00099765
19.478135,71.779464,2018,OIL,B-127,ONGC,OFFSHORE,Small,1.47014794
19.528134,71.299665,2018,OIL,Bombay High,ONGC,OFFSHORE,Medium,99.97015387
19.570025,71.357865,2018,OIL,Bombay High,ONGC,OFFSHORE,Medium,96.24320346
20.246672,71.964285,2018,,,,OFFSHORE,Small,0.980815819
20.269591,71.927216,2018,GAS,B-12-11,ONGC,OFFSHORE,Small,1.238182923
20.599657,72.035912,2018,GAS,South Tapti,Shell,OFFSHORE,Small,5.697358594
21.12112,85.922757,2018,,,,ONSHORE,Small,3.862443858
21.787005,72.128419,2018,,,,OFFSHORE,Small,2.129715721
21.889119,72.781344,2018,OIL,Gandhar,ONGC,ONSHORE,Small,1.902931508
22.095233,72.810133,2018,OIL,Jumbusar,ONGC,ONSHORE,Small,6.063302445
22.16479,72.934077,2018,OIL,Dabka,ONGC,ONSHORE,Small,0.842648312
22.348613,69.750588,2018,,,,ONSHORE,Small,0.355599854
22.929545,68.356154,2018,,,,OFFSHORE,Small,0.475454023
23.40408,72.422602,2018,OIL,Nandasan,ONGC,ONSHORE,Small,12.52909323
23.41445,72.355444,2018,OIL,Linch,ONGC,ONSHORE,Small,9.773169409
23.447355,72.473877,2018,OIL,Langhnaj,ONGC,ONSHORE,Small,9.330849052
23.543879,72.408093,2018,OIL,Sobhasan,ONGC,ONSHORE,Small,3.523563473
23.554972,72.262402,2018,OIL,Balol,ONGC,ONSHORE,Small,0.558003465
23.578853,72.395097,2018,OIL,Sobhasan,ONGC,ONSHORE,Small,0.458684655
25.298766,71.76848,2018,GAS,Raageshwari,Cairn India,ONSHORE,Small,20.33672705
25.446547,71.566493,2018,OIL,Kameshwari West 2,Cairn India,ONSHORE,Small,14.54799257
25.930469,71.499101,2018,OIL,Mangala,Cairn India,ONSHORE,Small,3.923439392
25.985117,71.389021,2018,OIL,N-I,Cairn India,ONSHORE,Small,3.471608663
25.989206,71.344283,2018,OIL,Bhagyam,Cairn India,ONSHORE,Small,0.73274481
26.05862,93.893041,2018,OIL,Nambar,ONGC,ONSHORE,Small,4.786358886
26.063748,93.929591,2018,GAS,Khoraghat,ONGC,ONSHORE,Small,23.81717097
26.190112,91.806712,2018,,,,ONSHORE,Small,0.260571571
26.197412,93.959658,2018,OIL,Babejia,ONGC,ONSHORE,Small,1.781066658
26.202913,93.99749,2018,OIL,Suphayam,ONGC,ONSHORE,Small,2.809087971
26.293935,94.046318,2018,OIL,Kasomarigaon,ONGC,ONSHORE,Small,21.86795565
26.785028,94.672238,2018,OIL,Geleki,ONGC,ONSHORE,Small,15.52418529
26.793868,94.690299,2018,OIL,Geleki,ONGC,ONSHORE,Small,28.4850905
26.809636,94.695486,2018,OIL,Geleki,ONGC,ONSHORE,Small,4.843802707
26.920968,94.65449,2018,OIL,Charali,ONGC,ONSHORE,Small,4.293874252
26.960242,94.54429,2018,OIL,Rudrasagar,ONGC,ONSHORE,Small,1.152257886
26.963562,94.742611,2018,OIL,Demulgaon,ONGC,ONSHORE,Small,9.542249358
26.970681,94.588538,2018,OIL,Rudrasagar,ONGC,ONSHORE,Small,1.869527794
27.005453,94.899532,2018,OIL,Lakwa,ONGC,ONSHORE,Small,0.379769114
27.031404,94.889238,2018,OIL,Lakwa,ONGC,ONSHORE,Small,13.32905054
27.059811,69.730886,2018,,,,ONSHORE,Small,0.300786062
27.157335,94.932449,2018,OIL,Moran,Oil India,ONSHORE,Small,0.587723378
27.261011,95.15038,2018,OIL,Shalmari,Oil India,ONSHORE,Small,14.19384862
27.265799,95.124471,2018,OIL,Shalmari,Oil India,ONSHORE,Small,15.38775254
27.31791,95.267063,2018,OIL,Nahorkatiya,Oil India,ONSHORE,Small,5.085231132
27.324248,95.276459,2018,OIL,Nahorkatiya,Oil India,ONSHORE,Small,2.591767165
27.340639,95.481151,2018,OIL,Jorajan,Oil India,ONSHORE,Small,12.08421916
27.352891,95.317,2018,OIL,Nahorkatiya,Oil India,ONSHORE,Small,5.49664278
27.356725,95.296954,2018,OIL,Nahorkatiya,Oil India,ONSHORE,Small,1.151409584
27.368215,94.896202,2018,,,,ONSHORE,Small,7.885800862
27.369999,95.444008,2018,OIL,Nahorkatiya,Oil India,ONSHORE,Small,3.759913829
27.377098,95.088187,2018,OIL,Kathaloni,Oil India,ONSHORE,Small,17.60795476
27.378791,95.196881,2018,OIL,Bhekulajan,Oil India,ONSHORE,Small,11.92703384
27.393345,95.434844,2018,OIL,Nahorkatiya,Oil India,ONSHORE,Small,7.770267454
27.393481,95.472276,2018,OIL,Nahorkatiya,Oil India,ONSHORE,Small,6.599787226
27.398433,96.033715,2018,OIL,Kharsang,GeoEnpro,ONSHORE,Small,1.280116618
27.401186,95.116386,2018,OIL,Hatiali,Oil India,ONSHORE,Small,1.229062945
27.425673,95.124056,2018,OIL,Hatiali,Oil India,ONSHORE,Small,3.076810813
27.437774,95.161827,2018,OIL,Chabua,Oil India,ONSHORE,Small,2.749105115
27.460604,95.476571,2018,OIL,Hapjan,Oil India,ONSHORE,Small,15.60428962
27.469098,95.422772,2018,OIL,Makum,Oil India,ONSHORE,Small,23.79544975
27.481432,95.236142,2018,OIL,Matimekhana,Oil India,ONSHORE,Small,9.617686568
27.535342,95.400329,2018,OIL,North Chandmari,Oil India,ONSHORE,Small,17.45693357
27.557514,96.040068,2018,OIL,Kumchai,Oil India,ONSHORE,Small,16.348623
27.605322,95.402603,2018,OIL,Baghjan,Oil India,ONSHORE,Small,28.86738397
10.813106,79.307007,2019,OIL,Pundi,ONGC,ONSHORE,Small,30.64012905
10.840816,79.776248,2019,OIL,Narimanam,ONGC,ONSHORE,Small,1.821027832
10.879817,77.267394,2019,,,,ONSHORE,Small,1.576003664
10.901315,77.304067,2019,,,,ONSHORE,Small,0.0
15.962478,80.938573,2019,OIL,Nagayalanka,ONGC,ONSHORE,Small,17.69803911
16.321128,82.270653,2019,OIL,G-2,ONGC,OFFSHORE,Small,0.861783533
16.484326,81.380157,2019,OIL,Bantumilli North,ONGC,ONSHORE,Small,12.18240494
16.509107,82.068926,2019,OIL,Gopavaram,ONGC,ONSHORE,Small,5.792667785
18.016415,72.37793,2019,OIL,R-7,ONGC,OFFSHORE,Small,1.155043485
18.577089,72.241157,2019,OIL,Heera,ONGC,OFFSHORE,Small,36.94926287
18.586528,71.03303,2019,OIL,D-1,ONGC,OFFSHORE,Small,46.59964868
18.705516,72.342977,2019,OIL,Neelam,ONGC,OFFSHORE,Small,46.60140986
18.921398,72.041437,2019,GAS,B-193,ONGC,OFFSHORE,Small,31.00058389
19.142979,72.119612,2019,GAS,Bassein (Vasai),ONGC,OFFSHORE,Small,21.47295233
19.176742,70.945788,2019,,,,OFFSHORE,Medium,58.03440336
19.213949,72.115429,2019,GAS,Bassein (Vasai),ONGC,OFFSHORE,Small,30.00434307
19.27678,71.425624,2019,OIL,Bombay High,ONGC,OFFSHORE,Small,28.06437395
19.282159,71.435781,2019,OIL,Bombay High,ONGC,OFFSHORE,Small,44.75892205
19.332989,72.020235,2019,OIL,Panna,ONGC,OFFSHORE,Small,47.69891853
19.347046,71.30564,2019,OIL,Bombay High,ONGC,OFFSHORE,Medium,89.64230082
19.370082,71.35393,2019,OIL,Bombay High,ONGC,OFFSHORE,Medium,79.33675605
19.416969,71.390108,2019,OIL,Bombay High,ONGC,OFFSHORE,Medium,58.19056132
19.527899,71.299922,2019,OIL,Bombay High,ONGC,OFFSHORE,Small,51.65717058
19.570347,71.35957,2019,OIL,Bombay High,ONGC,OFFSHORE,Medium,71.09325953
20.599364,72.03606,2019,GAS,South Tapti,Shell,OFFSHORE,Small,4.433212943
21.120963,85.923935,2019,,,,ONSHORE,Small,1.466252797
21.786773,72.128842,2019,,,,OFFSHORE,Small,1.507931122
21.889428,72.781076,2019,OIL,Gandhar,ONGC,ONSHORE,Small,6.462268421
22.094869,72.810451,2019,OIL,Jumbusar,ONGC,ONSHORE,Small,4.368841814
22.165332,72.936338,2019,OIL,Dabka,ONGC,ONSHORE,Small,1.256754566
23.4038,72.422535,2019,OIL,Nandasan,ONGC,ONSHORE,Small,4.958719702
23.414559,72.355558,2019,OIL,Linch,ONGC,ONSHORE,Small,2.828220256
23.446976,72.474338,2019,OIL,Langhnaj,ONGC,ONSHORE,Small,13.57053767
23.543759,72.408329,2019,OIL,Sobhasan,ONGC,ONSHORE,Small,3.012146154
23.554273,72.262331,2019,OIL,Balol,ONGC,ONSHORE,Small,1.34422357
25.262354,71.76821,2019,GAS,Raageshwari,Cairn India,ONSHORE,Small,3.241070201
25.29863,71.768704,2019,GAS,Raageshwari,Cairn India,ONSHORE,Small,20.56873316
25.300248,71.755772,2019,GAS,Raageshwari Deep Gas,Cairn India,ONSHORE,Small,14.28363945
25.446356,71.566689,2019,OIL,Kameshwari West 2,Cairn India,ONSHORE,Small,9.096230523
25.930023,71.499405,2019,OIL,Mangala,Cairn India,ONSHORE,Small,6.613935372
25.984901,71.389128,2019,OIL,N-I,Cairn India,ONSHORE,Small,3.912608135
26.058588,93.893336,2019,OIL,Nambar,ONGC,ONSHORE,Small,4.750342755
26.063654,93.929844,2019,GAS,Khoraghat,ONGC,ONSHORE,Small,29.68967891
26.197024,93.959565,2019,OIL,Babejia,ONGC,ONSHORE,Small,6.544427468
26.202375,93.997198,2019,OIL,Suphayam,ONGC,ONSHORE,Small,5.810074114
26.293777,94.046601,2019,OIL,Kasomarigaon,ONGC,ONSHORE,Small,21.16656571
26.78489,94.672242,2019,OIL,Geleki,ONGC,ONSHORE,Small,20.43385613
26.793317,94.69028,2019,OIL,Geleki,ONGC,ONSHORE,Small,19.71893446
26.80978,94.695823,2019,OIL,Geleki,ONGC,ONSHORE,Small,8.36971442
26.954775,94.54534,2019,OIL,Rudrasagar,ONGC,ONSHORE,Small,1.152733404
26.963746,94.742579,2019,OIL,Demulgaon,ONGC,ONSHORE,Small,6.175695082
27.032057,94.889614,2019,OIL,Lakwa,ONGC,ONSHORE,Small,12.09026588
27.260791,95.15056,2019,OIL,Shalmari,Oil India,ONSHORE,Small,12.21712954
27.26579,95.124612,2019,OIL,Shalmari,Oil India,ONSHORE,Small,12.83797485
27.300972,95.396045,2019,OIL,Sants,Oil India,ONSHORE,Small,2.095880518
27.323885,95.276472,2019,OIL,Nahorkatiya,Oil India,ONSHORE,Small,15.20761318
27.340486,95.481388,2019,OIL,Jorajan,Oil India,ONSHORE,Small,17.78445435
27.352983,95.319035,2019,OIL,Nahorkatiya,Oil India,ONSHORE,Small,8.652148986
27.367911,94.896273,2019,,,,ONSHORE,Small,9.024198261
27.369896,95.444137,2019,OIL,Nahorkatiya,Oil India,ONSHORE,Small,4.329156558
27.37684,95.088241,2019,OIL,Kathaloni,Oil India,ONSHORE,Small,12.77474848
27.378741,95.196864,2019,OIL,Bhekulajan,Oil India,ONSHORE,Small,8.508113815
27.392874,95.434867,2019,OIL,Nahorkatiya,Oil India,ONSHORE,Small,23.89463353
27.393491,95.472677,2019,OIL,Nahorkatiya,Oil India,ONSHORE,Small,5.757473538
27.397353,96.033686,2019,OIL,Kharsang,GeoEnpro,ONSHORE,Small,1.577647432
27.460681,95.476794,2019,OIL,Hapjan,Oil India,ONSHORE,Small,18.50374961
27.468815,95.423093,2019,OIL,Makum,Oil India,ONSHORE,Small,27.93114068
27.48128,95.236426,2019,OIL,Matimekhana,Oil India,ONSHORE,Small,9.245637293
27.53524,95.400226,2019,OIL,North Chandmari,Oil India,ONSHORE,Small,9.641080909
27.557534,96.040103,2019,OIL,Kumchai,Oil India,ONSHORE,Small,31.15586126
27.562693,95.360658,2019,OIL,Baghjan,Oil India,ONSHORE,Small,2.211258355
27.605263,95.402667,2019,OIL,Baghjan,Oil India,ONSHORE,Small,13.25425909
27.729121,95.620159,2019,,,,ONSHORE,Small,7.147514206
10.813191,79.306739,2020,OIL,Pundi,ONGC,ONSHORE,Small,34.24262274
10.840051,79.777278,2020,OIL,Narimanam,ONGC,ONSHORE,Small,1.450264218
15.96267,80.938604,2020,OIL,Nagayalanka,ONGC,ONSHORE,Small,30.74609338
16.321128,82.270653,2020,OIL,G-2,ONGC,OFFSHORE,Small,0.0
16.355477,81.149155,2020,OIL,Nandigama North,ONGC,ONSHORE,Small,0.851122523
16.484392,81.379979,2020,OIL,Bantumilli North,ONGC,ONSHORE,Small,1.902177136
16.504593,81.351399,2020,OIL,Suryaraopeta West,ONGC,ONSHORE,Small,0.0
16.509305,82.068863,2020,OIL,Gopavaram,ONGC,ONSHORE,Small,6.317528778
16.666746,82.429199,2020,GAS,Deen Dayal,ONGC,OFFSHORE,Small,1.442074731
18.016415,72.37793,2020,OIL,R-7,ONGC,OFFSHORE,Small,0.175095341
18.577266,72.24103,2020,OIL,Heera,ONGC,OFFSHORE,Small,29.98673127
18.586608,71.032796,2020,OIL,D-1,ONGC,OFFSHORE,Small,45.52004534
18.705598,72.342911,2020,OIL,Neelam,ONGC,OFFSHORE,Small,37.35316015
18.921585,72.041373,2020,GAS,B-193,ONGC,OFFSHORE,Small,27.56311277
19.143049,72.119334,2020,GAS,Bassein (Vasai),ONGC,OFFSHORE,Small,23.28820055
19.176743,70.945727,2020,,,,OFFSHORE,Medium,58.82194435
19.214021,72.115369,2020,GAS,Bassein (Vasai),ONGC,OFFSHORE,Small,23.32227939
19.276825,71.425337,2020,OIL,Bombay High,ONGC,OFFSHORE,Small,27.18337301
19.282118,71.435681,2020,OIL,Bombay High,ONGC,OFFSHORE,Small,48.96227165
19.33303,72.020221,2020,OIL,Panna,ONGC,OFFSHORE,Medium,62.79545996
19.347183,71.305483,2020,OIL,Bombay High,ONGC,OFFSHORE,Medium,61.75929906
19.37009,71.353912,2020,OIL,Bombay High,ONGC,OFFSHORE,Medium,76.78832859
19.416987,71.3901,2020,OIL,Bombay High,ONGC,OFFSHORE,Small,32.49993513
19.420548,71.686253,2020,,,,OFFSHORE,Small,1.808047935
19.527586,71.3002,2020,OIL,Bombay High,ONGC,OFFSHORE,Medium,79.12717563
19.570422,71.359559,2020,OIL,Bombay High,ONGC,OFFSHORE,Medium,76.88020348
20.599328,72.036169,2020,GAS,South Tapti,Shell,OFFSHORE,Small,1.92692465
21.168746,72.649103,2020,,,,OFFSHORE,Small,4.691754167
21.541747,73.121896,2020,,,,ONSHORE,Small,0.21550004
21.562943,72.916857,2020,OIL,Ankleshwar,ONGC,ONSHORE,Small,4.129027804
21.697988,72.706583,2020,GAS,Dahej,ONGC,ONSHORE,Small,2.059655981
21.72383,72.65184,2020,OIL,Gandhar,ONGC,ONSHORE,Small,3.054150297
21.889411,72.781009,2020,OIL,Gandhar,ONGC,ONSHORE,Small,1.359804143
21.907224,72.683307,2020,OIL,Gandhar,ONGC,ONSHORE,Small,2.273709798
21.947794,72.557356,2020,OIL,Nada,ONGC,ONSHORE,Small,1.06433978
22.09501,72.810462,2020,OIL,Jumbusar,ONGC,ONSHORE,Small,3.938203951
22.164723,72.935142,2020,OIL,Dabka,ONGC,ONSHORE,Small,5.906322601
22.340254,69.866507,2020,,,,ONSHORE,Small,4.612002066
22.343136,69.880632,2020,,,,ONSHORE,Small,1.579288265
23.403777,72.422428,2020,OIL,Nandasan,ONGC,ONSHORE,Small,9.98207471
23.414541,72.355515,2020,OIL,Linch,ONGC,ONSHORE,Small,1.919081528
23.428964,72.300082,2020,OIL,North Kadi,ONGC,ONSHORE,Small,0.173881595
23.447102,72.474134,2020,OIL,Langhnaj,ONGC,ONSHORE,Small,13.38100535
23.483362,72.309235,2020,OIL,Jotana,ONGC,ONSHORE,Small,0.73265088
23.501166,91.275742,2020,GAS,Sonamura,ONGC,ONSHORE,Small,0.476622273
23.543737,72.408092,2020,OIL,Sobhasan,ONGC,ONSHORE,Small,3.531606195
23.554273,72.262331,2020,OIL,Balol,ONGC,ONSHORE,Small,0.025014128
23.628243,87.35076,2020,GAS,Raniganj East,Essar Oil,ONSHORE,Small,25.0630884
25.263174,71.770642,2020,GAS,Raageshwari,Cairn India,ONSHORE,Small,1.670711119
25.298678,71.768254,2020,GAS,Raageshwari,Cairn India,ONSHORE,Small,18.32287643
25.300451,71.755273,2020,GAS,Raageshwari Deep Gas,Cairn India,ONSHORE,Small,35.85498303
25.446391,71.566647,2020,OIL,Kameshwari West 2,Cairn India,ONSHORE,Small,5.925137874
25.929993,71.499196,2020,OIL,Mangala,Cairn India,ONSHORE,Small,8.59191663
25.984881,71.389119,2020,OIL,N-I,Cairn India,ONSHORE,Small,0.63280078
26.058708,93.893177,2020,OIL,Nambar,ONGC,ONSHORE,Small,12.38749435
26.063719,93.929493,2020,GAS,Khoraghat,ONGC,ONSHORE,Small,25.60788008
26.08559,93.952934,2020,GAS,Khoraghat,ONGC,ONSHORE,Small,4.187587039
26.187411,91.80866,2020,,,,ONSHORE,Small,0.667669209
26.197077,93.959642,2020,OIL,Babejia,ONGC,ONSHORE,Small,5.24361992
26.20226,93.997128,2020,OIL,Suphayam,ONGC,ONSHORE,Small,4.596767859
26.294034,94.046244,2020,OIL,Kasomarigaon,ONGC,ONSHORE,Small,4.555497541
26.298641,94.055683,2020,OIL,Kasomarigaon,ONGC,ONSHORE,Small,17.70032865
26.582085,93.777283,2020,,,,ONSHORE,Small,1.926760273
26.784884,94.67218,2020,OIL,Geleki,ONGC,ONSHORE,Small,19.80188604
26.793415,94.690034,2020,OIL,Geleki,ONGC,ONSHORE,Small,19.43529642
26.809669,94.695814,2020,OIL,Geleki,ONGC,ONSHORE,Small,9.430414428
26.955488,94.544787,2020,OIL,Rudrasagar,ONGC,ONSHORE,Small,0.77188997
26.96376,94.742484,2020,OIL,Demulgaon,ONGC,ONSHORE,Small,1.083745048
26.986933,94.811132,2020,OIL,Lakhmani,ONGC,ONSHORE,Small,2.188976493
27.032059,94.889504,2020,OIL,Lakwa,ONGC,ONSHORE,Small,12.73385975
27.260903,95.15027,2020,OIL,Shalmari,Oil India,ONSHORE,Small,16.04244186
27.265838,95.124406,2020,OIL,Shalmari,Oil India,ONSHORE,Small,7.411779265
27.301717,95.395555,2020,OIL,Sants,Oil India,ONSHORE,Small,17.54763434
27.318096,95.266173,2020,OIL,Nahorkatiya,Oil India,ONSHORE,Small,7.34206589
27.32433,95.277369,2020,OIL,Nahorkatiya,Oil India,ONSHORE,Small,8.754297426
27.340419,95.481209,2020,OIL,Jorajan,Oil India,ONSHORE,Small,20.6572031
27.352985,95.319297,2020,OIL,Nahorkatiya,Oil India,ONSHORE,Small,13.03158723
27.367825,94.896248,2020,,,,ONSHORE,Small,7.656612638
27.370078,95.444288,2020,OIL,Nahorkatiya,Oil India,ONSHORE,Small,6.931476126
27.3769,95.088198,2020,OIL,Kathaloni,Oil India,ONSHORE,Small,14.52562558
27.37888,95.196717,2020,OIL,Bhekulajan,Oil India,ONSHORE,Small,10.13456355
27.392864,95.434835,2020,OIL,Nahorkatiya,Oil India,ONSHORE,Small,16.09683296
27.393495,95.472922,2020,OIL,Nahorkatiya,Oil India,ONSHORE,Small,11.21222959
27.397291,96.033809,2020,OIL,Kharsang,GeoEnpro,ONSHORE,Small,0.903455987
27.43796,95.161893,2020,OIL,Chabua,Oil India,ONSHORE,Small,0.577291322
27.460839,95.476579,2020,OIL,Hapjan,Oil India,ONSHORE,Small,17.42517363
27.468916,95.422933,2020,OIL,Makum,Oil India,ONSHORE,Small,47.27711592
27.481303,95.23612,2020,OIL,Matimekhana,Oil India,ONSHORE,Small,2.289011517
27.483154,95.125894,2020,OIL,Nadua,Oil India,ONSHORE,Small,7.643286376
27.535206,95.400223,2020,OIL,North Chandmari,Oil India,ONSHORE,Small,10.16814338
27.557693,96.039848,2020,OIL,Kumchai,Oil India,ONSHORE,Medium,54.75479267
27.562723,95.360711,2020,OIL,Baghjan,Oil India,ONSHORE,Small,0.195660347
27.595984,95.379901,2020,OIL,Baghjan,Oil India,ONSHORE,Medium,73.78199433
27.604908000000002,95.401747,2020,OIL,Baghjan,Oil India,ONSHORE,Small,12.89189631
27.729103,95.620504,2020,,,,ONSHORE,Small,11.09622653
10.813,79.307,2021,,,,ONSHORE,Small,32.97927
13.289855,80.344145,2021,,,,ONSHORE,Small,19.687967
15.963,80.939,2021,OIL,Nagayalanka,ONGC,ONSHORE,Small,24.968953
16.509,82.069,2021,OIL,Gopavaram,ONGC,ONSHORE,Small,17.47205
16.667,82.429,2021,GAS,Deen Dayal,ONGC,OFFSHORE,Small,0.0373
16.673,81.676,2021,,,,ONSHORE,Small,2.919429
16.814,81.903,2021,GAS,Mandapeta,ONGC,ONSHORE,Small,1.70297
18.577,72.241,2021,OIL,Heera,ONGC,OFFSHORE,Small,46.739956
18.587,71.033,2021,OIL,D-1,ONGC,OFFSHORE,Small,40.151969
18.706,72.343,2021,OIL,Neelam,ONGC,OFFSHORE,Small,37.305315
18.922,72.042,2021,GAS,B-193,ONGC,OFFSHORE,Small,21.968519
19.143,72.12,2021,GAS,Bassein (Vasai),ONGC,OFFSHORE,Small,22.463323
19.177,70.946,2021,OIL,B-192,ONGC,OFFSHORE,Small,47.138276
19.214,72.115,2021,GAS,Bassein (Vasai),ONGC,OFFSHORE,Small,20.181039
19.281,71.432,2021,OIL,Bombay High,ONGC,OFFSHORE,Medium,63.103666
19.333,72.02,2021,OIL,Panna,ONGC,OFFSHORE,Medium,84.146245
19.347,71.306,2021,OIL,Bombay High,ONGC,OFFSHORE,Medium,58.5472
19.37,71.354,2021,OIL,Bombay High,ONGC,OFFSHORE,Medium,154.052763
19.417,71.39,2021,OIL,Bombay High,ONGC,OFFSHORE,Small,47.530432
19.421,71.686,2021,OIL,Panna,ONGC,OFFSHORE,Small,0.0
19.528,71.3,2021,OIL,Bombay High,ONGC,OFFSHORE,Medium,83.462027
19.571,71.36,2021,OIL,Bombay High,ONGC,OFFSHORE,Medium,58.881531
20.6,72.036,2021,,,,OFFSHORE,Small,1.655204
21.169,72.649,2021,,,,OFFSHORE,Small,0.0205
21.542,73.122,2021,,,,ONSHORE,Small,0.134818
21.542,73.128,2021,,,,ONSHORE,Small,0.272721
21.563,72.917,2021,OIL,Ankleshwar,ONGC,ONSHORE,Small,6.193101
21.698,72.706,2021,GAS,Dahej,ONGC,ONSHORE,Small,0.0359
21.724,72.652,2021,OIL,Gandhar,ONGC,ONSHORE,Small,0.0
21.741,73.011,2021,,,,ONSHORE,Small,0.244935
21.908,72.683,2021,OIL,Gandhar,ONGC,ONSHORE,Small,2.295231
21.948,72.557,2021,OIL,Nada,ONGC,ONSHORE,Small,0.41764
22.095,72.811,2021,OIL,Jumbusar,ONGC,ONSHORE,Small,2.324796
22.165,72.935,2021,OIL,Dabka,ONGC,ONSHORE,Small,4.047045
22.341,69.871,2021,,,,ONSHORE,Small,6.454314
22.375,72.482,2021,OIL,Akholjuni,ONGC,ONSHORE,Small,2.653966
23.273,72.522,2021,OIL,Kalol,ONGC,ONSHORE,Small,1.744613
23.404,72.422,2021,OIL,Nandasan,ONGC,ONSHORE,Small,2.031997
23.415,72.356,2021,OIL,Linch,ONGC,ONSHORE,Small,1.541405
23.447,72.474,2021,OIL,Langhnaj,ONGC,ONSHORE,Small,7.545394
23.485,72.31,2021,OIL,Jotana,ONGC,ONSHORE,Small,1.819487
23.502,91.276,2021,,,,ONSHORE,Small,0.282044
23.544,72.408,2021,OIL,Sobhasan,ONGC,ONSHORE,Small,4.355662
23.628,87.351,2021,GAS,Raniganj East,Essar Oil,ONSHORE,Small,12.715837
23.745,91.339,2021,GAS,Agartala Dome,ONGC,ONSHORE,Small,0.521494
25.262,71.767,2021,GAS,Raageshwari,Cairn India,ONSHORE,Small,1.370597
25.266,71.776,2021,GAS,Raageshwari,Cairn India,ONSHORE,Small,0.909376
25.299,71.768,2021,GAS,Raageshwari,Cairn India,ONSHORE,Small,11.053283
25.301,71.755,2021,GAS,Raageshwari Deep Gas,Cairn India,ONSHORE,Small,26.852946
25.446,71.567,2021,,,,ONSHORE,Small,3.252929
25.93,71.499,2021,OIL,Mangala,Cairn India,ONSHORE,Small,5.562188
25.985,71.389,2021,OIL,N-I,Cairn India,ONSHORE,Small,0.396354
26.059,93.893,2021,OIL,Nambar,ONGC,ONSHORE,Small,8.52097
26.064,93.93,2021,GAS,Khoraghat,ONGC,ONSHORE,Small,23.198146
26.086,93.953,2021,GAS,Khoraghat,ONGC,ONSHORE,Small,11.048763
26.092,93.903,2021,GAS,Khoraghat,ONGC,ONSHORE,Small,3.193489
26.189,91.808,2021,,,,ONSHORE,Small,1.56337
26.197,93.96,2021,OIL,Suphayam,ONGC,ONSHORE,Small,5.829447
26.202,93.997,2021,OIL,Suphayam,ONGC,ONSHORE,Small,5.508355
26.297,94.052,2021,OIL,Kasomarigaon,ONGC,ONSHORE,Small,18.042555
26.583,93.777,2021,,,,ONSHORE,Small,1.020894
26.785,94.673,2021,OIL,Geleki,ONGC,ONSHORE,Small,18.280843
26.794,94.69,2021,OIL,Geleki,ONGC,ONSHORE,Small,16.724165
26.81,94.696,2021,OIL,Geleki,ONGC,ONSHORE,Small,11.80152
26.955,94.546,2021,OIL,Rudrasagar,ONGC,ONSHORE,Small,0.620405
26.963,94.742,2021,OIL,Demulgaon,ONGC,ONSHORE,Small,1.409164
26.987,94.811,2021,OIL,Lakhmani,ONGC,ONSHORE,Small,0.879155
27.032,94.889,2021,OIL,Lakwa,ONGC,ONSHORE,Small,11.24261
27.138,69.751,2021,GAS,SGL,Focus Energy,ONSHORE,Small,0.426476
27.139,94.772,2021,OIL,Lakwagaon,Oil India,ONSHORE,Small,2.077652
27.157,94.931,2021,OIL,Moran,Oil India,ONSHORE,Small,1.754543
27.261,95.15,2021,OIL,Shalmari,Oil India,ONSHORE,Small,18.999287
27.266,95.125,2021,OIL,Shalmari,Oil India,ONSHORE,Small,4.883253
27.302,95.396,2021,OIL,Nahorkatiya,Oil India,ONSHORE,Small,20.168534
27.318,95.266,2021,OIL,Nahorkatiya,Oil India,ONSHORE,Small,11.815581
27.324,95.277,2021,OIL,Nahorkatiya,Oil India,ONSHORE,Small,7.696092
27.341,95.481,2021,OIL,Jorajan,Oil India,ONSHORE,Small,14.841904
27.353,95.318,2021,OIL,Nahorkatiya,Oil India,ONSHORE,Small,7.780159
27.368,94.896,2021,,,,ONSHORE,Small,7.956336
27.37,95.444,2021,OIL,Nahorkatiya,Oil India,ONSHORE,Small,1.669892
27.37,95.578,2021,OIL,Kusijan,Oil India,ONSHORE,Small,2.020925
27.377,95.088,2021,OIL,Kathaloni,Oil India,ONSHORE,Small,19.636394
27.379,95.197,2021,OIL,Bhekulajan,Oil India,ONSHORE,Small,8.092769
27.393,95.435,2021,OIL,Nahorkatiya,Oil India,ONSHORE,Small,18.211276
27.394,95.473,2021,OIL,Nahorkatiya,Oil India,ONSHORE,Small,6.196389
27.439,95.379,2021,OIL,Makum,Oil India,ONSHORE,Small,9.747339
27.461,95.477,2021,OIL,Hapjan,Oil India,ONSHORE,Small,15.46363
27.467,95.534,2021,OIL,Bogapani-Samdang,Oil India,ONSHORE,Small,0.855713
27.469,95.423,2021,OIL,Makum,Oil India,ONSHORE,Medium,64.304791
27.481,95.236,2021,OIL,Matimekhana,Oil India,ONSHORE,Small,1.451703
27.483,95.126,2021,OIL,Dikom,Oil India,ONSHORE,Small,5.95088
27.535,95.4,2021,OIL,North Chandmari,Oil India,ONSHORE,Small,12.897649
27.547,95.158,2021,,,,ONSHORE,Small,1.052282
27.558,96.04,2021,OIL,Kumchai,Oil India,ONSHORE,Medium,52.163803
27.596,95.38,2021,OIL,Baghjan,Oil India,ONSHORE,Small,0.0
27.605,95.403,2021,OIL,Baghjan,Oil India,ONSHORE,Small,14.239375
27.729,95.621,2021,,,,ONSHORE,Small,8.844059
10.754919,79.670299,2022,OIL,Adiyakka-Mangalam,ONGC,ONSHORE,Small,1.328449
10.81318,79.307315,2022,OIL,Pundi,ONGC,ONSHORE,Small,29.309675
15.96292,80.938703,2022,OIL,Nagayalanka,ONGC,ONSHORE,Small,8.959416
16.326366,82.348836,2022,OIL,A-2 (KG-DWN-98/2),ONGC,OFFSHORE,Small,1.382089
16.360093,81.28461,2022,OIL,Malleswaram,ONGC,ONSHORE,Small,21.62776
16.50941,82.069275,2022,OIL,Gopavaram,ONGC,ONSHORE,Small,1.641285
16.673296,81.675419,2022,,,,ONSHORE,Small,5.712534
16.814171,81.902756,2022,GAS,Mandapeta,ONGC,ONSHORE,Small,2.041583
18.577319,72.241342,2022,OIL,Heera,ONGC,OFFSHORE,Small,41.548878
18.586699,71.033061,2022,OIL,D-1,ONGC,OFFSHORE,Small,35.397663
18.705883,72.343082,2022,OIL,Neelam,ONGC,OFFSHORE,Small,33.434241
18.921498,72.04146,2022,GAS,B-193,ONGC,OFFSHORE,Small,22.793867
19.003221,71.770095,2022,OIL,B-80,Hindustan Oil Expl,OFFSHORE,Small,2.432445
19.143137,72.119818,2022,GAS,Bassein (Vasai),ONGC,OFFSHORE,Small,20.223102
19.176932,70.945855,2022,,,,OFFSHORE,Small,50.476006
19.177324,70.958966,2022,OIL,B-192,ONGC,OFFSHORE,Small,4.006068
19.214158,72.115526,2022,GAS,Bassein (Vasai),ONGC,OFFSHORE,Small,22.102281
19.280659,71.432521,2022,OIL,Bombay High,ONGC,OFFSHORE,Medium,73.743835
19.33318,72.020358,2022,OIL,Panna & Mukta,ONGC,OFFSHORE,Medium,117.686451
19.347198,71.305765,2022,OIL,Bombay High,ONGC,OFFSHORE,Medium,107.864643
19.370156,71.35414,2022,OIL,Bombay High,ONGC,OFFSHORE,Medium,108.097413
19.417247,71.390348,2022,OIL,Bombay High,ONGC,OFFSHORE,Medium,64.233463
19.527686,71.300357,2022,OIL,Bombay High,ONGC,OFFSHORE,Medium,57.640486
19.570644,71.360104,2022,OIL,Bombay High,ONGC,OFFSHORE,Medium,85.464488
20.60055,72.035553,2022,,,,OFFSHORE,Small,1.702568
21.544178,73.127626,2022,,,,ONSHORE,Small,0.262015
21.563156,72.916986,2022,OIL,Ankleshwar,ONGC,ONSHORE,Small,5.115318
21.90991,72.683237,2022,OIL,Gandhar,ONGC,ONSHORE,Small,1.382908
22.095118,72.810301,2022,OIL,Jumbusar,ONGC,ONSHORE,Small,2.609778
22.130085,72.764241,2022,GAS,Uber,ONGC,ONSHORE,Small,0.937573
22.165081,72.935022,2022,OIL,Dabka,ONGC,ONSHORE,Small,2.468021
22.342566,69.86619,2022,,,,ONSHORE,Small,3.240424
22.343456,69.888177,2022,,,,ONSHORE,Small,0.929918
22.343498,69.879987,2022,,,,ONSHORE,Small,5.463268
22.374692,72.478727,2022,OIL,Dhirubhai 43,Sun Oil and Natural Gas,ONSHORE,Small,7.002217
22.808067,72.564699,2022,OIL,Nawagam,ONGC,ONSHORE,Small,3.258124
23.111167,72.465082,2022,OIL,Wadsar,ONGC,ONSHORE,Small,0.772277
23.272479,72.520818,2022,OIL,Kalol,ONGC,ONSHORE,Small,0.398115
23.404434,72.42168,2022,OIL,Nandasan,ONGC,ONSHORE,Small,3.931541
23.415041,72.35567,2022,OIL,Linch,ONGC,ONSHORE,Small,1.972974
23.44773,72.474126,2022,OIL,Langhnaj,ONGC,ONSHORE,Small,0.717188
23.485475,72.309466,2022,OIL,Jotana,ONGC,ONSHORE,Small,0.645249
23.543891,72.408322,2022,OIL,Sobhasan,ONGC,ONSHORE,Small,2.959458
23.628543,87.350586,2022,GAS,Raniganj East,Essar Oil,ONSHORE,Small,0.0436
23.775769,85.839824,2022,GAS,Bokaro,ONGC,ONSHORE,Small,17.82775
25.267563,71.773675,2022,GAS,Raageshwari,Cairn India,ONSHORE,Small,0.0442
25.299102,71.76735,2022,GAS,Raageshwari,Cairn India,ONSHORE,Small,0.833763
25.300926,71.754068,2022,GAS,Raageshwari Deep Gas,Cairn India,ONSHORE,Small,1.888425
25.447104,71.56668,2022,OIL,Kameshwari West 2,Cairn India,ONSHORE,Small,3.256627
25.529558,71.719838,2022,GAS,GS-V,Cairn India,ONSHORE,Small,0.427101
25.929972,71.498265,2022,OIL,Mangala,Cairn India,ONSHORE,Small,2.484338
25.98522,71.388979,2022,OIL,N-I,Cairn India,ONSHORE,Small,2.345026
26.05874,93.893197,2022,OIL,Nambar,ONGC,ONSHORE,Small,2.088428
26.0639,93.929879,2022,GAS,Khoraghat,ONGC,ONSHORE,Small,22.94116
26.085775,93.95283,2022,GAS,Khoraghat,ONGC,ONSHORE,Small,22.419733
26.09145,93.903364,2022,OIL,KH-31,ONGC,ONSHORE,Small,9.22691
26.197342,93.959669,2022,OIL,Babejia,ONGC,ONSHORE,Small,4.711391
26.202424,93.996897,2022,OIL,Suphayam,ONGC,ONSHORE,Small,0.64952
26.2722,93.941419,2022,GAS,Hazarigaon,Vedanta Limited,ONSHORE,Small,0.074
26.299475,94.055934,2022,OIL,Kasomarigaon,ONGC,ONSHORE,Small,19.272035
26.785039,94.67239,2022,OIL,Geleki,ONGC,ONSHORE,Small,14.845632
26.79379,94.690204,2022,OIL,Geleki,ONGC,ONSHORE,Small,13.942734
26.809774,94.695858,2022,OIL,Geleki,ONGC,ONSHORE,Small,15.240312
26.822234,69.56207,2022,,,,ONSHORE,Small,3.481002
26.955509,94.544149,2022,OIL,Rudrasagar,ONGC,ONSHORE,Small,0.710498
26.964017,94.742451,2022,OIL,Demulgaon,ONGC,ONSHORE,Small,1.99982
27.032463,94.88959,2022,OIL,Lakwa,ONGC,ONSHORE,Small,14.398703
27.038329,69.714872,2022,,,,ONSHORE,Small,1.208328
27.100968,94.740788,2022,,,,ONSHORE,Small,3.684917
27.139118,94.772726,2022,OIL,Lakwagaon,Oil India,ONSHORE,Small,6.592508
27.156582,94.930818,2022,OIL,Moran,Oil India,ONSHORE,Small,3.860301
27.261147,95.150506,2022,OIL,Shalmari,Oil India,ONSHORE,Small,18.174702
27.265972,95.124681,2022,OIL,Shalmari,Oil India,ONSHORE,Small,6.54252
27.30228,95.395427,2022,OIL,Nahorkatiya,Oil India,ONSHORE,Small,8.742028
27.308217,95.319546,2022,OIL,Nahorkatiya,Oil India,ONSHORE,Small,8.43796
27.320543,95.271301,2022,OIL,Nahorkatiya,Oil India,ONSHORE,Medium,54.235245
27.340524,95.481453,2022,OIL,Jorajan,Oil India,ONSHORE,Small,15.838292
27.353131,95.31801,2022,OIL,Nahorkatiya,Oil India,ONSHORE,Small,0.136791
27.353901,95.307269,2022,OIL,Nahorkatiya,Oil India,ONSHORE,Small,1.061035
27.368011,94.895937,2022,,,,ONSHORE,Small,12.253439
27.370399,95.444608,2022,OIL,Nahorkatiya,Oil India,ONSHORE,Small,5.573812
27.370403,95.577343,2022,OIL,Kusijan,Oil India,ONSHORE,Small,1.093373
27.376922,95.088456,2022,OIL,Kathaloni,Oil India,ONSHORE,Small,27.962137
27.379056,95.19678,2022,OIL,Bhekulajan,Oil India,ONSHORE,Small,6.42951
27.393144,95.434936,2022,OIL,Nahorkatiya,Oil India,ONSHORE,Small,3.925993
27.393896,95.472927,2022,OIL,Nahorkatiya,Oil India,ONSHORE,Small,6.665743
27.426337,95.12309,2022,OIL,Hatiali,Oil India,ONSHORE,Small,1.121384
27.438418,95.378828,2022,OIL,Makum,Oil India,ONSHORE,Small,7.872739
27.461079,95.476883,2022,OIL,Hapjan,Oil India,ONSHORE,Small,14.183458
27.468494,95.536157,2022,OIL,Bogapani-Samdang,Oil India,ONSHORE,Small,8.550001
27.468897,95.423255,2022,OIL,Makum,Oil India,ONSHORE,Medium,69.605356
27.481521,95.235911,2022,OIL,Matimekhana,Oil India,ONSHORE,Small,2.601506
27.483281,95.125786,2022,OIL,Nadua,Oil India,ONSHORE,Small,6.664892
27.535231,95.400701,2022,OIL,North Chandmari,Oil India,ONSHORE,Small,14.723758
27.546998,95.156656,2022,OIL,Khagarijan,Oil India,ONSHORE,Small,1.701869
27.557789,96.040106,2022,OIL,Kumchai,Oil India,ONSHORE,Small,46.970084
27.60524,95.4022,2022,OIL,Baghjan,Oil India,ONSHORE,Small,36.967462
27.729526,95.620329,2022,OIL,Mechaki 2,Oil India,ONSHORE,Small,11.658806
10.75438,79.67038,2023,OIL,Adiyakka-Mangalam,ONGC,ONSHORE,Small,0.735742
10.81318,79.307224,2023,OIL,Pundi,ONGC,ONSHORE,Small,23.503065
15.962926,80.938786,2023,OIL,Nagayalanka,ONGC,ONSHORE,Small,15.405922
16.325728,82.350032,2023,OIL,A-2 (KG-DWN-98/2),ONGC,OFFSHORE,Small,0.0
16.359948,81.284393,2023,OIL,Malleswaram,ONGC,ONSHORE,Small,26.192562
16.509515,82.068974,2023,OIL,Gopavaram,ONGC,ONSHORE,Small,0.675395
16.551524,82.594714,2023,GAS,D-55 (Dhirubhai 55),Reliance,OFFSHORE,Small,17.654362
16.636655,81.595154,2023,GAS,K-G GAIL Pipelines,GAIL,ONSHORE,Small,2.05471
16.673072,81.675372,2023,GAS,K-G GAIL Pipelines,GAIL,ONSHORE,Small,4.758855
16.813322,81.903224,2023,GAS,Mandapeta,ONGC,ONSHORE,Small,1.115784
18.577415,72.241548,2023,OIL,Heera,ONGC,OFFSHORE,Small,25.290046
18.586685,71.033233,2023,OIL,D-1,ONGC,OFFSHORE,Small,35.046308
18.70601,72.343016,2023,OIL,Neelam,ONGC,OFFSHORE,Small,25.316493
18.801675,74.261687,2023,,,,ONSHORE,Small,1.522065
18.92124,72.041689,2023,GAS,B-193,ONGC,OFFSHORE,Small,29.534402
18.973176,71.623894,2023,OIL,WO-3,ONGC,OFFSHORE,Medium,62.815714
19.00291,71.769736,2023,OIL,B-80,Hindustan Oil Expl,OFFSHORE,Small,14.401815
19.067594,73.136488,2023,GAS,Dahej - Dabhol Power Plant,GAIL,ONSHORE,Small,0.404003
19.143145,72.119796,2023,OIL,Vasai East,ONGC,OFFSHORE,Small,17.000054
19.176319,70.961293,2023,OIL,Cluster 7,ONGC,OFFSHORE,Small,1.528032
19.176955,70.946016,2023,OIL,Cluster 7,ONGC,OFFSHORE,Medium,60.050367
19.214157,72.115619,2023,OIL,Vasai East,ONGC,OFFSHORE,Small,23.311419
19.276898,71.425614,2023,OIL,Bombay High,ONGC,OFFSHORE,Small,28.125868
19.282315,71.435697,2023,OIL,Bombay High,ONGC,OFFSHORE,Small,42.480836
19.333178,72.020375,2023,OIL,Panna & Mukta,ONGC,OFFSHORE,Small,51.227443
19.347189,71.305926,2023,OIL,Bombay High,ONGC,OFFSHORE,Small,42.886201
19.370204,71.354096,2023,OIL,Bombay High,ONGC,OFFSHORE,Medium,86.827055
19.387884,71.85851,2023,OIL,Panna & Mukta,ONGC,OFFSHORE,Small,2.141836
19.417163,71.390348,2023,OIL,Bombay High,ONGC,OFFSHORE,Medium,54.359408
19.527833,71.300278,2023,OIL,Bombay High,ONGC,OFFSHORE,Small,49.190344
19.570479,71.359786,2023,OIL,Bombay High,ONGC,OFFSHORE,Medium,78.60704
20.599435,72.036167,2023,GAS,Mid - South Tapti,ONGC,OFFSHORE,Small,1.245401
21.563199,72.916655,2023,OIL,Ankleshwar,ONGC,ONSHORE,Small,1.113444
21.696731,72.704215,2023,OIL,Gandhar,ONGC,ONSHORE,Small,1.359957
21.738633,73.011982,2023,GAS,Gandhar - NTPC & GSEB Power Plants,ONGC,ONSHORE,Small,0.472833
21.908504,72.683694,2023,OIL,Gandhar,ONGC,ONSHORE,Small,0.0
22.09503,72.810597,2023,OIL,Jumbusar,ONGC,ONSHORE,Small,0.522721
22.128886,72.766462,2023,OIL,Jumbusar,ONGC,ONSHORE,Small,12.430379
22.164834,72.93527,2023,OIL,Dabka,ONGC,ONSHORE,Small,1.346434
22.374755,72.478239,2023,OIL,Dhirubhai 43,Sun Petrochemicals,ONSHORE,Small,7.4982240000000004
22.808275,72.565588,2023,OIL,Nawagam,ONGC,ONSHORE,Small,16.638455
23.405938,72.419917,2023,OIL,Nandasan,ONGC,ONSHORE,Small,19.117726
23.414595,72.355861,2023,OIL,Linch,ONGC,ONSHORE,Small,6.244909
23.447166,72.473908,2023,OIL,Langhnaj,ONGC,ONSHORE,Small,1.348312
23.484462,72.310078,2023,OIL,Jotana,ONGC,ONSHORE,Small,1.760082
23.511547,72.416074,2023,OIL,Sobhasan,ONGC,ONSHORE,Small,0.881198
23.543592,72.40838,2023,OIL,Sobhasan,ONGC,ONSHORE,Small,6.397193
23.775787,85.83997,2023,GAS,Bokaro,ONGC,ONSHORE,Small,14.328344
25.298813,71.767376,2023,OIL,Tukaram Ombale,Cairn India,ONSHORE,Small,9.024756
25.301296,71.750377,2023,GAS,Raageshwari Deep Gas,Cairn India,ONSHORE,Small,0.212735
25.446563,71.567051,2023,,,,ONSHORE,Small,1.727336
25.528969,71.720317,2023,GAS,Raageshwari - MPT,Cairn India,ONSHORE,Small,0.0305
25.930073,71.499145,2023,OIL,Mangala,Cairn India,ONSHORE,Small,1.618659
25.984915,71.389073,2023,OIL,N-I,Cairn India,ONSHORE,Small,0.358623
26.05878,93.893498,2023,OIL,Nambar,ONGC,ONSHORE,Small,17.630733
26.063871,93.929998,2023,OIL,Nambar,ONGC,ONSHORE,Small,20.216174
26.08546,93.953141,2023,GAS,Khoraghat,ONGC,ONSHORE,Small,26.222238
26.09127,93.903518,2023,OIL,Nambar,ONGC,ONSHORE,Small,8.871475
26.18837,91.808858,2023,OIL,Nahorkatiya - Guwahati,Oil India,ONSHORE,Small,3.623099
26.197066,93.95995,2023,,,,ONSHORE,Small,6.109563
26.299519,94.056775,2023,OIL,Kasomarigaon,ONGC,ONSHORE,Small,16.209196
26.446778,94.175346,2023,OIL,Borholla,ONGC,ONSHORE,Small,1.166198
26.583023,93.778959,2023,OIL,Nahorkatiya - Guwahati,Oil India,ONSHORE,Small,0.660017
26.772471,94.507079,2023,GAS,Amguri,Assam Company Limited,ONSHORE,Small,11.042775
26.784966,94.672343,2023,OIL,Geleki,ONGC,ONSHORE,Small,19.150983
26.79363,94.690424,2023,OIL,Geleki,ONGC,ONSHORE,Small,15.272718
26.809684,94.695848,2023,OIL,Geleki,ONGC,ONSHORE,Small,8.221335
26.821952,69.561547,2023,,,,ONSHORE,Small,0.0523
26.954571,94.545821,2023,OIL,Rudrasagar,ONGC,ONSHORE,Small,0.846162
26.970364,94.588071,2023,OIL,Rudrasagar,ONGC,ONSHORE,Small,1.609217
26.987024,94.811232,2023,OIL,Lakhmani,ONGC,ONSHORE,Small,8.119979
27.03204,94.890005,2023,OIL,Lakwa,ONGC,ONSHORE,Small,15.682163
27.035455,69.716057,2023,GAS,Langtala - Pachpadra,Gujarat State Petronet,ONSHORE,Small,1.027828
27.101021,94.741324,2023,OIL,Kuargaon - Lakwa,,ONSHORE,Small,6.789378
27.13909,94.772946,2023,OIL,Lakwagaon,Oil India,ONSHORE,Small,6.448531
27.156495,94.931238,2023,OIL,Moran,Oil India,ONSHORE,Small,3.597709
27.163597,95.10841,2023,OIL,Rajgarh,Oil India,ONSHORE,Small,0.49085
27.260891,95.150687,2023,OIL,Shalmari,Oil India,ONSHORE,Small,19.825574
27.265868,95.124721,2023,OIL,Shalmari,Oil India,ONSHORE,Small,7.373297
27.301987,95.395556,2023,OIL,Nahorkatiya,Oil India,ONSHORE,Small,4.968377
27.308155,95.319596,2023,OIL,Nahorkatiya,Oil India,ONSHORE,Small,14.815839
27.320106,95.270478,2023,OIL,Nahorkatiya,Oil India,ONSHORE,Small,45.917778
27.329005,95.326236,2023,OIL,Nahorkatiya,Oil India,ONSHORE,Small,3.541469
27.34036,95.481812,2023,OIL,Jorajan,Oil India,ONSHORE,Small,21.306697
27.351939,95.310195,2023,OIL,Nahorkatiya,Oil India,ONSHORE,Small,11.499507
27.367978,94.896102,2023,,,,ONSHORE,Small,8.061449
27.370245,95.444761,2023,OIL,Nahorkatiya,Oil India,ONSHORE,Small,10.278129
27.370608,95.576126,2023,OIL,Kusijan,Oil India,ONSHORE,Small,0.0
27.376948,95.088414,2023,OIL,Kathaloni,Oil India,ONSHORE,Small,27.62493
27.379005,95.19713,2023,OIL,Bhekulajan,Oil India,ONSHORE,Small,6.676428
27.393194,95.435089,2023,OIL,Nahorkatiya,Oil India,ONSHORE,Small,2.603197
27.393672,95.473025,2023,OIL,Nahorkatiya,Oil India,ONSHORE,Small,8.068024
27.424681,95.124015,2023,OIL,Dikom,Oil India,ONSHORE,Small,1.388147
27.438381,95.378879,2023,OIL,Makum,Oil India,ONSHORE,Small,12.749035
27.461006,95.476811,2023,OIL,Hapjan,Oil India,ONSHORE,Small,12.656338
27.467925,95.536269,2023,OIL,Bogapani-Samdang,Oil India,ONSHORE,Small,12.178119
27.468886,95.423285,2023,OIL,Makum,Oil India,ONSHORE,Small,41.156722
27.481345,95.236348,2023,OIL,Matimekhana,Oil India,ONSHORE,Small,4.060753
27.483311,95.12609,2023,OIL,Dikom,Oil India,ONSHORE,Small,1.635173
27.535163,95.400949,2023,OIL,North Chandmari,Oil India,ONSHORE,Small,20.493678
27.546449,95.157508,2023,,,,ONSHORE,Small,2.546966
27.557786,96.040095,2023,OIL,Kumchai,Oil India,ONSHORE,Small,36.453491
27.605155,95.402598,2023,OIL,Baghjan,Oil India,ONSHORE,Small,43.984883
27.729468,95.620738,2023,,,,ONSHORE,Small,13.382913
28.287919,78.42942,2023,GAS,Auraiya - Delhi,,ONSHORE,Small,1.131015
10.569179,79.531928,2024,OIL,Kovilkalappal,ONGC,ONSHORE,Small,13.76
10.758283,79.670054,2024,OIL,Adiyakka-Mangalam,ONGC,ONSHORE,Small,0.17
10.814386,79.306841,2024,OIL,Pundi,ONGC,ONSHORE,Small,6.949999999999999
10.842334,79.777732,2024,OIL,Narimanam,ONGC,ONSHORE,Small,0.55
15.964124,80.938337,2024,OIL,Nagayalanka,ONGC,ONSHORE,Small,41.410000000000004
16.361248,81.283474,2024,OIL,Malleswaram,ONGC,ONSHORE,Small,29.32
16.369625,82.320575,2024,OIL,Padmavati,ONGC,OFFSHORE,Medium,85.28
16.511078,82.068567,2024,OIL,Gopavaram,ONGC,ONSHORE,Small,1.63
16.552278,82.594899,2024,GAS,D-55 (Dhirubhai 55),Reliance,OFFSHORE,Small,2.4099999999999997
16.636971,81.595985,2024,GAS,K-G GAIL Pipelines,GAIL,ONSHORE,Small,0.94
16.669304,82.426185,2024,GAS,KG-17,ONGC,OFFSHORE,Small,5.39
16.674056,81.673775,2024,GAS,K-G GAIL Pipelines,GAIL,ONSHORE,Small,2.13
16.814609,81.902603,2024,GAS,Mandapeta,ONGC,ONSHORE,Small,0.69
16.862567,82.141004,2024,GAS,Endamuru,ONGC,ONSHORE,Small,0.35
18.578524,72.24095,2024,OIL,Heera,ONGC,OFFSHORE,Small,19.130000000000003
18.587862,71.03264,2024,OIL,D-1,ONGC,OFFSHORE,Small,29.32
18.707286,72.342751,2024,OIL,Neelam,ONGC,OFFSHORE,Small,11.74
18.922108,72.041256,2024,GAS,B-193,ONGC,OFFSHORE,Small,18.970000000000002
18.974332,71.623303,2024,OIL,WO-3,ONGC,OFFSHORE,Medium,63.11
19.003707,71.769353,2024,OIL,B-80,Hindustan Oil Expl,OFFSHORE,Small,12.39
19.144275,72.119287,2024,OIL,Vasai East,ONGC,OFFSHORE,Small,15.73
19.17815,70.945625,2024,OIL,Cluster 7,ONGC,OFFSHORE,Small,42.31
19.215146,72.115071,2024,OIL,Vasai East,ONGC,OFFSHORE,Small,27.77
19.278095,71.424934,2024,OIL,Bombay High,ONGC,OFFSHORE,Small,20.990000000000002
19.283378,71.435135,2024,OIL,Bombay High,ONGC,OFFSHORE,Small,39.03
19.334295,72.019909,2024,OIL,Panna & Mukta,ONGC,OFFSHORE,Small,26.65
19.348229,71.305295,2024,OIL,Bombay High,ONGC,OFFSHORE,Small,16.41
19.37146,71.353782,2024,OIL,Bombay High,ONGC,OFFSHORE,Medium,90.17999999999999
19.41817,71.390168,2024,OIL,Bombay High,ONGC,OFFSHORE,Small,22.880000000000003
19.529302,71.29962,2024,OIL,Bombay High,ONGC,OFFSHORE,Medium,54.120000000000005
19.571884,71.359622,2024,OIL,Bombay High,ONGC,OFFSHORE,Small,46.67
20.60026,72.035726,2024,GAS,Mid - South Tapti,ONGC,OFFSHORE,Small,0.51
21.167421,72.668389,2024,GAS,Hazira,Sun Petrochemicals,OFFSHORE,Small,0.32
21.699057,72.705385,2024,OIL,Gandhar,ONGC,ONSHORE,Small,0.0
21.947586,72.556529,2024,OIL,Nada,ONGC,ONSHORE,Small,0.1
21.994072,72.964333,2024,,,,ONSHORE,Small,2.09
22.129882,72.765522,2024,OIL,Jumbusar,ONGC,ONSHORE,Small,37.53
22.165574,72.934783,2024,OIL,Dabka,ONGC,ONSHORE,Small,1.52
22.218676,73.069332,2024,OIL,Padra,ONGC,ONSHORE,Small,0.9
22.228166,73.014983,2024,OIL,Padra,ONGC,ONSHORE,Small,1.1
22.343781,69.874176,2024,OIL,Salaya Terminal - Viramgam,,ONSHORE,Small,1.84
22.375606,72.476893,2024,OIL,Dhirubhai 43,Sun Petrochemicals,ONSHORE,Small,4.84
22.809182,72.564734,2024,OIL,Nawagam,ONGC,ONSHORE,Small,6.66
23.408052,72.418304,2024,OIL,Nandasan,ONGC,ONSHORE,Small,15.42
23.415772,72.355287,2024,OIL,Linch,ONGC,ONSHORE,Small,24.38
23.44881,72.474101,2024,OIL,Langhnaj,ONGC,ONSHORE,Small,0.67
23.485476,72.309561,2024,OIL,Jotana,ONGC,ONSHORE,Small,3.13
23.511666,72.415115,2024,OIL,Sobhasan,ONGC,ONSHORE,Small,0.0
23.544958,72.40792,2024,OIL,Sobhasan,ONGC,ONSHORE,Small,5.91
23.776852,85.839547,2024,GAS,Bokaro,ONGC,ONSHORE,Small,5.21
25.283908,71.78122,2024,OIL,Tukaram Ombale,Cairn India,ONSHORE,Small,0.53
25.300393,71.765648,2024,OIL,Tukaram Ombale,Cairn India,ONSHORE,Small,12.52
25.447694,71.566778,2024,,,,ONSHORE,Small,2.3600000000000003
25.931155,71.49896,2024,OIL,Mangala,Cairn India,ONSHORE,Small,1.88
25.985697,71.388891,2024,OIL,N-I,Cairn India,ONSHORE,Small,0.95
25.990734,71.343362,2024,OIL,Bhagyam,Cairn India,ONSHORE,Small,2.89
26.059918,93.893362,2024,OIL,Nambar,ONGC,ONSHORE,Small,23.95
26.06512,93.929416,2024,OIL,Nambar,ONGC,ONSHORE,Small,18.22
26.086768,93.952529,2024,GAS,Khoraghat,ONGC,ONSHORE,Small,23.88
26.09235,93.902988,2024,OIL,Nambar,ONGC,ONSHORE,Small,8.9
26.198036,93.959444,2024,,,,ONSHORE,Small,9.969999999999999
26.299502,94.053811,2024,OIL,Kasomarigaon,ONGC,ONSHORE,Small,13.59
26.448756,94.174229,2024,OIL,Borholla,ONGC,ONSHORE,Small,4.2700000000000005
26.582962,93.776624,2024,OIL,Nahorkatiya - Guwahati,Oil India,ONSHORE,Small,3.09
26.773486,94.506896,2024,GAS,Amguri,Assam Company Limited,ONSHORE,Small,17.67
26.785952,94.67154,2024,OIL,Geleki,ONGC,ONSHORE,Small,15.91
26.794754,94.689869,2024,OIL,Geleki,ONGC,ONSHORE,Small,23.39
26.811115,94.695392,2024,OIL,Geleki,ONGC,ONSHORE,Small,6.58
26.957019,94.543903,2024,OIL,Rudrasagar,ONGC,ONSHORE,Small,0.7
26.972488,94.588078,2024,OIL,Rudrasagar,ONGC,ONSHORE,Small,1.0399999999999998
26.988042,94.811282,2024,OIL,Lakhmani,ONGC,ONSHORE,Small,2.11
27.033456,94.889507,2024,OIL,Lakwa,ONGC,ONSHORE,Small,12.21
27.035835,69.715831,2024,GAS,Langtala - Pachpadra,Gujarat State Petronet,ONSHORE,Small,2.28
27.10226,94.740563,2024,OIL,Kuargaon - Lakwa,,ONSHORE,Small,7.4799999999999995
27.113061,94.749573,2024,OIL,Kuargaon - Lakwa,,ONSHORE,Small,4.14
27.140333,94.772631,2024,OIL,Lakwagaon,Oil India,ONSHORE,Small,3.4299999999999997
27.157497,94.930562,2024,OIL,Moran,Oil India,ONSHORE,Small,8.120000000000001
27.223184,95.345956,2024,OIL,Nahorkatiya,Oil India,ONSHORE,Small,10.38
27.262118,95.150407,2024,OIL,Shalmari,Oil India,ONSHORE,Small,18.66
27.267251,95.124672,2024,OIL,Shalmari,Oil India,ONSHORE,Small,3.63
27.268164,95.365874,2024,OIL,Nahorkatiya,Oil India,ONSHORE,Small,2.26
27.303118,95.395088,2024,OIL,Nahorkatiya,Oil India,ONSHORE,Small,4.77
27.309304,95.31888,2024,OIL,Nahorkatiya,Oil India,ONSHORE,Small,6.15
27.32099,95.269358,2024,OIL,Nahorkatiya,Oil India,ONSHORE,Small,31.060000000000002
27.33004,95.324838,2024,OIL,Nahorkatiya,Oil India,ONSHORE,Small,11.92
27.335414,95.109473,2024,OIL,Kathaloni,Oil India,ONSHORE,Small,5.31
27.34161,95.481237,2024,OIL,Jorajan,Oil India,ONSHORE,Small,11.39
27.352712,95.307894,2024,OIL,Nahorkatiya,Oil India,ONSHORE,Small,7.13
27.359451,95.294464,2024,OIL,Nahorkatiya,Oil India,ONSHORE,Small,1.71
27.369217,94.895464,2024,,,,ONSHORE,Small,8.46
27.371199,95.444371,2024,OIL,Nahorkatiya,Oil India,ONSHORE,Small,5.79
27.378163,95.087915,2024,OIL,Kathaloni,Oil India,ONSHORE,Small,34.92
27.379828,95.333895,2024,OIL,Nahorkatiya,Oil India,ONSHORE,Small,2.44
27.380261,95.196729,2024,OIL,Bhekulajan,Oil India,ONSHORE,Small,8.43
27.394461,95.434316,2024,OIL,Nahorkatiya,Oil India,ONSHORE,Small,0.86
27.394745,95.472331,2024,OIL,Nahorkatiya,Oil India,ONSHORE,Small,9.51
27.4023,95.116165,2024,OIL,Tengahkat,Oil India,ONSHORE,Small,1.26
27.425867,95.123587,2024,OIL,Dikom,Oil India,ONSHORE,Small,1.63
27.439154,95.377844,2024,OIL,Makum,Oil India,ONSHORE,Small,19.39
27.439433,95.161078,2024,OIL,Chabua,Oil India,ONSHORE,Small,5.24
27.462132,95.476374,2024,OIL,Hapjan,Oil India,ONSHORE,Small,40.29
27.469243,95.535458,2024,OIL,Bogapani-Samdang,Oil India,ONSHORE,Small,8.22
27.469976,95.423169,2024,OIL,Makum,Oil India,ONSHORE,Small,38.4
27.482502,95.235555,2024,OIL,Matimekhana,Oil India,ONSHORE,Small,5.13
27.484957,95.123984,2024,OIL,Dikom - Nahorkatiya,,ONSHORE,Small,0.0
27.516496,95.395718,2024,OIL,North Chandmari,Oil India,ONSHORE,Small,0.9600000000000001
27.536433,95.400198,2024,OIL,North Chandmari,Oil India,ONSHORE,Small,16.71
27.547455,95.156389,2024,,,,ONSHORE,Small,3.7100000000000004
27.558883,96.039758,2024,OIL,Kumchai,Oil India,ONSHORE,Small,13.82
27.563029,95.279227,2024,,,,ONSHORE,Small,1.7
27.606192,95.401692,2024,OIL,Baghjan,Oil India,ONSHORE,Small,42.8
27.730616,95.620163,2024,,,,ONSHORE,Small,7.720000000000001
