latitude,longitude,bright_ti4,scan,track,acq_date,acq_time,satellite,instrument,confidence,version,bright_ti5,frp,daynight,type,source_product
29.61635,91.05932,328.63,0.46,0.39,2023-09-20,646,N20,VIIRS,l,2,302.23,2.19,D,0,VIIRS_NOAA20_SP
29.63032,90.97189,337.56,0.47,0.4,2023-09-20,646,N20,VIIRS,n,2,306.85,3.51,D,0,VIIRS_NOAA20_SP
29.64924,91.03618,331.3,0.47,0.39,2023-09-20,646,N20,VIIRS,l,2,301.33,2.08,D,0,VIIRS_NOAA20_SP
7.72396,81.00949,344.65,0.48,0.48,2023-09-20,821,N20,VIIRS,n,2,292.3,9.06,D,0,VIIRS_NOAA20_SP
7.72693,81.03119,346.28,0.48,0.48,2023-09-20,821,N20,VIIRS,n,2,297.4,10.1,D,0,VIIRS_NOAA20_SP
7.73074,81.02623,335.13,0.48,0.48,2023-09-20,821,N20,VIIRS,n,2,296.67,7.2,D,0,VIIRS_NOAA20_SP
7.78021,80.96252,331.48,0.47,0.48,2023-09-20,821,N20,VIIRS,n,2,294.14,2.94,D,0,VIIRS_NOAA20_SP
7.78446,80.99262,339.04,0.48,0.48,2023-09-20,821,N20,VIIRS,n,2,297.25,5.26,D,0,VIIRS_NOAA20_SP
7.85788,81.10324,351.31,0.49,0.48,2023-09-20,821,N20,VIIRS,n,2,295.62,7.04,D,0,VIIRS_NOAA20_SP
7.89688,81.18822,339.46,0.49,0.49,2023-09-20,821,N20,VIIRS,n,2,297.72,8.25,D,0,VIIRS_NOAA20_SP
7.91896,81.0549,333.4,0.48,0.48,2023-09-20,821,N20,VIIRS,n,2,297.74,4.02,D,0,VIIRS_NOAA20_SP
7.95992,81.19494,348.77,0.49,0.49,2023-09-20,821,N20,VIIRS,n,2,299.42,14.86,D,0,VIIRS_NOAA20_SP
8.02563,81.08746,340.2,0.49,0.48,2023-09-20,821,N20,VIIRS,n,2,297.62,5.5,D,0,VIIRS_NOAA20_SP
8.02831,81.07358,336.81,0.49,0.48,2023-09-20,821,N20,VIIRS,n,2,296.27,4.43,D,0,VIIRS_NOAA20_SP
8.02932,81.07267,342.8,0.49,0.48,2023-09-20,821,N20,VIIRS,n,2,295.46,3.94,D,0,VIIRS_NOAA20_SP
8.03216,81.06853,331.97,0.49,0.48,2023-09-20,821,N20,VIIRS,n,2,295.03,4.81,D,0,VIIRS_NOAA20_SP
8.04403,81.08942,342.03,0.49,0.48,2023-09-20,821,N20,VIIRS,n,2,295.04,5.33,D,0,VIIRS_NOAA20_SP
8.049,81.02593,335.94,0.48,0.48,2023-09-20,821,N20,VIIRS,n,2,294.53,3.63,D,0,VIIRS_NOAA20_SP
8.0617,81.01979,337.86,0.48,0.48,2023-09-20,821,N20,VIIRS,n,2,295.69,6.42,D,0,VIIRS_NOAA20_SP
8.0623,81.02417,347.09,0.48,0.48,2023-09-20,821,N20,VIIRS,n,2,295.55,6.42,D,0,VIIRS_NOAA20_SP
8.07218,81.06316,336.72,0.49,0.48,2023-09-20,821,N20,VIIRS,n,2,294.25,3.79,D,0,VIIRS_NOAA20_SP
8.09579,81.03757,348.4,0.48,0.48,2023-09-20,821,N20,VIIRS,n,2,291.33,8.64,D,0,VIIRS_NOAA20_SP
8.10023,81.03698,331.27,0.48,0.48,2023-09-20,821,N20,VIIRS,n,2,293.45,3.58,D,0,VIIRS_NOAA20_SP
8.10037,81.00567,331.53,0.48,0.48,2023-09-20,821,N20,VIIRS,n,2,290.9,2.07,D,0,VIIRS_NOAA20_SP
8.10146,81.04578,349.5,0.48,0.48,2023-09-20,821,N20,VIIRS,n,2,294.97,14.16,D,0,VIIRS_NOAA20_SP
8.10603,81.01384,332.21,0.48,0.48,2023-09-20,821,N20,VIIRS,n,2,291.2,5.26,D,0,VIIRS_NOAA20_SP
8.10923,81.00449,331.37,0.48,0.48,2023-09-20,821,N20,VIIRS,n,2,291.59,4.44,D,0,VIIRS_NOAA20_SP
8.11388,81.00974,330.75,0.48,0.48,2023-09-20,821,N20,VIIRS,n,2,291.23,5.04,D,0,VIIRS_NOAA20_SP
8.11428,81.00828,339.21,0.48,0.48,2023-09-20,821,N20,VIIRS,n,2,291.71,3.02,D,0,VIIRS_NOAA20_SP
8.11773,81.00475,332.13,0.48,0.48,2023-09-20,821,N20,VIIRS,n,2,290.11,5.04,D,0,VIIRS_NOAA20_SP
8.11809,81.00329,336.89,0.48,0.48,2023-09-20,821,N20,VIIRS,n,2,290.25,3.02,D,0,VIIRS_NOAA20_SP
8.11871,81.00768,330.4,0.48,0.48,2023-09-20,821,N20,VIIRS,n,2,288.35,3.02,D,0,VIIRS_NOAA20_SP
8.11933,81.01206,332.83,0.48,0.48,2023-09-20,821,N20,VIIRS,n,2,287.41,3.2,D,0,VIIRS_NOAA20_SP
8.12158,80.99975,334.48,0.48,0.48,2023-09-20,821,N20,VIIRS,n,2,289.13,4.32,D,0,VIIRS_NOAA20_SP
8.24353,81.09587,330.31,0.49,0.49,2023-09-20,821,N20,VIIRS,n,2,277.79,3.4,D,0,VIIRS_NOAA20_SP
8.69202,80.64558,351.35,0.46,0.47,2023-09-20,821,N20,VIIRS,n,2,294.77,15.12,D,0,VIIRS_NOAA20_SP
8.46663,77.9003,348.75,0.48,0.4,2023-09-20,822,N20,VIIRS,n,2,303.07,9.86,D,0,VIIRS_NOAA20_SP
8.87764,80.72128,341.39,0.47,0.48,2023-09-20,822,N20,VIIRS,n,2,294.22,9.76,D,0,VIIRS_NOAA20_SP
8.92231,80.88425,338.09,0.49,0.48,2023-09-20,822,N20,VIIRS,n,2,280.67,3.43,D,0,VIIRS_NOAA20_SP
8.92618,80.78102,342.51,0.48,0.48,2023-09-20,822,N20,VIIRS,n,2,293.4,8.7,D,0,VIIRS_NOAA20_SP
8.95958,78.13905,336.86,0.5,0.41,2023-09-20,822,N20,VIIRS,n,2,300.61,2.59,D,0,VIIRS_NOAA20_SP
9.08243,77.69019,339.43,0.47,0.4,2023-09-20,822,N20,VIIRS,n,2,302.65,7.91,D,0,VIIRS_NOAA20_SP
9.2906,78.84191,339.93,0.55,0.42,2023-09-20,822,N20,VIIRS,n,2,300.14,4.25,D,0,VIIRS_NOAA20_SP
9.40444,78.85404,339.72,0.55,0.43,2023-09-20,822,N20,VIIRS,n,2,297.89,3.57,D,0,VIIRS_NOAA20_SP
9.41067,78.70191,339.39,0.54,0.42,2023-09-20,822,N20,VIIRS,n,2,296.76,2.2,D,0,VIIRS_NOAA20_SP
9.41219,78.70364,336.49,0.54,0.42,2023-09-20,822,N20,VIIRS,n,2,296.93,2.53,D,0,VIIRS_NOAA20_SP
9.7788,77.41282,338.58,0.46,0.39,2023-09-20,822,N20,VIIRS,n,2,300.01,3.74,D,0,VIIRS_NOAA20_SP
9.96954,78.34458,339.34,0.52,0.42,2023-09-20,822,N20,VIIRS,n,2,300.49,26.08,D,0,VIIRS_NOAA20_SP
10.60362,77.44468,345.68,0.48,0.4,2023-09-20,822,N20,VIIRS,n,2,306.68,10.03,D,0,VIIRS_NOAA20_SP
10.75409,77.3197,337.8,0.47,0.4,2023-09-20,822,N20,VIIRS,n,2,304.45,4.12,D,0,VIIRS_NOAA20_SP
11.07657,79.81382,342.7,0.44,0.46,2023-09-20,822,N20,VIIRS,n,2,296.27,8.33,D,0,VIIRS_NOAA20_SP
11.07746,79.81361,344.27,0.44,0.46,2023-09-20,822,N20,VIIRS,n,2,296.45,6.93,D,0,VIIRS_NOAA20_SP
11.28983,79.12743,344.19,0.4,0.44,2023-09-20,822,N20,VIIRS,n,2,290.7,3.43,D,0,VIIRS_NOAA20_SP
12.08537,76.72655,335.23,0.46,0.39,2023-09-20,823,N20,VIIRS,n,2,289.85,3.18,D,0,VIIRS_NOAA20_SP
13.89348,77.4777,338.93,0.52,0.42,2023-09-20,823,N20,VIIRS,n,2,274.7,5.11,D,0,VIIRS_NOAA20_SP
13.89382,77.47536,337.42,0.52,0.42,2023-09-20,823,N20,VIIRS,n,2,274.8,6.54,D,0,VIIRS_NOAA20_SP
14.37293,77.34033,343.12,0.52,0.41,2023-09-20,823,N20,VIIRS,n,2,286.93,11.31,D,0,VIIRS_NOAA20_SP
18.06191,74.72451,331.96,0.43,0.38,2023-09-20,824,N20,VIIRS,n,2,299.64,3.6,D,0,VIIRS_NOAA20_SP
18.4175,74.42373,332.82,0.42,0.38,2023-09-20,824,N20,VIIRS,n,2,291.03,2.85,D,0,VIIRS_NOAA20_SP
18.41806,74.42769,334.04,0.42,0.38,2023-09-20,824,N20,VIIRS,n,2,289.92,2.85,D,0,VIIRS_NOAA20_SP
19.83618,75.27377,330.05,0.47,0.4,2023-09-20,825,N20,VIIRS,n,2,296.81,3.4,D,0,VIIRS_NOAA20_SP
23.12197,70.0846,335.67,0.39,0.36,2023-09-20,826,N20,VIIRS,n,2,293.2,3.02,D,0,VIIRS_NOAA20_SP
27.99132,69.09711,334.93,0.39,0.36,2023-09-20,827,N20,VIIRS,n,2,296.37,1.96,D,0,VIIRS_NOAA20_SP
28.42465,69.70222,330.89,0.38,0.36,2023-09-20,827,N20,VIIRS,l,2,301.51,2.33,D,2,VIIRS_NOAA20_SP
30.26823,68.42568,345.95,0.39,0.36,2023-09-20,828,N20,VIIRS,n,2,306.9,2.82,D,0,VIIRS_NOAA20_SP
30.27151,68.425,337.84,0.39,0.36,2023-09-20,828,N20,VIIRS,n,2,308.79,2.82,D,0,VIIRS_NOAA20_SP
30.75325,73.64637,331.52,0.51,0.41,2023-09-20,828,N20,VIIRS,n,2,294.65,7.29,D,0,VIIRS_NOAA20_SP
30.75388,73.65171,346.67,0.51,0.41,2023-09-20,828,N20,VIIRS,n,2,295.16,7.29,D,0,VIIRS_NOAA20_SP
30.82654,72.34112,331.47,0.45,0.39,2023-09-20,828,N20,VIIRS,n,2,297.27,3.33,D,0,VIIRS_NOAA20_SP
30.92043,72.00694,330.78,0.44,0.38,2023-09-20,828,N20,VIIRS,l,2,305.49,5.45,D,0,VIIRS_NOAA20_SP
31.3704,70.91615,334.24,0.41,0.37,2023-09-20,828,N20,VIIRS,l,2,304.34,1.6,D,0,VIIRS_NOAA20_SP
31.53121,70.63472,339.31,0.4,0.37,2023-09-20,828,N20,VIIRS,n,2,306.49,3.76,D,0,VIIRS_NOAA20_SP
31.70238,72.52376,340.55,0.47,0.39,2023-09-20,828,N20,VIIRS,n,2,301.86,5.02,D,0,VIIRS_NOAA20_SP
31.74641,72.67027,333.26,0.47,0.4,2023-09-20,828,N20,VIIRS,n,2,297.66,1.77,D,0,VIIRS_NOAA20_SP
31.98136,73.17037,330.95,0.5,0.41,2023-09-20,828,N20,VIIRS,l,2,305.36,7.56,D,0,VIIRS_NOAA20_SP
31.98436,70.3155,334.84,0.4,0.37,2023-09-20,828,N20,VIIRS,l,2,308.29,3.05,D,0,VIIRS_NOAA20_SP
32.20485,73.97236,334.69,0.55,0.43,2023-09-20,828,N20,VIIRS,n,2,297.92,10.62,D,0,VIIRS_NOAA20_SP
32.2051,73.97589,339.72,0.55,0.43,2023-09-20,828,N20,VIIRS,n,2,300.21,5.78,D,0,VIIRS_NOAA20_SP
32.40756,73.573,330.67,0.53,0.42,2023-09-20,828,N20,VIIRS,n,2,298.26,2.83,D,0,VIIRS_NOAA20_SP
32.88745,71.61775,333.46,0.44,0.38,2023-09-20,828,N20,VIIRS,l,2,304.22,1.97,D,2,VIIRS_NOAA20_SP
34.1387,74.09921,330.34,0.39,0.44,2023-09-20,829,N20,VIIRS,n,2,304.63,2.15,D,0,VIIRS_NOAA20_SP
30.95124,97.36175,298.07,0.4,0.37,2023-09-20,1910,N20,VIIRS,n,2,284.54,0.5,N,0,VIIRS_NOAA20_SP
24.20789,82.70987,298.41,0.72,0.75,2023-09-20,1912,N20,VIIRS,n,2,270.96,0.99,N,2,VIIRS_NOAA20_SP
35.43077,73.69562,299.74,0.39,0.36,2023-09-20,2050,N20,VIIRS,n,2,281.45,0.65,N,0,VIIRS_NOAA20_SP
35.73143,73.61598,307.29,0.39,0.36,2023-09-20,2050,N20,VIIRS,n,2,284.37,0.61,N,0,VIIRS_NOAA20_SP
35.96772,68.68651,298.88,0.4,0.44,2023-09-20,2050,N20,VIIRS,n,2,287.86,0.7,N,0,VIIRS_NOAA20_SP
31.32949,76.89581,303.07,0.45,0.39,2023-09-20,2051,N20,VIIRS,n,2,291.06,0.78,N,2,VIIRS_NOAA20_SP
31.62244,74.43159,307.12,0.39,0.36,2023-09-20,2051,N20,VIIRS,n,2,295.28,0.5,N,0,VIIRS_NOAA20_SP
32.20483,74.2247,306.62,0.38,0.36,2023-09-20,2051,N20,VIIRS,n,2,295.01,0.82,N,2,VIIRS_NOAA20_SP
32.29381,70.73015,313.59,0.44,0.39,2023-09-20,2051,N20,VIIRS,n,2,297.15,2.91,N,2,VIIRS_NOAA20_SP
32.29932,74.31536,305.83,0.38,0.36,2023-09-20,2051,N20,VIIRS,n,2,295.35,0.7,N,0,VIIRS_NOAA20_SP
32.72643,73.1387,309.73,0.39,0.36,2023-09-20,2051,N20,VIIRS,n,2,295.38,2.12,N,2,VIIRS_NOAA20_SP
32.88835,71.61643,316.48,0.42,0.38,2023-09-20,2051,N20,VIIRS,n,2,295.86,3.1,N,2,VIIRS_NOAA20_SP
33.23671,71.51444,309.2,0.42,0.38,2023-09-20,2051,N20,VIIRS,n,2,293.81,0.7,N,0,VIIRS_NOAA20_SP
33.80055,72.09911,307.81,0.41,0.37,2023-09-20,2051,N20,VIIRS,n,2,294.71,2.3,N,2,VIIRS_NOAA20_SP
33.84917,72.87181,307.68,0.4,0.37,2023-09-20,2051,N20,VIIRS,n,2,295.27,1.23,N,0,VIIRS_NOAA20_SP
33.90272,71.91692,307.67,0.42,0.37,2023-09-20,2051,N20,VIIRS,n,2,294.83,1.61,N,2,VIIRS_NOAA20_SP
29.12456,75.77705,306.6,0.43,0.38,2023-09-20,2052,N20,VIIRS,n,2,289.13,3.03,N,2,VIIRS_NOAA20_SP
29.91153,74.94787,315.9,0.4,0.37,2023-09-20,2052,N20,VIIRS,n,2,292.74,2.76,N,2,VIIRS_NOAA20_SP
24.20754,82.5246,304.91,0.41,0.61,2023-09-20,2053,N20,VIIRS,n,2,278.16,0.97,N,2,VIIRS_NOAA20_SP
24.57878,74.80315,304.81,0.44,0.39,2023-09-20,2053,N20,VIIRS,n,2,281.48,0.93,N,2,VIIRS_NOAA20_SP
24.66257,74.63503,307.11,0.44,0.38,2023-09-20,2053,N20,VIIRS,n,2,283.94,0.92,N,2,VIIRS_NOAA20_SP
24.6633,74.63078,301.42,0.43,0.38,2023-09-20,2053,N20,VIIRS,n,2,282.47,0.92,N,2,VIIRS_NOAA20_SP
24.68967,73.00321,308.28,0.39,0.36,2023-09-20,2053,N20,VIIRS,n,2,286.15,1.17,N,2,VIIRS_NOAA20_SP
24.76599,74.60738,303.81,0.43,0.38,2023-09-20,2053,N20,VIIRS,n,2,284.78,1.11,N,2,VIIRS_NOAA20_SP
24.82183,73.09227,308.71,0.39,0.36,2023-09-20,2053,N20,VIIRS,n,2,285.21,0.86,N,2,VIIRS_NOAA20_SP
24.93377,74.63134,296.92,0.43,0.38,2023-09-20,2053,N20,VIIRS,n,2,273.1,0.83,N,2,VIIRS_NOAA20_SP
25.4447,68.55478,312.71,0.46,0.39,2023-09-20,2053,N20,VIIRS,n,2,291.9,1.04,N,0,VIIRS_NOAA20_SP
26.09417,68.87981,330.81,0.46,0.39,2023-09-20,2053,N20,VIIRS,n,2,292.8,4.19,N,2,VIIRS_NOAA20_SP
26.10911,78.3292,306.22,0.42,0.45,2023-09-20,2053,N20,VIIRS,n,2,289.04,0.73,N,0,VIIRS_NOAA20_SP
26.60508,73.68553,304.74,0.4,0.37,2023-09-20,2053,N20,VIIRS,n,2,288.28,0.78,N,2,VIIRS_NOAA20_SP
26.87532,73.51727,307.94,0.39,0.36,2023-09-20,2053,N20,VIIRS,n,2,292.17,1.34,N,2,VIIRS_NOAA20_SP
20.91122,71.46049,304.69,0.39,0.36,2023-09-20,2054,N20,VIIRS,n,2,282.44,1.02,N,2,VIIRS_NOAA20_SP
21.10297,72.63602,337.87,0.4,0.37,2023-09-20,2054,N20,VIIRS,n,2,285.85,6.19,N,2,VIIRS_NOAA20_SP
21.10439,72.64816,315.41,0.4,0.37,2023-09-20,2054,N20,VIIRS,n,2,286.53,2.98,N,2,VIIRS_NOAA20_SP
21.10504,72.64433,333.42,0.4,0.37,2023-09-20,2054,N20,VIIRS,n,2,287.2,8.72,N,2,VIIRS_NOAA20_SP
21.10569,72.64049,303.85,0.4,0.37,2023-09-20,2054,N20,VIIRS,n,2,282.34,8.72,N,2,VIIRS_NOAA20_SP
21.10775,72.64881,314.7,0.4,0.37,2023-09-20,2054,N20,VIIRS,n,2,286.71,2.98,N,2,VIIRS_NOAA20_SP
21.1084,72.64497,338.6,0.4,0.37,2023-09-20,2054,N20,VIIRS,n,2,283.07,8.72,N,2,VIIRS_NOAA20_SP
21.11034,72.63345,319.24,0.4,0.37,2023-09-20,2054,N20,VIIRS,n,2,285.25,3.2,N,2,VIIRS_NOAA20_SP
22.92663,69.82418,300.4,0.4,0.37,2023-09-20,2054,N20,VIIRS,n,2,290.3,1.07,N,2,VIIRS_NOAA20_SP
23.31648,70.48621,303.35,0.39,0.36,2023-09-20,2054,N20,VIIRS,n,2,291.22,0.7,N,2,VIIRS_NOAA20_SP
15.17716,76.65905,296.59,0.52,0.5,2023-09-20,2056,N20,VIIRS,n,2,259.65,1.66,N,2,VIIRS_NOAA20_SP
15.17807,76.65429,303.78,0.52,0.5,2023-09-20,2056,N20,VIIRS,n,2,259.24,1.74,N,2,VIIRS_NOAA20_SP
19.02322,96.49725,336.51,0.41,0.45,2023-09-21,624,N20,VIIRS,n,2,292.76,4.81,D,0,VIIRS_NOAA20_SP
29.63874,90.98152,329.28,0.56,0.51,2023-09-21,628,N20,VIIRS,n,2,296.47,3.41,D,0,VIIRS_NOAA20_SP
29.66587,91.21147,326.26,0.54,0.51,2023-09-21,628,N20,VIIRS,n,2,296.25,5.18,D,0,VIIRS_NOAA20_SP
32.96626,96.35564,327.8,0.41,0.37,2023-09-21,628,N20,VIIRS,n,2,293.27,4.25,D,0,VIIRS_NOAA20_SP
36.38017,95.15347,334.64,0.41,0.37,2023-09-21,629,N20,VIIRS,n,2,301.4,1.75,D,0,VIIRS_NOAA20_SP
6.70838,81.57005,333.24,0.41,0.37,2023-09-21,802,N20,VIIRS,n,2,301.25,2.77,D,0,VIIRS_NOAA20_SP
6.73789,81.18312,334.91,0.4,0.37,2023-09-21,802,N20,VIIRS,n,2,302.26,3.33,D,0,VIIRS_NOAA20_SP
6.76169,81.19367,339.09,0.4,0.37,2023-09-21,802,N20,VIIRS,n,2,301.49,2.66,D,0,VIIRS_NOAA20_SP
6.81226,81.467,337.06,0.41,0.37,2023-09-21,802,N20,VIIRS,n,2,298.83,2.91,D,0,VIIRS_NOAA20_SP
6.83026,81.58972,335.35,0.41,0.37,2023-09-21,802,N20,VIIRS,n,2,301.1,2.45,D,0,VIIRS_NOAA20_SP
6.87179,81.49226,330.63,0.41,0.37,2023-09-21,802,N20,VIIRS,l,2,303.29,2.15,D,0,VIIRS_NOAA20_SP
7.02735,81.85809,339.18,0.42,0.38,2023-09-21,802,N20,VIIRS,n,2,301.58,4.7,D,0,VIIRS_NOAA20_SP
7.02756,81.57575,336.83,0.42,0.37,2023-09-21,802,N20,VIIRS,n,2,304.31,11.1,D,0,VIIRS_NOAA20_SP
7.04813,81.57265,334.79,0.42,0.37,2023-09-21,802,N20,VIIRS,n,2,302.73,4.61,D,0,VIIRS_NOAA20_SP
7.15113,81.76999,339.0,0.42,0.38,2023-09-21,802,N20,VIIRS,n,2,299.49,6.95,D,0,VIIRS_NOAA20_SP
7.15342,81.7695,335.82,0.42,0.38,2023-09-21,802,N20,VIIRS,n,2,296.93,5.41,D,0,VIIRS_NOAA20_SP
7.27528,81.21725,336.7,0.41,0.37,2023-09-21,802,N20,VIIRS,n,2,299.56,3.79,D,0,VIIRS_NOAA20_SP
7.27638,81.22462,335.55,0.41,0.37,2023-09-21,802,N20,VIIRS,n,2,298.87,7.19,D,0,VIIRS_NOAA20_SP
7.31701,81.09449,332.17,0.4,0.37,2023-09-21,802,N20,VIIRS,n,2,298.16,3.52,D,0,VIIRS_NOAA20_SP
7.34674,81.20202,330.25,0.41,0.37,2023-09-21,802,N20,VIIRS,n,2,299.39,4.36,D,0,VIIRS_NOAA20_SP
7.35774,80.97376,339.61,0.4,0.37,2023-09-21,802,N20,VIIRS,n,2,299.16,4.57,D,0,VIIRS_NOAA20_SP
7.36085,81.11036,332.2,0.4,0.37,2023-09-21,802,N20,VIIRS,n,2,298.75,4.12,D,0,VIIRS_NOAA20_SP
7.40861,81.00294,337.28,0.4,0.37,2023-09-21,802,N20,VIIRS,n,2,294.55,3.41,D,0,VIIRS_NOAA20_SP
7.68033,80.99939,335.77,0.4,0.37,2023-09-21,802,N20,VIIRS,n,2,303.8,6.05,D,0,VIIRS_NOAA20_SP
7.68887,80.72084,340.46,0.4,0.37,2023-09-21,802,N20,VIIRS,n,2,302.4,8.44,D,0,VIIRS_NOAA20_SP
7.72013,80.56281,334.4,0.39,0.36,2023-09-21,802,N20,VIIRS,n,2,294.82,2.22,D,0,VIIRS_NOAA20_SP
7.725,80.66412,336.67,0.4,0.37,2023-09-21,802,N20,VIIRS,n,2,301.9,3.58,D,0,VIIRS_NOAA20_SP
7.77771,80.63371,336.76,0.4,0.37,2023-09-21,802,N20,VIIRS,n,2,302.3,3.11,D,0,VIIRS_NOAA20_SP
7.77824,81.02172,335.91,0.4,0.37,2023-09-21,802,N20,VIIRS,n,2,301.39,5.06,D,0,VIIRS_NOAA20_SP
7.78283,80.62202,332.72,0.4,0.37,2023-09-21,802,N20,VIIRS,n,2,300.07,4.11,D,0,VIIRS_NOAA20_SP
7.78298,80.14493,332.68,0.39,0.36,2023-09-21,802,N20,VIIRS,n,2,294.09,2.61,D,0,VIIRS_NOAA20_SP
7.78456,80.8198,338.77,0.4,0.37,2023-09-21,802,N20,VIIRS,n,2,300.32,7.13,D,0,VIIRS_NOAA20_SP
7.78565,80.61795,337.78,0.4,0.37,2023-09-21,802,N20,VIIRS,n,2,301.85,4.28,D,0,VIIRS_NOAA20_SP
7.7863,80.14443,332.47,0.39,0.36,2023-09-21,802,N20,VIIRS,n,2,295.12,2.61,D,0,VIIRS_NOAA20_SP
7.82734,80.71408,335.98,0.4,0.37,2023-09-21,802,N20,VIIRS,n,2,305.61,22.44,D,0,VIIRS_NOAA20_SP
7.83512,80.72025,334.65,0.4,0.37,2023-09-21,802,N20,VIIRS,n,2,299.47,2.9,D,0,VIIRS_NOAA20_SP
7.84505,80.74078,336.94,0.4,0.37,2023-09-21,802,N20,VIIRS,n,2,300.98,3.98,D,0,VIIRS_NOAA20_SP
7.84894,80.74387,336.43,0.4,0.37,2023-09-21,802,N20,VIIRS,n,2,302.03,3.98,D,0,VIIRS_NOAA20_SP
7.87612,80.65871,338.31,0.4,0.37,2023-09-21,802,N20,VIIRS,n,2,302.07,3.31,D,0,VIIRS_NOAA20_SP
7.88549,81.01267,336.88,0.4,0.37,2023-09-21,802,N20,VIIRS,n,2,297.51,4.74,D,0,VIIRS_NOAA20_SP
7.88652,80.68279,331.64,0.4,0.37,2023-09-21,802,N20,VIIRS,l,2,301.67,2.28,D,0,VIIRS_NOAA20_SP
7.88689,80.63883,335.53,0.4,0.37,2023-09-21,802,N20,VIIRS,n,2,299.75,2.78,D,0,VIIRS_NOAA20_SP
7.88989,80.61282,332.78,0.4,0.37,2023-09-21,802,N20,VIIRS,n,2,300.27,2.83,D,0,VIIRS_NOAA20_SP
7.89597,81.15359,331.06,0.41,0.37,2023-09-21,802,N20,VIIRS,n,2,299.34,3.91,D,0,VIIRS_NOAA20_SP
7.91198,80.78548,345.89,0.4,0.37,2023-09-21,802,N20,VIIRS,n,2,300.71,5.51,D,0,VIIRS_NOAA20_SP
7.91716,80.08862,345.6,0.39,0.36,2023-09-21,802,N20,VIIRS,n,2,298.45,7.65,D,0,VIIRS_NOAA20_SP
7.93122,80.68343,336.28,0.4,0.37,2023-09-21,802,N20,VIIRS,n,2,300.51,2.31,D,0,VIIRS_NOAA20_SP
7.9318,80.75674,334.8,0.4,0.37,2023-09-21,802,N20,VIIRS,n,2,301.27,4.88,D,0,VIIRS_NOAA20_SP
7.93458,80.68293,331.22,0.4,0.37,2023-09-21,802,N20,VIIRS,n,2,300.94,2.31,D,0,VIIRS_NOAA20_SP
7.94013,80.76654,334.25,0.4,0.37,2023-09-21,802,N20,VIIRS,n,2,300.51,4.45,D,0,VIIRS_NOAA20_SP
7.94159,80.20683,342.71,0.39,0.36,2023-09-21,802,N20,VIIRS,n,2,296.73,10.14,D,0,VIIRS_NOAA20_SP
7.94396,80.86214,347.22,0.4,0.37,2023-09-21,802,N20,VIIRS,n,2,298.76,5.76,D,0,VIIRS_NOAA20_SP
7.94847,80.61507,337.26,0.4,0.37,2023-09-21,802,N20,VIIRS,n,2,301.4,5.64,D,0,VIIRS_NOAA20_SP
7.95182,80.61459,338.84,0.4,0.37,2023-09-21,802,N20,VIIRS,n,2,303.38,5.64,D,0,VIIRS_NOAA20_SP
7.97873,80.73492,332.46,0.4,0.37,2023-09-21,802,N20,VIIRS,n,2,301.89,3.06,D,0,VIIRS_NOAA20_SP
7.9797,80.62482,346.11,0.4,0.37,2023-09-21,802,N20,VIIRS,n,2,299.96,6.99,D,0,VIIRS_NOAA20_SP
7.98243,80.76014,336.64,0.4,0.37,2023-09-21,802,N20,VIIRS,n,2,302.93,3.81,D,0,VIIRS_NOAA20_SP
7.98378,81.06131,337.55,0.41,0.37,2023-09-21,802,N20,VIIRS,n,2,298.36,5.41,D,0,VIIRS_NOAA20_SP
7.99805,80.63306,332.14,0.4,0.37,2023-09-21,802,N20,VIIRS,n,2,296.71,2.99,D,0,VIIRS_NOAA20_SP
7.99858,80.63665,342.11,0.4,0.37,2023-09-21,802,N20,VIIRS,n,2,295.63,2.95,D,0,VIIRS_NOAA20_SP
8.02898,80.67975,335.86,0.4,0.37,2023-09-21,802,N20,VIIRS,n,2,294.82,4.93,D,0,VIIRS_NOAA20_SP
8.03337,80.23192,337.46,0.39,0.36,2023-09-21,802,N20,VIIRS,n,2,296.21,2.07,D,0,VIIRS_NOAA20_SP
8.0544,80.64298,330.3,0.4,0.37,2023-09-21,802,N20,VIIRS,l,2,300.5,11.15,D,0,VIIRS_NOAA20_SP
8.0576,80.6645,338.0,0.4,0.37,2023-09-21,802,N20,VIIRS,n,2,301.66,5.87,D,0,VIIRS_NOAA20_SP
8.05882,80.64967,335.36,0.4,0.37,2023-09-21,802,N20,VIIRS,n,2,299.87,7.77,D,0,VIIRS_NOAA20_SP
8.06058,80.63841,336.34,0.4,0.37,2023-09-21,802,N20,VIIRS,n,2,300.79,6.65,D,0,VIIRS_NOAA20_SP
8.06188,80.6932,334.58,0.4,0.37,2023-09-21,802,N20,VIIRS,n,2,300.05,2.43,D,0,VIIRS_NOAA20_SP
8.06285,80.88522,335.71,0.4,0.37,2023-09-21,802,N20,VIIRS,n,2,301.19,3.39,D,0,VIIRS_NOAA20_SP
8.06417,80.68552,333.12,0.4,0.37,2023-09-21,802,N20,VIIRS,n,2,298.18,4.93,D,0,VIIRS_NOAA20_SP
8.06971,80.95497,335.15,0.4,0.37,2023-09-21,802,N20,VIIRS,n,2,301.06,3.44,D,0,VIIRS_NOAA20_SP
8.07343,81.07433,333.92,0.41,0.37,2023-09-21,802,N20,VIIRS,n,2,301.88,2.85,D,0,VIIRS_NOAA20_SP
8.09205,80.89577,332.91,0.4,0.37,2023-09-21,802,N20,VIIRS,l,2,303.57,4.86,D,0,VIIRS_NOAA20_SP
8.09569,80.74654,337.86,0.4,0.37,2023-09-21,802,N20,VIIRS,n,2,300.56,2.56,D,0,VIIRS_NOAA20_SP
8.10562,80.98706,345.21,0.41,0.37,2023-09-21,802,N20,VIIRS,n,2,303.73,11.06,D,0,VIIRS_NOAA20_SP
8.10972,81.06145,347.69,0.41,0.37,2023-09-21,802,N20,VIIRS,n,2,302.03,14.9,D,0,VIIRS_NOAA20_SP
8.11154,80.93385,331.92,0.4,0.37,2023-09-21,802,N20,VIIRS,n,2,301.0,3.46,D,0,VIIRS_NOAA20_SP
8.11257,81.05727,341.52,0.41,0.37,2023-09-21,802,N20,VIIRS,n,2,304.35,14.9,D,0,VIIRS_NOAA20_SP
8.11312,81.06096,350.05,0.41,0.37,2023-09-21,802,N20,VIIRS,n,2,304.84,14.9,D,0,VIIRS_NOAA20_SP
8.11676,81.01539,347.8,0.41,0.37,2023-09-21,802,N20,VIIRS,n,2,299.35,9.06,D,0,VIIRS_NOAA20_SP
8.11851,80.55244,336.8,0.4,0.37,2023-09-21,802,N20,VIIRS,n,2,301.77,4.63,D,0,VIIRS_NOAA20_SP
8.11863,80.98139,349.24,0.4,0.37,2023-09-21,802,N20,VIIRS,n,2,306.62,19.43,D,0,VIIRS_NOAA20_SP
8.12389,80.11027,336.26,0.39,0.36,2023-09-21,802,N20,VIIRS,n,2,299.55,3.31,D,0,VIIRS_NOAA20_SP
8.12584,81.00654,333.41,0.41,0.37,2023-09-21,802,N20,VIIRS,n,2,300.93,8.23,D,0,VIIRS_NOAA20_SP
8.12639,81.01022,334.6,0.41,0.37,2023-09-21,802,N20,VIIRS,n,2,302.21,8.0,D,0,VIIRS_NOAA20_SP
8.12748,81.01755,350.07,0.41,0.37,2023-09-21,802,N20,VIIRS,n,2,303.97,7.43,D,0,VIIRS_NOAA20_SP
8.12769,81.08889,336.09,0.41,0.37,2023-09-21,802,N20,VIIRS,n,2,303.41,5.78,D,0,VIIRS_NOAA20_SP
8.1283,81.01703,348.35,0.41,0.37,2023-09-21,802,N20,VIIRS,n,2,303.54,10.82,D,0,VIIRS_NOAA20_SP
8.13319,80.37581,333.31,0.39,0.36,2023-09-21,802,N20,VIIRS,n,2,296.85,3.46,D,0,VIIRS_NOAA20_SP
8.13509,80.34296,332.56,0.39,0.36,2023-09-21,802,N20,VIIRS,n,2,298.1,2.44,D,0,VIIRS_NOAA20_SP
8.13899,80.57497,331.92,0.4,0.37,2023-09-21,802,N20,VIIRS,n,2,298.2,2.71,D,0,VIIRS_NOAA20_SP
8.15115,80.74938,348.38,0.4,0.37,2023-09-21,802,N20,VIIRS,n,2,304.4,13.29,D,0,VIIRS_NOAA20_SP
8.15193,80.6389,337.21,0.4,0.37,2023-09-21,802,N20,VIIRS,n,2,301.46,5.31,D,0,VIIRS_NOAA20_SP
8.15452,80.74888,345.32,0.4,0.37,2023-09-21,802,N20,VIIRS,n,2,305.01,13.29,D,0,VIIRS_NOAA20_SP
8.15505,80.75249,335.2,0.4,0.37,2023-09-21,802,N20,VIIRS,n,2,300.15,6.53,D,0,VIIRS_NOAA20_SP
8.15524,80.96431,338.52,0.4,0.37,2023-09-21,802,N20,VIIRS,n,2,304.16,7.39,D,0,VIIRS_NOAA20_SP
8.15578,80.96797,332.68,0.4,0.37,2023-09-21,802,N20,VIIRS,n,2,301.92,2.92,D,0,VIIRS_NOAA20_SP
8.16299,80.57508,338.26,0.4,0.37,2023-09-21,802,N20,VIIRS,n,2,301.62,3.8,D,0,VIIRS_NOAA20_SP
8.1676,80.72115,333.22,0.4,0.37,2023-09-21,802,N20,VIIRS,n,2,295.86,1.34,D,0,VIIRS_NOAA20_SP
8.17704,80.9948,333.92,0.41,0.37,2023-09-21,802,N20,VIIRS,n,2,303.36,1.49,D,0,VIIRS_NOAA20_SP
8.18044,80.99431,332.14,0.41,0.37,2023-09-21,802,N20,VIIRS,l,2,303.21,2.19,D,0,VIIRS_NOAA20_SP
8.18098,80.99798,331.57,0.41,0.37,2023-09-21,802,N20,VIIRS,l,2,302.81,2.19,D,0,VIIRS_NOAA20_SP
8.1826,81.009,334.24,0.41,0.37,2023-09-21,802,N20,VIIRS,n,2,304.06,2.7,D,0,VIIRS_NOAA20_SP
8.1875,80.58585,344.45,0.4,0.37,2023-09-21,802,N20,VIIRS,n,2,302.08,4.31,D,0,VIIRS_NOAA20_SP
8.18792,80.78825,330.36,0.4,0.37,2023-09-21,802,N20,VIIRS,n,2,299.82,2.54,D,0,VIIRS_NOAA20_SP
8.19129,80.78774,336.86,0.4,0.37,2023-09-21,802,N20,VIIRS,n,2,300.67,11.1,D,0,VIIRS_NOAA20_SP
8.20364,80.09831,333.58,0.39,0.36,2023-09-21,802,N20,VIIRS,n,2,297.28,2.76,D,0,VIIRS_NOAA20_SP
8.21411,81.03439,334.5,0.41,0.37,2023-09-21,802,N20,VIIRS,n,2,303.12,2.95,D,0,VIIRS_NOAA20_SP
8.21696,81.03021,337.4,0.41,0.37,2023-09-21,802,N20,VIIRS,n,2,303.45,3.12,D,0,VIIRS_NOAA20_SP
8.21803,80.74671,331.76,0.4,0.37,2023-09-21,802,N20,VIIRS,n,2,301.37,2.77,D,0,VIIRS_NOAA20_SP
8.21931,80.90625,330.63,0.4,0.37,2023-09-21,802,N20,VIIRS,l,2,304.64,4.39,D,0,VIIRS_NOAA20_SP
8.22781,81.0098,347.93,0.41,0.37,2023-09-21,802,N20,VIIRS,n,2,301.25,5.17,D,0,VIIRS_NOAA20_SP
8.2312,81.0093,332.97,0.41,0.37,2023-09-21,802,N20,VIIRS,n,2,301.68,2.98,D,0,VIIRS_NOAA20_SP
8.23292,80.77775,338.72,0.4,0.37,2023-09-21,802,N20,VIIRS,n,2,303.32,7.23,D,0,VIIRS_NOAA20_SP
8.2336,81.09557,341.01,0.41,0.37,2023-09-21,802,N20,VIIRS,n,2,303.44,4.28,D,0,VIIRS_NOAA20_SP
8.24396,80.34448,334.87,0.39,0.36,2023-09-21,802,N20,VIIRS,n,2,299.46,5.33,D,0,VIIRS_NOAA20_SP
8.2442,80.62139,331.5,0.4,0.37,2023-09-21,802,N20,VIIRS,n,2,300.62,2.72,D,0,VIIRS_NOAA20_SP
8.25529,80.78924,339.42,0.4,0.37,2023-09-21,802,N20,VIIRS,n,2,298.23,4.35,D,0,VIIRS_NOAA20_SP
8.25578,80.72269,342.42,0.4,0.37,2023-09-21,802,N20,VIIRS,n,2,301.32,4.34,D,0,VIIRS_NOAA20_SP
8.25687,80.5682,335.13,0.4,0.37,2023-09-21,802,N20,VIIRS,n,2,301.27,2.23,D,0,VIIRS_NOAA20_SP
8.25866,80.78875,336.2,0.4,0.37,2023-09-21,802,N20,VIIRS,n,2,298.39,5.4,D,0,VIIRS_NOAA20_SP
8.25915,80.7222,340.88,0.4,0.37,2023-09-21,802,N20,VIIRS,n,2,301.66,4.34,D,0,VIIRS_NOAA20_SP
8.26227,80.51257,338.78,0.4,0.37,2023-09-21,802,N20,VIIRS,n,2,302.08,4.91,D,0,VIIRS_NOAA20_SP
8.28665,80.24646,335.74,0.39,0.36,2023-09-21,803,N20,VIIRS,n,2,300.18,3.54,D,0,VIIRS_NOAA20_SP
8.29748,80.55,335.48,0.4,0.37,2023-09-21,803,N20,VIIRS,n,2,300.11,4.17,D,0,VIIRS_NOAA20_SP
8.31228,80.30408,332.91,0.39,0.36,2023-09-21,803,N20,VIIRS,n,2,302.34,2.32,D,0,VIIRS_NOAA20_SP
8.31281,80.30762,334.86,0.39,0.36,2023-09-21,803,N20,VIIRS,n,2,301.98,2.32,D,0,VIIRS_NOAA20_SP
8.31512,80.64643,338.09,0.4,0.37,2023-09-21,803,N20,VIIRS,n,2,301.01,4.76,D,0,VIIRS_NOAA20_SP
8.3323,80.73983,332.69,0.4,0.37,2023-09-21,803,N20,VIIRS,n,2,299.76,3.02,D,0,VIIRS_NOAA20_SP
8.33283,80.74345,332.29,0.4,0.37,2023-09-21,803,N20,VIIRS,n,2,300.02,3.02,D,0,VIIRS_NOAA20_SP
8.33319,80.32993,339.77,0.39,0.36,2023-09-21,803,N20,VIIRS,n,2,292.81,4.32,D,0,VIIRS_NOAA20_SP
8.33547,80.69128,347.61,0.4,0.37,2023-09-21,803,N20,VIIRS,n,2,303.07,10.94,D,0,VIIRS_NOAA20_SP
8.34541,80.71197,335.08,0.4,0.37,2023-09-21,803,N20,VIIRS,n,2,296.23,5.26,D,0,VIIRS_NOAA20_SP
8.34771,80.70424,341.7,0.4,0.37,2023-09-21,803,N20,VIIRS,n,2,302.75,8.03,D,0,VIIRS_NOAA20_SP
8.34824,80.70785,344.58,0.4,0.37,2023-09-21,803,N20,VIIRS,n,2,299.78,4.67,D,0,VIIRS_NOAA20_SP
8.34927,80.64503,335.81,0.4,0.37,2023-09-21,803,N20,VIIRS,n,2,300.5,3.51,D,0,VIIRS_NOAA20_SP
8.35161,80.70736,336.63,0.4,0.37,2023-09-21,803,N20,VIIRS,n,2,299.62,4.67,D,0,VIIRS_NOAA20_SP
8.35172,80.61526,333.38,0.4,0.37,2023-09-21,803,N20,VIIRS,n,2,301.04,2.71,D,0,VIIRS_NOAA20_SP
8.35466,80.35931,350.87,0.39,0.36,2023-09-21,803,N20,VIIRS,n,2,299.32,9.18,D,0,VIIRS_NOAA20_SP
8.36068,80.35817,330.97,0.39,0.36,2023-09-21,803,N20,VIIRS,n,2,295.35,2.61,D,0,VIIRS_NOAA20_SP
8.37304,80.28024,343.73,0.39,0.36,2023-09-21,803,N20,VIIRS,n,2,302.94,9.78,D,0,VIIRS_NOAA20_SP
8.37918,80.2757,340.13,0.39,0.36,2023-09-21,803,N20,VIIRS,n,2,302.76,4.99,D,0,VIIRS_NOAA20_SP
8.38877,80.77219,334.05,0.4,0.37,2023-09-21,803,N20,VIIRS,n,2,295.36,4.96,D,0,VIIRS_NOAA20_SP
8.38936,80.59133,330.99,0.4,0.37,2023-09-21,803,N20,VIIRS,n,2,296.04,1.99,D,0,VIIRS_NOAA20_SP
8.42613,80.52338,337.76,0.4,0.37,2023-09-21,803,N20,VIIRS,n,2,300.7,3.44,D,0,VIIRS_NOAA20_SP
8.42663,80.38832,330.96,0.39,0.36,2023-09-21,803,N20,VIIRS,n,2,299.53,5.38,D,0,VIIRS_NOAA20_SP
8.43407,80.50755,335.79,0.4,0.37,2023-09-21,803,N20,VIIRS,n,2,304.95,5.48,D,0,VIIRS_NOAA20_SP
8.44616,80.38177,336.24,0.39,0.36,2023-09-21,803,N20,VIIRS,n,2,301.23,3.36,D,0,VIIRS_NOAA20_SP
8.45168,80.83709,336.35,0.4,0.37,2023-09-21,803,N20,VIIRS,n,2,299.95,10.09,D,0,VIIRS_NOAA20_SP
8.46386,80.34583,342.95,0.39,0.36,2023-09-21,803,N20,VIIRS,n,2,300.94,4.04,D,0,VIIRS_NOAA20_SP
8.53247,80.67247,337.78,0.4,0.37,2023-09-21,803,N20,VIIRS,n,2,297.53,6.0,D,0,VIIRS_NOAA20_SP
8.53584,80.67197,339.28,0.4,0.37,2023-09-21,803,N20,VIIRS,n,2,301.52,6.0,D,0,VIIRS_NOAA20_SP
8.53634,80.39684,347.31,0.39,0.37,2023-09-21,803,N20,VIIRS,n,2,298.25,6.61,D,0,VIIRS_NOAA20_SP
8.58348,80.25874,339.84,0.39,0.36,2023-09-21,803,N20,VIIRS,n,2,296.95,6.69,D,0,VIIRS_NOAA20_SP
8.59126,80.45042,345.56,0.4,0.37,2023-09-21,803,N20,VIIRS,n,2,302.96,9.04,D,0,VIIRS_NOAA20_SP
8.59593,80.65936,335.31,0.4,0.37,2023-09-21,803,N20,VIIRS,n,2,301.67,3.98,D,0,VIIRS_NOAA20_SP
8.61348,80.46175,337.44,0.4,0.37,2023-09-21,803,N20,VIIRS,n,2,300.39,1.03,D,0,VIIRS_NOAA20_SP
8.62012,80.60024,334.45,0.4,0.37,2023-09-21,803,N20,VIIRS,n,2,301.59,3.14,D,0,VIIRS_NOAA20_SP
8.62828,80.56223,346.29,0.4,0.37,2023-09-21,803,N20,VIIRS,n,2,301.8,6.58,D,0,VIIRS_NOAA20_SP
8.62934,80.29179,330.2,0.39,0.36,2023-09-21,803,N20,VIIRS,n,2,296.27,2.12,D,0,VIIRS_NOAA20_SP
8.63796,80.74571,330.18,0.4,0.37,2023-09-21,803,N20,VIIRS,n,2,299.87,2.81,D,0,VIIRS_NOAA20_SP
8.64685,80.61841,338.42,0.4,0.37,2023-09-21,803,N20,VIIRS,n,2,299.24,6.08,D,0,VIIRS_NOAA20_SP
8.64916,80.61069,343.31,0.4,0.37,2023-09-21,803,N20,VIIRS,n,2,296.12,4.72,D,0,VIIRS_NOAA20_SP
8.65444,80.50696,336.23,0.4,0.37,2023-09-21,803,N20,VIIRS,n,2,302.26,5.28,D,0,VIIRS_NOAA20_SP
8.65497,80.51054,336.27,0.4,0.37,2023-09-21,803,N20,VIIRS,n,2,300.74,5.28,D,0,VIIRS_NOAA20_SP
8.67526,80.32489,336.57,0.39,0.36,2023-09-21,803,N20,VIIRS,n,2,301.88,3.55,D,0,VIIRS_NOAA20_SP
8.70047,80.38611,345.4,0.39,0.37,2023-09-21,803,N20,VIIRS,n,2,300.21,6.71,D,0,VIIRS_NOAA20_SP
8.70135,80.68434,336.59,0.4,0.37,2023-09-21,803,N20,VIIRS,n,2,302.23,5.8,D,0,VIIRS_NOAA20_SP
8.70475,80.27626,338.04,0.39,0.36,2023-09-21,803,N20,VIIRS,n,2,302.85,6.38,D,0,VIIRS_NOAA20_SP
8.72598,80.53615,337.89,0.4,0.37,2023-09-21,803,N20,VIIRS,n,2,302.94,34.56,D,0,VIIRS_NOAA20_SP
8.73158,80.70215,331.57,0.4,0.37,2023-09-21,803,N20,VIIRS,n,2,300.07,8.19,D,0,VIIRS_NOAA20_SP
8.73212,80.70578,336.3,0.4,0.37,2023-09-21,803,N20,VIIRS,n,2,299.68,8.19,D,0,VIIRS_NOAA20_SP
8.73254,80.34849,341.16,0.39,0.36,2023-09-21,803,N20,VIIRS,n,2,299.73,3.75,D,0,VIIRS_NOAA20_SP
8.7506,81.04089,336.42,0.41,0.37,2023-09-21,803,N20,VIIRS,n,2,301.69,59.49,D,0,VIIRS_NOAA20_SP
8.75983,80.34804,344.07,0.39,0.37,2023-09-21,803,N20,VIIRS,n,2,304.29,20.0,D,0,VIIRS_NOAA20_SP
8.76036,80.35161,338.78,0.39,0.37,2023-09-21,803,N20,VIIRS,n,2,302.17,9.59,D,0,VIIRS_NOAA20_SP
8.77174,80.84878,335.87,0.41,0.37,2023-09-21,803,N20,VIIRS,n,2,300.18,5.89,D,0,VIIRS_NOAA20_SP
8.80493,79.96779,342.82,0.39,0.36,2023-09-21,803,N20,VIIRS,n,2,301.81,3.11,D,0,VIIRS_NOAA20_SP
8.83648,77.91732,337.36,0.4,0.37,2023-09-21,803,N20,VIIRS,n,2,298.53,3.55,D,0,VIIRS_NOAA20_SP
8.8427,80.59172,347.29,0.4,0.37,2023-09-21,803,N20,VIIRS,n,2,298.6,6.47,D,0,VIIRS_NOAA20_SP
8.84697,80.48058,336.82,0.4,0.37,2023-09-21,803,N20,VIIRS,n,2,300.33,7.33,D,0,VIIRS_NOAA20_SP
8.86237,80.58511,334.13,0.4,0.37,2023-09-21,803,N20,VIIRS,l,2,304.36,3.97,D,0,VIIRS_NOAA20_SP
9.04906,80.10327,335.67,0.39,0.36,2023-09-21,803,N20,VIIRS,n,2,301.77,2.33,D,0,VIIRS_NOAA20_SP
9.10375,80.30966,337.12,0.39,0.37,2023-09-21,803,N20,VIIRS,n,2,301.78,4.87,D,0,VIIRS_NOAA20_SP
9.10981,80.31184,341.49,0.4,0.37,2023-09-21,803,N20,VIIRS,n,2,301.63,2.84,D,0,VIIRS_NOAA20_SP
9.15384,80.51855,334.1,0.4,0.37,2023-09-21,803,N20,VIIRS,n,2,289.23,14.55,D,0,VIIRS_NOAA20_SP
9.17701,80.82539,336.45,0.41,0.37,2023-09-21,803,N20,VIIRS,n,2,300.34,3.76,D,0,VIIRS_NOAA20_SP
9.21758,78.56458,343.13,0.39,0.36,2023-09-21,803,N20,VIIRS,n,2,299.91,3.39,D,0,VIIRS_NOAA20_SP
9.29225,80.16393,338.29,0.39,0.36,2023-09-21,803,N20,VIIRS,n,2,302.39,3.35,D,0,VIIRS_NOAA20_SP
9.36203,78.84462,345.53,0.38,0.36,2023-09-21,803,N20,VIIRS,n,2,297.14,4.27,D,0,VIIRS_NOAA20_SP
9.54688,80.37,338.12,0.4,0.37,2023-09-21,803,N20,VIIRS,n,2,301.12,3.32,D,0,VIIRS_NOAA20_SP
10.61471,79.02616,337.15,0.38,0.36,2023-09-21,803,N20,VIIRS,n,2,293.86,5.97,D,0,VIIRS_NOAA20_SP
10.74958,79.70025,331.09,0.39,0.36,2023-09-21,803,N20,VIIRS,n,2,296.83,2.8,D,0,VIIRS_NOAA20_SP
10.87844,79.31394,337.44,0.39,0.36,2023-09-21,803,N20,VIIRS,n,2,293.92,1.98,D,0,VIIRS_NOAA20_SP
11.02049,78.65723,336.59,0.38,0.36,2023-09-21,803,N20,VIIRS,n,2,296.18,3.38,D,0,VIIRS_NOAA20_SP
11.25191,79.40703,336.68,0.39,0.36,2023-09-21,803,N20,VIIRS,n,2,296.18,3.29,D,0,VIIRS_NOAA20_SP
18.58915,74.52533,334.17,0.42,0.38,2023-09-21,806,N20,VIIRS,l,2,300.17,7.44,D,0,VIIRS_NOAA20_SP
21.10322,72.63445,335.36,0.48,0.4,2023-09-21,806,N20,VIIRS,n,2,296.71,10.89,D,2,VIIRS_NOAA20_SP
21.1048,72.64352,333.12,0.48,0.4,2023-09-21,806,N20,VIIRS,n,2,296.44,5.77,D,2,VIIRS_NOAA20_SP
21.10559,72.64805,341.66,0.48,0.4,2023-09-21,806,N20,VIIRS,n,2,296.76,5.77,D,2,VIIRS_NOAA20_SP
27.28171,69.05479,330.98,0.39,0.44,2023-09-21,808,N20,VIIRS,l,2,302.75,5.57,D,0,VIIRS_NOAA20_SP
27.41512,68.69756,330.28,0.41,0.45,2023-09-21,808,N20,VIIRS,l,2,302.13,6.24,D,0,VIIRS_NOAA20_SP
27.49325,68.2878,345.18,0.43,0.46,2023-09-21,808,N20,VIIRS,n,2,300.16,7.15,D,0,VIIRS_NOAA20_SP
27.79485,69.51527,331.68,0.55,0.42,2023-09-21,808,N20,VIIRS,l,2,303.32,11.34,D,0,VIIRS_NOAA20_SP
27.80098,69.54785,330.48,0.54,0.42,2023-09-21,808,N20,VIIRS,l,2,303.13,8.79,D,0,VIIRS_NOAA20_SP
27.81168,69.56227,331.02,0.54,0.42,2023-09-21,808,N20,VIIRS,l,2,303.52,3.37,D,0,VIIRS_NOAA20_SP
27.9619,68.90557,334.76,0.39,0.44,2023-09-21,808,N20,VIIRS,n,2,302.56,3.96,D,0,VIIRS_NOAA20_SP
28.12311,69.25462,331.2,0.56,0.43,2023-09-21,808,N20,VIIRS,l,2,304.59,8.5,D,0,VIIRS_NOAA20_SP
29.54834,77.03803,339.72,0.44,0.38,2023-09-21,808,N20,VIIRS,n,2,298.66,5.83,D,0,VIIRS_NOAA20_SP
29.77607,72.63704,337.22,0.4,0.37,2023-09-21,809,N20,VIIRS,n,2,299.33,3.66,D,0,VIIRS_NOAA20_SP
29.93234,76.99678,337.04,0.44,0.38,2023-09-21,809,N20,VIIRS,n,2,299.33,4.49,D,0,VIIRS_NOAA20_SP
30.10286,71.4855,331.52,0.42,0.38,2023-09-21,809,N20,VIIRS,l,2,305.93,4.66,D,0,VIIRS_NOAA20_SP
30.38712,70.47974,330.91,0.45,0.39,2023-09-21,809,N20,VIIRS,l,2,302.12,2.3,D,0,VIIRS_NOAA20_SP
30.47792,77.09482,330.45,0.45,0.39,2023-09-21,809,N20,VIIRS,n,2,296.11,0.89,D,0,VIIRS_NOAA20_SP
30.49351,73.5796,331.07,0.38,0.36,2023-09-21,809,N20,VIIRS,n,2,301.15,1.92,D,0,VIIRS_NOAA20_SP
30.63904,73.57498,331.94,0.38,0.36,2023-09-21,809,N20,VIIRS,n,2,302.13,2.47,D,0,VIIRS_NOAA20_SP
30.75802,73.68626,333.09,0.38,0.36,2023-09-21,809,N20,VIIRS,n,2,300.0,1.14,D,0,VIIRS_NOAA20_SP
30.77903,73.29157,332.33,0.39,0.36,2023-09-21,809,N20,VIIRS,n,2,300.84,2.27,D,0,VIIRS_NOAA20_SP
30.82328,73.40174,331.62,0.38,0.36,2023-09-21,809,N20,VIIRS,n,2,301.52,2.06,D,0,VIIRS_NOAA20_SP
30.98739,74.7793,341.15,0.39,0.36,2023-09-21,809,N20,VIIRS,n,2,299.0,3.5,D,0,VIIRS_NOAA20_SP
31.35656,75.91492,345.84,0.42,0.37,2023-09-21,809,N20,VIIRS,n,2,302.5,6.19,D,0,VIIRS_NOAA20_SP
31.35661,75.91351,334.21,0.41,0.37,2023-09-21,809,N20,VIIRS,n,2,300.4,6.28,D,0,VIIRS_NOAA20_SP
31.35713,75.91926,333.6,0.42,0.37,2023-09-21,809,N20,VIIRS,n,2,300.68,6.19,D,0,VIIRS_NOAA20_SP
31.3572,75.91784,345.35,0.41,0.37,2023-09-21,809,N20,VIIRS,n,2,301.74,6.28,D,0,VIIRS_NOAA20_SP
31.57305,72.88329,345.88,0.39,0.36,2023-09-21,809,N20,VIIRS,n,2,298.87,4.36,D,0,VIIRS_NOAA20_SP
31.64457,72.90548,331.53,0.39,0.36,2023-09-21,809,N20,VIIRS,n,2,299.58,2.42,D,0,VIIRS_NOAA20_SP
32.26746,73.84703,335.92,0.39,0.36,2023-09-21,809,N20,VIIRS,n,2,302.03,3.64,D,0,VIIRS_NOAA20_SP
32.26805,73.85109,332.5,0.39,0.36,2023-09-21,809,N20,VIIRS,n,2,299.4,3.64,D,0,VIIRS_NOAA20_SP
32.27512,73.67002,337.16,0.38,0.36,2023-09-21,809,N20,VIIRS,n,2,301.52,4.61,D,0,VIIRS_NOAA20_SP
32.29149,71.23125,330.51,0.41,0.37,2023-09-21,809,N20,VIIRS,l,2,302.32,1.91,D,0,VIIRS_NOAA20_SP
32.32449,74.23856,336.62,0.39,0.36,2023-09-21,809,N20,VIIRS,n,2,300.59,2.23,D,0,VIIRS_NOAA20_SP
33.03925,71.6572,338.14,0.4,0.37,2023-09-21,810,N20,VIIRS,n,2,305.56,2.63,D,0,VIIRS_NOAA20_SP
33.30673,70.38303,335.52,0.42,0.38,2023-09-21,810,N20,VIIRS,n,2,301.82,3.94,D,0,VIIRS_NOAA20_SP
35.32805,73.26924,336.63,0.39,0.36,2023-09-21,810,N20,VIIRS,n,2,303.25,3.17,D,0,VIIRS_NOAA20_SP
24.51619,97.78831,300.6,0.5,0.41,2023-09-21,1853,N20,VIIRS,n,2,288.4,1.18,N,0,VIIRS_NOAA20_SP
24.52304,97.79424,308.56,0.5,0.41,2023-09-21,1853,N20,VIIRS,n,2,288.87,1.64,N,2,VIIRS_NOAA20_SP
24.54134,97.74147,301.58,0.5,0.41,2023-09-21,1853,N20,VIIRS,n,2,288.28,1.8,N,0,VIIRS_NOAA20_SP
22.47729,91.73364,311.72,0.37,0.58,2023-09-21,1854,N20,VIIRS,n,2,285.34,0.83,N,2,VIIRS_NOAA20_SP
29.37992,91.1488,300.15,0.54,0.68,2023-09-21,2032,N20,VIIRS,n,2,278.63,1.83,N,2,VIIRS_NOAA20_SP
32.10322,74.17371,307.69,0.5,0.41,2023-09-21,2032,N20,VIIRS,n,2,295.0,1.1,N,2,VIIRS_NOAA20_SP
32.29456,74.31154,306.21,0.49,0.41,2023-09-21,2032,N20,VIIRS,n,2,294.33,1.02,N,0,VIIRS_NOAA20_SP
32.71709,72.77267,307.99,0.4,0.44,2023-09-21,2032,N20,VIIRS,n,2,292.26,1.0,N,2,VIIRS_NOAA20_SP
32.89075,71.61551,308.76,0.46,0.47,2023-09-21,2032,N20,VIIRS,n,2,294.7,2.84,N,2,VIIRS_NOAA20_SP
33.30405,70.38936,301.96,0.55,0.51,2023-09-21,2032,N20,VIIRS,n,2,288.44,2.51,N,0,VIIRS_NOAA20_SP
33.80215,72.09564,308.87,0.44,0.46,2023-09-21,2032,N20,VIIRS,n,2,292.33,2.8,N,2,VIIRS_NOAA20_SP
35.44754,73.69743,309.99,0.38,0.43,2023-09-21,2032,N20,VIIRS,n,2,283.47,1.42,N,0,VIIRS_NOAA20_SP
28.74488,76.92762,312.74,0.39,0.36,2023-09-21,2033,N20,VIIRS,n,2,294.55,0.96,N,0,VIIRS_NOAA20_SP
28.821,77.16383,306.96,0.39,0.36,2023-09-21,2033,N20,VIIRS,n,2,293.29,0.54,N,0,VIIRS_NOAA20_SP
28.82939,77.15338,311.68,0.39,0.36,2023-09-21,2033,N20,VIIRS,n,2,292.85,0.55,N,0,VIIRS_NOAA20_SP
28.84417,77.14754,311.84,0.39,0.36,2023-09-21,2033,N20,VIIRS,n,2,292.9,0.6,N,0,VIIRS_NOAA20_SP
29.066,78.85948,304.96,0.39,0.36,2023-09-21,2033,N20,VIIRS,n,2,289.49,1.24,N,0,VIIRS_NOAA20_SP
29.12426,75.77779,308.09,0.41,0.37,2023-09-21,2033,N20,VIIRS,n,2,296.64,1.03,N,2,VIIRS_NOAA20_SP
30.85639,75.13101,317.72,0.44,0.39,2023-09-21,2033,N20,VIIRS,n,2,295.33,1.48,N,0,VIIRS_NOAA20_SP
24.64166,74.68327,304.66,0.41,0.37,2023-09-21,2034,N20,VIIRS,n,2,285.58,0.78,N,0,VIIRS_NOAA20_SP
24.66265,74.63337,308.07,0.41,0.37,2023-09-21,2034,N20,VIIRS,n,2,285.94,1.07,N,2,VIIRS_NOAA20_SP
24.66323,74.62934,299.18,0.41,0.37,2023-09-21,2034,N20,VIIRS,n,2,282.51,0.34,N,2,VIIRS_NOAA20_SP
24.7162,75.95428,305.31,0.39,0.36,2023-09-21,2034,N20,VIIRS,n,2,287.73,0.87,N,2,VIIRS_NOAA20_SP
24.7641,74.60825,314.37,0.41,0.37,2023-09-21,2034,N20,VIIRS,n,2,289.86,1.68,N,2,VIIRS_NOAA20_SP
24.93538,74.63261,301.92,0.41,0.37,2023-09-21,2034,N20,VIIRS,n,2,283.29,0.45,N,2,VIIRS_NOAA20_SP
25.79779,68.69564,308.36,0.57,0.52,2023-09-21,2034,N20,VIIRS,n,2,292.79,1.12,N,2,VIIRS_NOAA20_SP
26.27272,74.19013,307.51,0.44,0.38,2023-09-21,2034,N20,VIIRS,n,2,291.88,1.76,N,2,VIIRS_NOAA20_SP
26.87328,73.51541,307.08,0.47,0.4,2023-09-21,2034,N20,VIIRS,n,2,292.48,1.11,N,2,VIIRS_NOAA20_SP
27.07973,73.81631,306.22,0.46,0.39,2023-09-21,2034,N20,VIIRS,n,2,291.94,0.59,N,0,VIIRS_NOAA20_SP
21.68613,72.55911,329.98,0.46,0.39,2023-09-21,2035,N20,VIIRS,n,2,259.64,3.25,N,0,VIIRS_NOAA20_SP
21.6877,72.56108,327.35,0.46,0.39,2023-09-21,2035,N20,VIIRS,n,2,259.07,3.61,N,0,VIIRS_NOAA20_SP
23.3167,70.48695,303.6,0.41,0.45,2023-09-21,2035,N20,VIIRS,n,2,282.69,0.62,N,2,VIIRS_NOAA20_SP
8.84241,80.59341,309.62,0.59,0.53,2023-09-21,2039,N20,VIIRS,n,2,284.64,3.09,N,0,VIIRS_NOAA20_SP
6.37326,81.33363,336.3,0.46,0.39,2023-09-22,743,N20,VIIRS,n,2,294.92,3.91,D,0,VIIRS_NOAA20_SP
6.5947,80.93215,335.87,0.48,0.4,2023-09-22,743,N20,VIIRS,n,2,297.86,7.08,D,0,VIIRS_NOAA20_SP
6.68113,81.26611,331.64,0.46,0.39,2023-09-22,743,N20,VIIRS,l,2,297.8,3.94,D,0,VIIRS_NOAA20_SP
6.70798,81.24903,330.73,0.46,0.39,2023-09-22,743,N20,VIIRS,l,2,297.87,4.84,D,0,VIIRS_NOAA20_SP
6.71909,81.39113,334.85,0.46,0.39,2023-09-22,743,N20,VIIRS,n,2,298.08,4.41,D,0,VIIRS_NOAA20_SP
6.73021,81.36837,330.63,0.46,0.39,2023-09-22,743,N20,VIIRS,n,2,296.88,3.99,D,0,VIIRS_NOAA20_SP
6.7324,81.36868,335.87,0.46,0.39,2023-09-22,743,N20,VIIRS,n,2,297.82,7.15,D,0,VIIRS_NOAA20_SP
6.73379,81.36778,336.06,0.46,0.39,2023-09-22,743,N20,VIIRS,n,2,297.67,3.99,D,0,VIIRS_NOAA20_SP
6.78485,81.16525,337.43,0.47,0.4,2023-09-22,743,N20,VIIRS,n,2,298.62,6.3,D,0,VIIRS_NOAA20_SP
6.79038,81.31769,337.19,0.46,0.39,2023-09-22,743,N20,VIIRS,n,2,296.49,2.77,D,0,VIIRS_NOAA20_SP
6.81236,81.52676,332.88,0.45,0.39,2023-09-22,743,N20,VIIRS,l,2,297.59,5.3,D,0,VIIRS_NOAA20_SP
7.01001,81.63153,333.77,0.44,0.39,2023-09-22,743,N20,VIIRS,n,2,299.47,8.44,D,0,VIIRS_NOAA20_SP
7.01353,81.63097,336.76,0.44,0.39,2023-09-22,743,N20,VIIRS,n,2,299.49,8.44,D,0,VIIRS_NOAA20_SP
7.01441,81.65919,330.31,0.44,0.38,2023-09-22,743,N20,VIIRS,l,2,297.21,8.58,D,0,VIIRS_NOAA20_SP
7.02121,81.63384,330.64,0.44,0.39,2023-09-22,743,N20,VIIRS,l,2,297.75,6.56,D,0,VIIRS_NOAA20_SP
7.97139,81.34377,333.27,0.45,0.39,2023-09-22,744,N20,VIIRS,l,2,293.24,14.35,D,0,VIIRS_NOAA20_SP
8.06266,81.05068,344.45,0.46,0.39,2023-09-22,744,N20,VIIRS,n,2,302.44,16.04,D,0,VIIRS_NOAA20_SP
8.21139,80.75916,331.93,0.47,0.4,2023-09-22,744,N20,VIIRS,n,2,297.07,7.22,D,0,VIIRS_NOAA20_SP
8.53743,78.11265,330.1,0.44,0.46,2023-09-22,744,N20,VIIRS,n,2,295.77,1.29,D,0,VIIRS_NOAA20_SP
8.84051,80.59337,336.8,0.47,0.4,2023-09-22,744,N20,VIIRS,n,2,293.26,7.29,D,0,VIIRS_NOAA20_SP
8.84119,80.59762,335.94,0.47,0.4,2023-09-22,744,N20,VIIRS,n,2,292.84,7.29,D,0,VIIRS_NOAA20_SP
8.9274,77.79975,330.61,0.46,0.47,2023-09-22,744,N20,VIIRS,n,2,296.76,7.46,D,0,VIIRS_NOAA20_SP
9.10244,77.33851,331.11,0.49,0.49,2023-09-22,744,N20,VIIRS,n,2,293.76,2.53,D,0,VIIRS_NOAA20_SP
9.14601,80.231,342.42,0.49,0.4,2023-09-22,744,N20,VIIRS,n,2,297.39,9.04,D,0,VIIRS_NOAA20_SP
9.33894,78.68752,342.96,0.4,0.44,2023-09-22,744,N20,VIIRS,n,2,296.69,2.27,D,0,VIIRS_NOAA20_SP
9.40177,80.28656,337.1,0.48,0.4,2023-09-22,744,N20,VIIRS,n,2,298.5,9.09,D,0,VIIRS_NOAA20_SP
10.73602,77.56075,332.02,0.44,0.46,2023-09-22,744,N20,VIIRS,n,2,300.32,9.66,D,0,VIIRS_NOAA20_SP
10.81604,77.6461,330.67,0.44,0.46,2023-09-22,744,N20,VIIRS,n,2,299.02,3.84,D,0,VIIRS_NOAA20_SP
10.82479,78.77492,332.54,0.56,0.43,2023-09-22,744,N20,VIIRS,n,2,292.61,4.75,D,0,VIIRS_NOAA20_SP
10.90937,77.09776,332.17,0.47,0.48,2023-09-22,745,N20,VIIRS,n,2,296.67,4.15,D,0,VIIRS_NOAA20_SP
11.101,77.8637,343.67,0.42,0.45,2023-09-22,745,N20,VIIRS,n,2,295.82,7.75,D,0,VIIRS_NOAA20_SP
11.15522,77.64779,335.43,0.43,0.46,2023-09-22,745,N20,VIIRS,n,2,296.3,4.72,D,0,VIIRS_NOAA20_SP
11.40864,77.78212,330.31,0.42,0.45,2023-09-22,745,N20,VIIRS,n,2,294.36,2.44,D,0,VIIRS_NOAA20_SP
12.37777,76.74916,337.26,0.47,0.48,2023-09-22,745,N20,VIIRS,n,2,288.26,5.14,D,0,VIIRS_NOAA20_SP
21.6874,72.56149,350.96,0.6,0.53,2023-09-22,748,N20,VIIRS,n,2,278.3,17.39,D,0,VIIRS_NOAA20_SP
27.29396,70.12569,334.51,0.32,0.55,2023-09-22,749,N20,VIIRS,n,2,301.29,2.95,D,0,VIIRS_NOAA20_SP
27.95673,77.48585,331.52,0.4,0.37,2023-09-22,749,N20,VIIRS,n,2,298.71,1.53,D,0,VIIRS_NOAA20_SP
28.76767,77.09031,336.97,0.41,0.37,2023-09-22,749,N20,VIIRS,n,2,299.03,2.44,D,0,VIIRS_NOAA20_SP
29.22371,88.95624,339.93,0.35,0.57,2023-09-22,749,N20,VIIRS,n,2,304.94,4.4,D,0,VIIRS_NOAA20_SP
29.22399,88.95976,367.0,0.35,0.57,2023-09-22,749,N20,VIIRS,h,2,307.12,4.4,D,0,VIIRS_NOAA20_SP
28.04946,69.37129,336.22,0.35,0.56,2023-09-22,750,N20,VIIRS,n,2,298.68,1.82,D,0,VIIRS_NOAA20_SP
29.8712,76.9871,339.93,0.4,0.37,2023-09-22,750,N20,VIIRS,n,2,300.9,3.18,D,0,VIIRS_NOAA20_SP
29.99665,77.15971,331.6,0.4,0.37,2023-09-22,750,N20,VIIRS,n,2,301.36,3.33,D,0,VIIRS_NOAA20_SP
30.1387,73.56449,332.72,0.54,0.42,2023-09-22,750,N20,VIIRS,n,2,301.19,2.57,D,0,VIIRS_NOAA20_SP
30.23716,72.72212,330.74,0.4,0.44,2023-09-22,750,N20,VIIRS,l,2,301.41,1.96,D,0,VIIRS_NOAA20_SP
30.45427,73.7532,335.61,0.52,0.42,2023-09-22,750,N20,VIIRS,n,2,298.62,6.56,D,0,VIIRS_NOAA20_SP
30.45679,76.91346,330.5,0.4,0.37,2023-09-22,750,N20,VIIRS,n,2,300.47,2.95,D,0,VIIRS_NOAA20_SP
30.62066,73.90897,330.7,0.51,0.41,2023-09-22,750,N20,VIIRS,n,2,297.83,2.36,D,0,VIIRS_NOAA20_SP
30.65962,71.79209,334.51,0.44,0.46,2023-09-22,750,N20,VIIRS,n,2,301.08,3.36,D,0,VIIRS_NOAA20_SP
30.77757,74.28722,336.37,0.49,0.4,2023-09-22,750,N20,VIIRS,n,2,299.48,4.95,D,0,VIIRS_NOAA20_SP
30.78286,73.7302,332.3,0.52,0.42,2023-09-22,750,N20,VIIRS,n,2,297.66,2.67,D,0,VIIRS_NOAA20_SP
31.53121,72.33983,342.94,0.4,0.44,2023-09-22,750,N20,VIIRS,n,2,296.66,4.83,D,0,VIIRS_NOAA20_SP
31.53407,72.33844,338.46,0.4,0.44,2023-09-22,750,N20,VIIRS,n,2,296.99,5.03,D,0,VIIRS_NOAA20_SP
31.73205,73.83327,331.12,0.5,0.41,2023-09-22,750,N20,VIIRS,n,2,289.71,3.75,D,0,VIIRS_NOAA20_SP
32.3021,73.94519,327.18,0.48,0.4,2023-09-22,751,N20,VIIRS,n,2,294.03,3.79,D,0,VIIRS_NOAA20_SP
33.27514,70.39699,334.7,0.47,0.47,2023-09-22,751,N20,VIIRS,n,2,302.17,2.38,D,0,VIIRS_NOAA20_SP
24.41122,97.78875,299.28,0.32,0.55,2023-09-22,1834,N20,VIIRS,n,2,285.44,0.39,N,0,VIIRS_NOAA20_SP
24.51789,97.78781,302.51,0.32,0.55,2023-09-22,1834,N20,VIIRS,n,2,288.06,0.84,N,0,VIIRS_NOAA20_SP
24.52193,97.79498,304.35,0.32,0.55,2023-09-22,1834,N20,VIIRS,n,2,288.24,0.58,N,2,VIIRS_NOAA20_SP
24.52227,97.79488,305.36,0.32,0.55,2023-09-22,1834,N20,VIIRS,n,2,288.12,0.84,N,2,VIIRS_NOAA20_SP
24.54247,97.7388,301.04,0.32,0.55,2023-09-22,1834,N20,VIIRS,n,2,288.52,0.6,N,2,VIIRS_NOAA20_SP
35.99181,94.82915,305.78,0.32,0.55,2023-09-22,2012,N20,VIIRS,n,2,275.08,1.28,N,2,VIIRS_NOAA20_SP
32.88783,71.61401,306.81,0.44,0.62,2023-09-22,2013,N20,VIIRS,n,2,290.71,0.64,N,2,VIIRS_NOAA20_SP
32.8887,71.61285,306.77,0.44,0.62,2023-09-22,2013,N20,VIIRS,n,2,290.66,0.84,N,2,VIIRS_NOAA20_SP
33.80192,72.09461,303.77,0.42,0.61,2023-09-22,2013,N20,VIIRS,n,2,290.14,0.99,N,2,VIIRS_NOAA20_SP
33.80437,72.09666,302.01,0.42,0.61,2023-09-22,2013,N20,VIIRS,n,2,289.44,0.51,N,2,VIIRS_NOAA20_SP
35.44424,73.70053,353.17,0.35,0.57,2023-09-22,2013,N20,VIIRS,n,2,284.34,9.09,N,0,VIIRS_NOAA20_SP
35.44447,73.69728,335.22,0.35,0.57,2023-09-22,2013,N20,VIIRS,n,2,280.96,8.25,N,0,VIIRS_NOAA20_SP
28.81971,77.16589,306.11,0.56,0.43,2023-09-22,2014,N20,VIIRS,n,2,292.4,0.68,N,0,VIIRS_NOAA20_SP
29.12774,75.77254,314.03,0.45,0.47,2023-09-22,2014,N20,VIIRS,n,2,293.19,1.24,N,0,VIIRS_NOAA20_SP
29.22369,88.35103,297.35,0.39,0.44,2023-09-22,2014,N20,VIIRS,n,2,269.21,1.03,N,2,VIIRS_NOAA20_SP
29.37645,91.14984,298.78,0.57,0.52,2023-09-22,2014,N20,VIIRS,n,2,280.51,1.63,N,2,VIIRS_NOAA20_SP
29.9098,74.94546,340.0,0.52,0.5,2023-09-22,2014,N20,VIIRS,n,2,293.86,6.57,N,2,VIIRS_NOAA20_SP
30.59591,76.23,303.93,0.44,0.46,2023-09-22,2014,N20,VIIRS,n,2,291.02,0.63,N,0,VIIRS_NOAA20_SP
31.24966,76.92822,301.04,0.41,0.45,2023-09-22,2014,N20,VIIRS,n,2,289.3,0.28,N,2,VIIRS_NOAA20_SP
24.71426,75.95043,304.61,0.39,0.44,2023-09-22,2015,N20,VIIRS,n,2,288.53,0.76,N,2,VIIRS_NOAA20_SP
27.66462,78.27035,299.58,0.48,0.4,2023-09-22,2015,N20,VIIRS,n,2,286.32,0.58,N,0,VIIRS_NOAA20_SP
21.7622,84.02242,325.4,0.46,0.39,2023-09-22,2016,N20,VIIRS,n,2,282.15,3.16,N,2,VIIRS_NOAA20_SP
21.76298,84.01801,319.33,0.46,0.39,2023-09-22,2016,N20,VIIRS,n,2,280.78,2.54,N,2,VIIRS_NOAA20_SP
21.76577,84.02314,320.73,0.46,0.39,2023-09-22,2016,N20,VIIRS,n,2,277.99,3.16,N,2,VIIRS_NOAA20_SP
21.76655,84.01873,313.49,0.46,0.39,2023-09-22,2016,N20,VIIRS,n,2,278.7,2.54,N,2,VIIRS_NOAA20_SP
21.78033,83.83603,303.92,0.45,0.39,2023-09-22,2016,N20,VIIRS,n,2,288.37,1.38,N,2,VIIRS_NOAA20_SP
21.80665,83.89526,304.4,0.46,0.39,2023-09-22,2016,N20,VIIRS,n,2,288.71,0.6,N,0,VIIRS_NOAA20_SP
22.36359,87.29881,297.87,0.45,0.47,2023-09-22,2016,N20,VIIRS,n,2,269.08,0.57,N,2,VIIRS_NOAA20_SP
22.36784,87.29977,302.81,0.45,0.47,2023-09-22,2016,N20,VIIRS,n,2,269.84,0.57,N,2,VIIRS_NOAA20_SP
22.3763,87.2791,296.83,0.45,0.47,2023-09-22,2016,N20,VIIRS,n,2,268.66,0.96,N,2,VIIRS_NOAA20_SP
22.37892,87.28133,299.38,0.45,0.47,2023-09-22,2016,N20,VIIRS,n,2,267.48,0.66,N,2,VIIRS_NOAA20_SP
23.10788,70.18614,303.7,0.43,0.62,2023-09-22,2016,N20,VIIRS,n,2,284.88,0.46,N,2,VIIRS_NOAA20_SP
23.1226,70.08105,307.68,0.43,0.62,2023-09-22,2016,N20,VIIRS,n,2,287.12,0.83,N,0,VIIRS_NOAA20_SP
24.66327,74.63142,306.34,0.47,0.47,2023-09-22,2016,N20,VIIRS,n,2,285.79,1.43,N,2,VIIRS_NOAA20_SP
24.76462,74.60567,302.17,0.47,0.48,2023-09-22,2016,N20,VIIRS,n,2,276.89,1.01,N,2,VIIRS_NOAA20_SP
17.46359,80.65451,300.71,0.39,0.36,2023-09-22,2017,N20,VIIRS,n,2,273.66,0.41,N,0,VIIRS_NOAA20_SP
17.60009,83.18322,312.42,0.48,0.4,2023-09-22,2017,N20,VIIRS,n,2,281.03,1.4,N,0,VIIRS_NOAA20_SP
17.60423,83.20227,301.42,0.48,0.4,2023-09-22,2017,N20,VIIRS,n,2,281.0,0.81,N,2,VIIRS_NOAA20_SP
17.60785,83.20297,302.29,0.48,0.4,2023-09-22,2017,N20,VIIRS,n,2,281.4,0.81,N,2,VIIRS_NOAA20_SP
19.09027,82.16209,302.09,0.42,0.37,2023-09-22,2017,N20,VIIRS,n,2,265.62,0.36,N,0,VIIRS_NOAA20_SP
19.10325,82.16858,308.53,0.42,0.38,2023-09-22,2017,N20,VIIRS,n,2,268.5,1.35,N,0,VIIRS_NOAA20_SP
19.37292,71.35259,320.88,0.32,0.55,2023-09-22,2017,N20,VIIRS,n,2,271.61,2.96,N,3,VIIRS_NOAA20_SP
20.83741,70.69129,303.73,0.37,0.58,2023-09-22,2017,N20,VIIRS,n,2,285.92,0.56,N,2,VIIRS_NOAA20_SP
13.39138,80.10279,306.38,0.4,0.37,2023-09-22,2018,N20,VIIRS,n,2,291.95,0.78,N,0,VIIRS_NOAA20_SP
13.41992,80.08788,306.01,0.4,0.37,2023-09-22,2018,N20,VIIRS,n,2,290.46,2.24,N,2,VIIRS_NOAA20_SP
15.14842,76.71069,296.51,0.43,0.38,2023-09-22,2018,N20,VIIRS,n,2,273.47,1.17,N,2,VIIRS_NOAA20_SP
15.17867,77.10254,301.48,0.41,0.37,2023-09-22,2018,N20,VIIRS,n,2,276.14,0.71,N,2,VIIRS_NOAA20_SP
15.17896,76.67106,296.34,0.43,0.38,2023-09-22,2018,N20,VIIRS,n,2,271.23,1.15,N,2,VIIRS_NOAA20_SP
10.44396,77.52986,305.49,0.39,0.36,2023-09-22,2019,N20,VIIRS,n,2,290.46,0.57,N,0,VIIRS_NOAA20_SP
10.71292,78.09036,305.28,0.38,0.36,2023-09-22,2019,N20,VIIRS,n,2,290.91,0.42,N,0,VIIRS_NOAA20_SP
11.17674,79.08651,305.08,0.39,0.36,2023-09-22,2019,N20,VIIRS,n,2,291.04,0.43,N,2,VIIRS_NOAA20_SP
11.18167,79.09824,307.53,0.39,0.36,2023-09-22,2019,N20,VIIRS,n,2,290.97,1.17,N,2,VIIRS_NOAA20_SP
11.36153,79.23029,305.37,0.39,0.36,2023-09-22,2019,N20,VIIRS,n,2,291.39,0.84,N,0,VIIRS_NOAA20_SP
11.93952,79.54887,306.34,0.4,0.37,2023-09-22,2019,N20,VIIRS,n,2,291.06,0.54,N,0,VIIRS_NOAA20_SP
13.08456,79.9799,322.34,0.4,0.37,2023-09-22,2019,N20,VIIRS,n,2,291.47,3.38,N,0,VIIRS_NOAA20_SP
6.78296,81.49479,311.37,0.54,0.42,2023-09-22,2020,N20,VIIRS,n,2,291.05,0.8,N,0,VIIRS_NOAA20_SP
8.29325,80.37653,304.85,0.45,0.39,2023-09-22,2020,N20,VIIRS,n,2,290.62,0.81,N,0,VIIRS_NOAA20_SP
8.2968,80.37713,311.98,0.45,0.39,2023-09-22,2020,N20,VIIRS,n,2,290.82,0.81,N,0,VIIRS_NOAA20_SP
9.32375,77.80365,311.23,0.38,0.36,2023-09-22,2020,N20,VIIRS,n,2,288.42,1.22,N,0,VIIRS_NOAA20_SP
35.32966,73.27343,321.85,0.54,0.68,2023-09-22,2153,N20,VIIRS,n,2,284.5,3.4,N,0,VIIRS_NOAA20_SP
35.33023,73.27201,332.83,0.54,0.68,2023-09-22,2153,N20,VIIRS,n,2,284.35,5.38,N,0,VIIRS_NOAA20_SP
35.33033,73.27109,305.88,0.54,0.68,2023-09-22,2153,N20,VIIRS,n,2,282.9,3.4,N,0,VIIRS_NOAA20_SP
32.88842,71.61732,302.41,0.51,0.66,2023-09-22,2154,N20,VIIRS,n,2,288.9,1.06,N,2,VIIRS_NOAA20_SP
32.89221,71.61385,303.74,0.5,0.66,2023-09-22,2154,N20,VIIRS,n,2,288.97,2.84,N,0,VIIRS_NOAA20_SP
22.3203,69.87961,313.96,0.72,0.76,2023-09-22,2157,N20,VIIRS,n,2,284.87,4.59,N,0,VIIRS_NOAA20_SP
22.32075,69.88158,316.22,0.72,0.76,2023-09-22,2157,N20,VIIRS,n,2,284.75,4.19,N,0,VIIRS_NOAA20_SP
7.18381,80.80915,333.0,0.32,0.55,2023-09-23,725,N20,VIIRS,n,2,289.88,2.3,D,0,VIIRS_NOAA20_SP
7.2093,80.77654,332.79,0.32,0.55,2023-09-23,725,N20,VIIRS,n,2,293.37,1.73,D,0,VIIRS_NOAA20_SP
8.32783,80.19679,345.03,0.34,0.56,2023-09-23,725,N20,VIIRS,n,2,286.24,4.04,D,0,VIIRS_NOAA20_SP
8.35698,80.36214,340.82,0.33,0.55,2023-09-23,725,N20,VIIRS,n,2,285.9,2.96,D,0,VIIRS_NOAA20_SP
8.64512,77.5305,337.95,0.51,0.66,2023-09-23,725,N20,VIIRS,n,2,290.3,3.52,D,0,VIIRS_NOAA20_SP
8.66172,80.30842,328.96,0.33,0.55,2023-09-23,725,N20,VIIRS,n,2,290.3,5.71,D,0,VIIRS_NOAA20_SP
8.80637,80.05388,332.11,0.34,0.56,2023-09-23,725,N20,VIIRS,n,2,294.42,2.98,D,0,VIIRS_NOAA20_SP
9.13204,77.46591,330.44,0.51,0.66,2023-09-23,725,N20,VIIRS,n,2,291.42,1.49,D,0,VIIRS_NOAA20_SP
9.54859,80.36876,329.15,0.63,0.54,2023-09-23,725,N20,VIIRS,n,2,287.98,5.28,D,0,VIIRS_NOAA20_SP
10.59994,77.44434,336.02,0.48,0.65,2023-09-23,726,N20,VIIRS,n,2,292.07,6.73,D,0,VIIRS_NOAA20_SP
10.80077,77.64613,334.87,0.46,0.63,2023-09-23,726,N20,VIIRS,n,2,294.05,4.32,D,0,VIIRS_NOAA20_SP
12.12865,79.13115,346.57,0.34,0.56,2023-09-23,726,N20,VIIRS,n,2,293.9,4.97,D,0,VIIRS_NOAA20_SP
12.12923,79.13425,341.76,0.34,0.56,2023-09-23,726,N20,VIIRS,n,2,292.87,4.97,D,0,VIIRS_NOAA20_SP
17.8824,95.17077,330.64,0.32,0.55,2023-09-23,727,N20,VIIRS,n,2,291.04,2.82,D,0,VIIRS_NOAA20_SP
18.1956,95.06028,340.42,0.32,0.54,2023-09-23,727,N20,VIIRS,n,2,292.55,2.23,D,0,VIIRS_NOAA20_SP
20.96313,85.17319,335.34,0.39,0.36,2023-09-23,728,N20,VIIRS,n,2,286.17,5.42,D,2,VIIRS_NOAA20_SP
20.9637,85.1769,333.83,0.39,0.36,2023-09-23,728,N20,VIIRS,n,2,285.83,3.9,D,2,VIIRS_NOAA20_SP
20.97031,85.17572,332.71,0.39,0.36,2023-09-23,728,N20,VIIRS,n,2,286.69,2.5,D,2,VIIRS_NOAA20_SP
23.75812,86.40314,352.3,0.39,0.37,2023-09-23,729,N20,VIIRS,n,2,296.49,7.61,D,2,VIIRS_NOAA20_SP
23.76369,86.39433,332.2,0.39,0.36,2023-09-23,729,N20,VIIRS,n,2,296.75,6.04,D,2,VIIRS_NOAA20_SP
23.76623,86.39425,333.11,0.39,0.37,2023-09-23,729,N20,VIIRS,n,2,297.87,6.04,D,2,VIIRS_NOAA20_SP
23.76683,86.37444,337.25,0.39,0.36,2023-09-23,729,N20,VIIRS,n,2,297.53,2.54,D,2,VIIRS_NOAA20_SP
23.77569,86.38869,345.68,0.39,0.37,2023-09-23,729,N20,VIIRS,n,2,296.54,7.1,D,2,VIIRS_NOAA20_SP
23.77958,86.39197,338.42,0.39,0.37,2023-09-23,729,N20,VIIRS,n,2,296.61,3.94,D,2,VIIRS_NOAA20_SP
23.78013,86.39581,330.32,0.39,0.37,2023-09-23,729,N20,VIIRS,n,2,295.8,3.94,D,2,VIIRS_NOAA20_SP
28.99893,75.72265,331.16,0.53,0.5,2023-09-23,731,N20,VIIRS,n,2,299.15,5.22,D,0,VIIRS_NOAA20_SP
29.9007,71.68388,330.56,0.57,0.69,2023-09-23,912,N20,VIIRS,n,2,293.64,3.67,D,0,VIIRS_NOAA20_SP
23.98238,97.79142,299.29,0.63,0.72,2023-09-23,1815,N20,VIIRS,n,2,285.03,1.09,N,0,VIIRS_NOAA20_SP
30.94874,97.36362,305.15,0.32,0.54,2023-09-23,1954,N20,VIIRS,n,2,283.34,2.33,N,0,VIIRS_NOAA20_SP
29.45925,76.86428,303.07,0.38,0.59,2023-09-23,1955,N20,VIIRS,n,2,292.76,1.32,N,0,VIIRS_NOAA20_SP
24.45006,83.03859,300.15,0.45,0.39,2023-09-23,1956,N20,VIIRS,n,2,277.12,0.83,N,2,VIIRS_NOAA20_SP
24.52454,97.79697,306.95,0.47,0.64,2023-09-23,1956,N20,VIIRS,n,2,286.88,1.75,N,2,VIIRS_NOAA20_SP
24.53941,97.73503,298.36,0.46,0.64,2023-09-23,1956,N20,VIIRS,n,2,286.25,0.92,N,0,VIIRS_NOAA20_SP
24.54506,97.73679,298.96,0.46,0.64,2023-09-23,1956,N20,VIIRS,n,2,286.53,1.29,N,0,VIIRS_NOAA20_SP
20.78734,85.26492,307.7,0.38,0.36,2023-09-23,1957,N20,VIIRS,n,2,285.81,1.5,N,2,VIIRS_NOAA20_SP
20.78791,85.26125,308.59,0.38,0.36,2023-09-23,1957,N20,VIIRS,n,2,285.6,0.91,N,2,VIIRS_NOAA20_SP
20.79178,85.25819,305.91,0.38,0.36,2023-09-23,1957,N20,VIIRS,n,2,284.46,0.91,N,2,VIIRS_NOAA20_SP
20.79564,85.25512,308.37,0.38,0.36,2023-09-23,1957,N20,VIIRS,n,2,285.1,0.89,N,2,VIIRS_NOAA20_SP
20.86379,84.99619,305.74,0.38,0.36,2023-09-23,1957,N20,VIIRS,n,2,288.25,1.55,N,2,VIIRS_NOAA20_SP
20.86436,84.99253,322.13,0.38,0.36,2023-09-23,1957,N20,VIIRS,n,2,288.76,1.55,N,2,VIIRS_NOAA20_SP
20.86822,84.98946,308.85,0.38,0.36,2023-09-23,1957,N20,VIIRS,n,2,288.73,1.23,N,2,VIIRS_NOAA20_SP
20.87094,84.99369,322.38,0.38,0.36,2023-09-23,1957,N20,VIIRS,n,2,288.69,1.91,N,2,VIIRS_NOAA20_SP
20.88638,84.98137,314.13,0.38,0.36,2023-09-23,1957,N20,VIIRS,n,2,288.74,1.0,N,2,VIIRS_NOAA20_SP
20.88968,84.98195,315.84,0.38,0.36,2023-09-23,1957,N20,VIIRS,n,2,289.21,1.0,N,2,VIIRS_NOAA20_SP
20.94236,86.06298,323.74,0.39,0.36,2023-09-23,1957,N20,VIIRS,n,2,289.58,2.21,N,2,VIIRS_NOAA20_SP
20.94357,86.05556,315.76,0.39,0.36,2023-09-23,1957,N20,VIIRS,n,2,289.68,3.0,N,2,VIIRS_NOAA20_SP
20.94663,85.00704,307.51,0.38,0.36,2023-09-23,1957,N20,VIIRS,n,2,285.93,1.17,N,2,VIIRS_NOAA20_SP
20.95138,86.04935,303.73,0.39,0.36,2023-09-23,1957,N20,VIIRS,n,2,284.75,0.67,N,2,VIIRS_NOAA20_SP
20.95321,85.0082,305.44,0.38,0.36,2023-09-23,1957,N20,VIIRS,n,2,288.06,1.26,N,2,VIIRS_NOAA20_SP
20.95593,85.01244,305.91,0.38,0.36,2023-09-23,1957,N20,VIIRS,n,2,285.97,0.94,N,2,VIIRS_NOAA20_SP
20.9565,85.00878,308.94,0.38,0.36,2023-09-23,1957,N20,VIIRS,n,2,287.61,0.94,N,2,VIIRS_NOAA20_SP
20.96108,85.17876,307.06,0.38,0.36,2023-09-23,1957,N20,VIIRS,n,2,288.57,1.28,N,2,VIIRS_NOAA20_SP
20.96165,85.17509,310.68,0.38,0.36,2023-09-23,1957,N20,VIIRS,n,2,288.66,1.28,N,2,VIIRS_NOAA20_SP
20.96222,85.17143,327.68,0.38,0.36,2023-09-23,1957,N20,VIIRS,n,2,288.99,2.32,N,2,VIIRS_NOAA20_SP
20.9628,85.16777,319.0,0.38,0.36,2023-09-23,1957,N20,VIIRS,n,2,288.94,2.32,N,2,VIIRS_NOAA20_SP
20.96322,85.18666,314.68,0.38,0.36,2023-09-23,1957,N20,VIIRS,n,2,287.94,1.32,N,2,VIIRS_NOAA20_SP
20.96337,85.16412,306.22,0.38,0.36,2023-09-23,1957,N20,VIIRS,n,2,288.99,0.84,N,2,VIIRS_NOAA20_SP
20.96437,85.17934,312.6,0.38,0.36,2023-09-23,1957,N20,VIIRS,n,2,288.2,1.49,N,2,VIIRS_NOAA20_SP
20.96494,85.17567,324.97,0.38,0.36,2023-09-23,1957,N20,VIIRS,n,2,288.26,1.49,N,2,VIIRS_NOAA20_SP
20.96518,86.00615,308.45,0.39,0.36,2023-09-23,1957,N20,VIIRS,n,2,287.99,1.6,N,2,VIIRS_NOAA20_SP
20.96551,85.17202,317.52,0.38,0.36,2023-09-23,1957,N20,VIIRS,n,2,288.25,0.9,N,2,VIIRS_NOAA20_SP
20.96609,85.16836,310.98,0.38,0.36,2023-09-23,1957,N20,VIIRS,n,2,288.09,0.9,N,2,VIIRS_NOAA20_SP
20.96723,85.16104,306.56,0.38,0.36,2023-09-23,1957,N20,VIIRS,n,2,288.66,1.14,N,2,VIIRS_NOAA20_SP
20.96789,86.01045,308.01,0.39,0.36,2023-09-23,1957,N20,VIIRS,n,2,288.34,1.19,N,2,VIIRS_NOAA20_SP
20.96823,85.17626,306.08,0.38,0.36,2023-09-23,1957,N20,VIIRS,n,2,287.75,1.49,N,2,VIIRS_NOAA20_SP
20.96838,85.15372,307.1,0.38,0.36,2023-09-23,1957,N20,VIIRS,n,2,289.01,1.29,N,2,VIIRS_NOAA20_SP
20.9688,85.1726,312.44,0.38,0.36,2023-09-23,1957,N20,VIIRS,n,2,288.13,0.9,N,2,VIIRS_NOAA20_SP
20.96938,85.16894,307.87,0.38,0.36,2023-09-23,1957,N20,VIIRS,n,2,288.91,0.9,N,2,VIIRS_NOAA20_SP
20.96978,85.01477,308.57,0.38,0.36,2023-09-23,1957,N20,VIIRS,n,2,288.69,1.52,N,0,VIIRS_NOAA20_SP
20.97152,85.17685,320.16,0.38,0.36,2023-09-23,1957,N20,VIIRS,n,2,288.45,1.55,N,2,VIIRS_NOAA20_SP
20.97209,85.17319,305.71,0.38,0.36,2023-09-23,1957,N20,VIIRS,n,2,288.22,1.39,N,2,VIIRS_NOAA20_SP
20.97238,86.00367,304.16,0.39,0.36,2023-09-23,1957,N20,VIIRS,n,2,283.87,1.26,N,2,VIIRS_NOAA20_SP
20.97266,85.16953,318.86,0.38,0.36,2023-09-23,1957,N20,VIIRS,n,2,289.02,1.39,N,2,VIIRS_NOAA20_SP
20.97939,85.14815,306.83,0.38,0.36,2023-09-23,1957,N20,VIIRS,n,2,288.93,1.02,N,2,VIIRS_NOAA20_SP
20.97997,85.14449,308.35,0.38,0.36,2023-09-23,1957,N20,VIIRS,n,2,288.77,1.28,N,2,VIIRS_NOAA20_SP
20.99913,86.02761,305.8,0.39,0.36,2023-09-23,1957,N20,VIIRS,n,2,288.76,1.44,N,0,VIIRS_NOAA20_SP
21.0685,85.03555,304.53,0.38,0.36,2023-09-23,1957,N20,VIIRS,n,2,284.18,0.46,N,2,VIIRS_NOAA20_SP
21.07723,85.04462,315.57,0.38,0.36,2023-09-23,1957,N20,VIIRS,n,2,283.08,1.22,N,2,VIIRS_NOAA20_SP
21.0778,85.04095,302.13,0.38,0.36,2023-09-23,1957,N20,VIIRS,n,2,279.63,0.72,N,2,VIIRS_NOAA20_SP
21.07894,85.03363,313.19,0.38,0.36,2023-09-23,1957,N20,VIIRS,n,2,286.48,1.42,N,2,VIIRS_NOAA20_SP
22.24274,87.38695,316.01,0.41,0.37,2023-09-23,1957,N20,VIIRS,n,2,279.02,1.49,N,2,VIIRS_NOAA20_SP
22.35832,87.28757,306.57,0.4,0.37,2023-09-23,1957,N20,VIIRS,n,2,284.51,1.07,N,2,VIIRS_NOAA20_SP
22.36308,87.30051,305.9,0.4,0.37,2023-09-23,1957,N20,VIIRS,n,2,283.46,1.17,N,2,VIIRS_NOAA20_SP
22.36315,87.019,314.02,0.4,0.37,2023-09-23,1957,N20,VIIRS,n,2,285.8,0.92,N,2,VIIRS_NOAA20_SP
22.36645,87.30117,309.1,0.4,0.37,2023-09-23,1957,N20,VIIRS,n,2,283.98,1.17,N,2,VIIRS_NOAA20_SP
22.36649,87.01965,307.45,0.4,0.37,2023-09-23,1957,N20,VIIRS,n,2,286.18,0.92,N,2,VIIRS_NOAA20_SP
22.36712,87.01582,307.34,0.4,0.37,2023-09-23,1957,N20,VIIRS,n,2,286.14,1.15,N,2,VIIRS_NOAA20_SP
22.36981,87.30182,311.3,0.4,0.37,2023-09-23,1957,N20,VIIRS,n,2,283.81,1.48,N,2,VIIRS_NOAA20_SP
22.37709,87.27917,316.48,0.4,0.37,2023-09-23,1957,N20,VIIRS,n,2,285.85,1.62,N,2,VIIRS_NOAA20_SP
22.47645,91.73597,315.92,0.43,0.46,2023-09-23,1957,N20,VIIRS,n,2,289.67,2.22,N,2,VIIRS_NOAA20_SP
23.16819,82.33839,297.5,0.46,0.39,2023-09-23,1957,N20,VIIRS,n,2,278.56,0.69,N,2,VIIRS_NOAA20_SP
23.9891,79.39156,311.4,0.46,0.47,2023-09-23,1957,N20,VIIRS,n,2,291.4,1.69,N,2,VIIRS_NOAA20_SP
23.99182,79.39091,310.07,0.46,0.47,2023-09-23,1957,N20,VIIRS,n,2,291.2,1.56,N,2,VIIRS_NOAA20_SP
24.16654,82.68218,298.87,0.46,0.39,2023-09-23,1957,N20,VIIRS,n,2,272.58,0.83,N,2,VIIRS_NOAA20_SP
24.20653,82.71122,316.13,0.46,0.39,2023-09-23,1957,N20,VIIRS,n,2,284.79,1.95,N,2,VIIRS_NOAA20_SP
24.64353,74.68131,301.88,0.46,0.64,2023-09-23,1957,N20,VIIRS,n,2,284.64,1.4,N,0,VIIRS_NOAA20_SP
24.66541,74.63223,298.12,0.47,0.64,2023-09-23,1957,N20,VIIRS,n,2,282.26,0.86,N,2,VIIRS_NOAA20_SP
24.76531,74.60441,302.99,0.47,0.64,2023-09-23,1957,N20,VIIRS,n,2,281.92,1.3,N,2,VIIRS_NOAA20_SP
24.76694,74.60632,300.95,0.47,0.64,2023-09-23,1957,N20,VIIRS,n,2,282.51,0.81,N,2,VIIRS_NOAA20_SP
17.60222,83.19949,324.42,0.39,0.37,2023-09-23,1958,N20,VIIRS,n,2,290.47,2.22,N,2,VIIRS_NOAA20_SP
17.60555,83.20003,314.2,0.39,0.37,2023-09-23,1958,N20,VIIRS,n,2,290.77,1.15,N,2,VIIRS_NOAA20_SP
17.60833,83.20427,307.39,0.39,0.37,2023-09-23,1958,N20,VIIRS,n,2,291.46,2.12,N,2,VIIRS_NOAA20_SP
17.60889,83.20058,307.68,0.39,0.37,2023-09-23,1958,N20,VIIRS,n,2,290.47,1.15,N,2,VIIRS_NOAA20_SP
17.61167,83.20482,306.97,0.39,0.37,2023-09-23,1958,N20,VIIRS,n,2,291.09,1.36,N,2,VIIRS_NOAA20_SP
11.17621,79.08752,304.33,0.5,0.41,2023-09-23,2000,N20,VIIRS,n,2,283.1,0.8,N,0,VIIRS_NOAA20_SP
6.65833,80.86613,305.35,0.39,0.36,2023-09-23,2001,N20,VIIRS,n,2,291.6,0.75,N,0,VIIRS_NOAA20_SP
36.99871,80.19114,298.93,0.63,0.72,2023-09-23,2133,N20,VIIRS,n,2,280.84,1.38,N,2,VIIRS_NOAA20_SP
36.99911,80.18964,297.94,0.63,0.72,2023-09-23,2133,N20,VIIRS,n,2,280.1,1.25,N,0,VIIRS_NOAA20_SP
32.29933,74.31368,305.36,0.4,0.6,2023-09-23,2135,N20,VIIRS,n,2,289.34,0.75,N,0,VIIRS_NOAA20_SP
32.89122,71.61484,309.37,0.54,0.51,2023-09-23,2135,N20,VIIRS,n,2,290.03,2.1,N,2,VIIRS_NOAA20_SP
33.80048,72.09645,302.9,0.55,0.51,2023-09-23,2135,N20,VIIRS,n,2,290.76,0.92,N,2,VIIRS_NOAA20_SP
27.98529,73.56072,321.84,0.46,0.63,2023-09-23,2136,N20,VIIRS,n,2,291.96,2.68,N,0,VIIRS_NOAA20_SP
26.09643,68.88094,306.53,0.52,0.5,2023-09-23,2137,N20,VIIRS,n,2,296.36,0.9,N,2,VIIRS_NOAA20_SP
20.91127,71.4592,297.91,0.49,0.65,2023-09-23,2138,N20,VIIRS,n,2,276.99,1.03,N,2,VIIRS_NOAA20_SP
23.0155,70.10142,303.98,0.36,0.57,2023-09-23,2138,N20,VIIRS,n,2,289.07,0.67,N,2,VIIRS_NOAA20_SP
23.42998,68.7138,299.91,0.58,0.52,2023-09-23,2138,N20,VIIRS,n,2,284.85,1.18,N,2,VIIRS_NOAA20_SP
6.69177,81.18109,333.09,0.66,0.73,2023-09-24,706,N20,VIIRS,n,2,286.14,10.72,D,0,VIIRS_NOAA20_SP
6.6928,81.18668,347.01,0.66,0.73,2023-09-24,706,N20,VIIRS,n,2,285.81,12.04,D,0,VIIRS_NOAA20_SP
6.69511,81.18185,344.47,0.66,0.73,2023-09-24,706,N20,VIIRS,n,2,286.36,7.65,D,0,VIIRS_NOAA20_SP
6.69613,81.18756,330.67,0.66,0.73,2023-09-24,706,N20,VIIRS,n,2,285.71,7.65,D,0,VIIRS_NOAA20_SP
7.98764,81.05954,328.62,0.64,0.72,2023-09-24,706,N20,VIIRS,n,2,287.47,7.22,D,0,VIIRS_NOAA20_SP
8.00562,80.97367,331.59,0.65,0.73,2023-09-24,706,N20,VIIRS,n,2,288.2,4.18,D,0,VIIRS_NOAA20_SP
8.03011,81.00416,331.9,0.64,0.72,2023-09-24,706,N20,VIIRS,n,2,288.52,7.49,D,0,VIIRS_NOAA20_SP
8.03171,81.00424,331.99,0.64,0.72,2023-09-24,706,N20,VIIRS,n,2,288.35,8.17,D,0,VIIRS_NOAA20_SP
8.30738,80.7586,339.17,0.66,0.73,2023-09-24,706,N20,VIIRS,n,2,282.61,6.58,D,0,VIIRS_NOAA20_SP
17.88503,95.16875,332.8,0.49,0.4,2023-09-24,708,N20,VIIRS,n,2,297.84,2.95,D,0,VIIRS_NOAA20_SP
18.0731,95.82179,334.22,0.53,0.42,2023-09-24,708,N20,VIIRS,n,2,296.05,5.27,D,0,VIIRS_NOAA20_SP
18.73488,95.66189,332.6,0.53,0.42,2023-09-24,708,N20,VIIRS,n,2,295.73,3.8,D,0,VIIRS_NOAA20_SP
19.34022,95.33673,336.06,0.52,0.42,2023-09-24,708,N20,VIIRS,n,2,297.47,4.25,D,0,VIIRS_NOAA20_SP
20.41231,94.74197,330.45,0.5,0.41,2023-09-24,709,N20,VIIRS,l,2,304.93,10.2,D,0,VIIRS_NOAA20_SP
23.686,86.39151,326.18,0.47,0.4,2023-09-24,710,N20,VIIRS,n,2,294.3,5.23,D,2,VIIRS_NOAA20_SP
23.71856,86.44258,328.89,0.47,0.39,2023-09-24,710,N20,VIIRS,n,2,292.77,4.11,D,2,VIIRS_NOAA20_SP
23.75522,86.39765,327.37,0.47,0.39,2023-09-24,710,N20,VIIRS,n,2,292.8,4.4,D,2,VIIRS_NOAA20_SP
23.76599,86.39546,330.83,0.47,0.39,2023-09-24,710,N20,VIIRS,n,2,293.01,7.78,D,2,VIIRS_NOAA20_SP
23.77822,86.20858,327.74,0.48,0.4,2023-09-24,710,N20,VIIRS,n,2,290.81,7.49,D,2,VIIRS_NOAA20_SP
24.40587,94.48126,331.8,0.54,0.42,2023-09-24,710,N20,VIIRS,n,2,288.0,2.49,D,0,VIIRS_NOAA20_SP
24.42056,96.20612,330.16,0.45,0.47,2023-09-24,710,N20,VIIRS,n,2,289.95,1.75,D,0,VIIRS_NOAA20_SP
7.93648,80.23165,328.73,0.57,0.69,2023-09-24,846,N20,VIIRS,n,2,287.85,6.98,D,0,VIIRS_NOAA20_SP
7.99107,81.05972,327.99,0.65,0.73,2023-09-24,846,N20,VIIRS,n,2,286.21,12.65,D,0,VIIRS_NOAA20_SP
7.99468,81.06448,329.67,0.66,0.73,2023-09-24,846,N20,VIIRS,n,2,287.1,10.68,D,0,VIIRS_NOAA20_SP
8.08303,80.1947,334.57,0.57,0.69,2023-09-24,846,N20,VIIRS,n,2,288.11,7.02,D,0,VIIRS_NOAA20_SP
8.08471,80.19266,342.71,0.57,0.69,2023-09-24,846,N20,VIIRS,n,2,288.38,7.48,D,0,VIIRS_NOAA20_SP
8.61861,77.85336,330.18,0.4,0.6,2023-09-24,847,N20,VIIRS,n,2,293.91,2.98,D,0,VIIRS_NOAA20_SP
8.61901,77.85305,331.41,0.4,0.6,2023-09-24,847,N20,VIIRS,n,2,293.73,2.0,D,0,VIIRS_NOAA20_SP
8.76958,79.96951,333.41,0.57,0.69,2023-09-24,847,N20,VIIRS,n,2,290.18,4.07,D,0,VIIRS_NOAA20_SP
8.92087,78.10751,353.72,0.42,0.61,2023-09-24,847,N20,VIIRS,n,2,292.91,3.98,D,0,VIIRS_NOAA20_SP
9.06029,78.32123,330.7,0.44,0.62,2023-09-24,847,N20,VIIRS,n,2,292.02,5.12,D,0,VIIRS_NOAA20_SP
9.99047,78.10104,340.68,0.44,0.62,2023-09-24,847,N20,VIIRS,n,2,292.0,4.04,D,0,VIIRS_NOAA20_SP
11.73918,79.1736,331.49,0.55,0.68,2023-09-24,848,N20,VIIRS,n,2,289.09,2.95,D,0,VIIRS_NOAA20_SP
14.02382,79.97453,335.98,0.66,0.73,2023-09-24,848,N20,VIIRS,n,2,287.77,6.27,D,0,VIIRS_NOAA20_SP
14.44456,79.58563,330.09,0.63,0.72,2023-09-24,848,N20,VIIRS,n,2,286.37,6.21,D,0,VIIRS_NOAA20_SP
21.1046,72.63831,341.34,0.53,0.5,2023-09-24,850,N20,VIIRS,n,2,289.92,14.41,D,2,VIIRS_NOAA20_SP
21.10573,72.64853,342.89,0.53,0.5,2023-09-24,850,N20,VIIRS,n,2,288.3,7.99,D,2,VIIRS_NOAA20_SP
22.92297,70.10744,332.64,0.39,0.44,2023-09-24,851,N20,VIIRS,n,2,295.41,2.94,D,0,VIIRS_NOAA20_SP
25.44588,73.23843,330.38,0.33,0.55,2023-09-24,851,N20,VIIRS,n,2,294.81,2.67,D,0,VIIRS_NOAA20_SP
29.47962,71.57193,344.35,0.57,0.52,2023-09-24,853,N20,VIIRS,n,2,299.28,7.92,D,0,VIIRS_NOAA20_SP
29.47976,71.5733,347.21,0.57,0.52,2023-09-24,853,N20,VIIRS,n,2,299.22,9.47,D,0,VIIRS_NOAA20_SP
29.08353,88.0122,303.9,0.49,0.4,2023-09-24,1936,N20,VIIRS,n,2,279.11,1.04,N,0,VIIRS_NOAA20_SP
29.08423,88.01087,309.77,0.49,0.4,2023-09-24,1936,N20,VIIRS,n,2,279.58,1.94,N,0,VIIRS_NOAA20_SP
29.37469,91.15144,305.48,0.39,0.36,2023-09-24,1936,N20,VIIRS,n,2,280.97,1.05,N,2,VIIRS_NOAA20_SP
31.02673,77.45541,296.2,0.7,0.75,2023-09-24,1936,N20,VIIRS,n,2,281.04,0.4,N,0,VIIRS_NOAA20_SP
23.09464,97.38319,304.56,0.48,0.48,2023-09-24,1937,N20,VIIRS,n,2,287.89,1.23,N,2,VIIRS_NOAA20_SP
24.52249,97.79721,310.39,0.48,0.48,2023-09-24,1937,N20,VIIRS,n,2,289.55,1.24,N,2,VIIRS_NOAA20_SP
24.5432,97.74075,301.57,0.47,0.48,2023-09-24,1937,N20,VIIRS,n,2,289.2,1.04,N,0,VIIRS_NOAA20_SP
24.95963,97.82848,302.51,0.47,0.48,2023-09-24,1937,N20,VIIRS,n,2,286.55,0.76,N,0,VIIRS_NOAA20_SP
20.8658,84.99634,295.74,0.56,0.43,2023-09-24,1938,N20,VIIRS,n,2,259.97,0.43,N,2,VIIRS_NOAA20_SP
20.88753,84.98312,295.8,0.56,0.43,2023-09-24,1938,N20,VIIRS,n,2,264.82,0.29,N,2,VIIRS_NOAA20_SP
20.96309,85.17323,306.94,0.55,0.43,2023-09-24,1938,N20,VIIRS,n,2,263.6,1.51,N,2,VIIRS_NOAA20_SP
20.96376,85.16796,298.02,0.55,0.43,2023-09-24,1938,N20,VIIRS,n,2,262.35,0.66,N,2,VIIRS_NOAA20_SP
20.96632,85.17907,300.04,0.55,0.43,2023-09-24,1938,N20,VIIRS,n,2,264.36,1.51,N,2,VIIRS_NOAA20_SP
20.9709,85.17435,301.83,0.55,0.43,2023-09-24,1938,N20,VIIRS,n,2,263.49,0.83,N,2,VIIRS_NOAA20_SP
21.30456,81.60557,297.51,0.61,0.54,2023-09-24,1938,N20,VIIRS,n,2,281.08,0.68,N,2,VIIRS_NOAA20_SP
21.31142,81.58824,301.98,0.62,0.54,2023-09-24,1938,N20,VIIRS,n,2,284.45,0.57,N,2,VIIRS_NOAA20_SP
21.36848,81.6787,301.65,0.61,0.53,2023-09-24,1938,N20,VIIRS,n,2,280.38,1.37,N,2,VIIRS_NOAA20_SP
21.37831,81.67986,304.31,0.61,0.53,2023-09-24,1938,N20,VIIRS,n,2,277.35,1.45,N,2,VIIRS_NOAA20_SP
21.59462,96.22742,307.97,0.43,0.46,2023-09-24,1938,N20,VIIRS,n,2,287.11,1.33,N,2,VIIRS_NOAA20_SP
22.00551,82.67076,303.5,0.54,0.5,2023-09-24,1938,N20,VIIRS,n,2,282.36,3.0,N,2,VIIRS_NOAA20_SP
22.05372,88.1242,319.85,0.41,0.37,2023-09-24,1938,N20,VIIRS,n,2,267.25,3.33,N,2,VIIRS_NOAA20_SP
22.05714,88.12476,306.57,0.41,0.37,2023-09-24,1938,N20,VIIRS,n,2,267.23,2.3,N,2,VIIRS_NOAA20_SP
22.06455,88.1219,298.97,0.42,0.37,2023-09-24,1938,N20,VIIRS,n,2,264.72,1.46,N,2,VIIRS_NOAA20_SP
22.35488,96.70343,299.85,0.45,0.47,2023-09-24,1938,N20,VIIRS,n,2,286.22,1.04,N,2,VIIRS_NOAA20_SP
22.79851,86.09109,311.36,0.51,0.41,2023-09-24,1938,N20,VIIRS,n,2,278.55,2.61,N,2,VIIRS_NOAA20_SP
23.67315,86.39403,302.88,0.51,0.41,2023-09-24,1938,N20,VIIRS,n,2,282.87,1.37,N,0,VIIRS_NOAA20_SP
23.67597,86.39724,311.82,0.51,0.41,2023-09-24,1938,N20,VIIRS,n,2,282.4,2.94,N,2,VIIRS_NOAA20_SP
23.6769,86.39465,309.64,0.51,0.41,2023-09-24,1938,N20,VIIRS,n,2,285.2,1.37,N,2,VIIRS_NOAA20_SP
23.68414,86.3935,322.81,0.51,0.41,2023-09-24,1938,N20,VIIRS,n,2,286.58,5.5,N,2,VIIRS_NOAA20_SP
23.68442,86.39587,308.94,0.51,0.41,2023-09-24,1938,N20,VIIRS,n,2,285.92,3.42,N,2,VIIRS_NOAA20_SP
23.68505,86.39086,315.76,0.51,0.41,2023-09-24,1938,N20,VIIRS,n,2,285.87,4.59,N,2,VIIRS_NOAA20_SP
23.68782,87.12192,307.06,0.47,0.4,2023-09-24,1938,N20,VIIRS,n,2,286.79,1.95,N,2,VIIRS_NOAA20_SP
23.6905,87.09678,303.4,0.47,0.4,2023-09-24,1938,N20,VIIRS,n,2,282.68,1.31,N,2,VIIRS_NOAA20_SP
23.69081,87.09906,306.68,0.47,0.4,2023-09-24,1938,N20,VIIRS,n,2,284.61,1.16,N,2,VIIRS_NOAA20_SP
23.69226,87.11106,305.89,0.47,0.4,2023-09-24,1938,N20,VIIRS,n,2,287.7,2.43,N,2,VIIRS_NOAA20_SP
23.75962,85.85321,300.67,0.54,0.42,2023-09-24,1938,N20,VIIRS,n,2,276.22,1.21,N,2,VIIRS_NOAA20_SP
23.76027,86.4027,303.78,0.51,0.41,2023-09-24,1938,N20,VIIRS,n,2,284.44,2.71,N,2,VIIRS_NOAA20_SP
23.9917,79.39075,301.27,0.46,0.63,2023-09-24,1938,N20,VIIRS,n,2,281.91,0.93,N,2,VIIRS_NOAA20_SP
24.17212,82.56205,309.66,0.58,0.52,2023-09-24,1938,N20,VIIRS,n,2,290.18,2.0,N,2,VIIRS_NOAA20_SP
24.20576,82.70934,307.3,0.57,0.52,2023-09-24,1938,N20,VIIRS,n,2,275.22,1.75,N,2,VIIRS_NOAA20_SP
24.21007,82.70932,299.99,0.57,0.52,2023-09-24,1938,N20,VIIRS,n,2,274.88,2.1,N,2,VIIRS_NOAA20_SP
15.9888,97.68544,302.88,0.34,0.56,2023-09-24,1939,N20,VIIRS,n,2,284.27,0.55,N,2,VIIRS_NOAA20_SP
17.53244,82.99931,308.46,0.45,0.47,2023-09-24,1939,N20,VIIRS,n,2,287.34,2.41,N,2,VIIRS_NOAA20_SP
17.53397,82.99803,309.68,0.45,0.47,2023-09-24,1939,N20,VIIRS,n,2,286.82,2.06,N,2,VIIRS_NOAA20_SP
20.79659,85.25207,301.36,0.54,0.42,2023-09-24,1939,N20,VIIRS,n,2,263.73,1.35,N,2,VIIRS_NOAA20_SP
7.3579,80.84998,309.57,0.45,0.47,2023-09-24,1942,N20,VIIRS,n,2,278.16,1.53,N,0,VIIRS_NOAA20_SP
35.96812,68.68591,299.02,0.38,0.36,2023-09-24,2115,N20,VIIRS,n,2,286.62,0.64,N,0,VIIRS_NOAA20_SP
31.02557,77.4631,316.16,0.35,0.57,2023-09-24,2116,N20,VIIRS,n,2,281.83,1.04,N,0,VIIRS_NOAA20_SP
31.25854,76.92583,300.44,0.32,0.55,2023-09-24,2116,N20,VIIRS,n,2,289.32,0.56,N,2,VIIRS_NOAA20_SP
32.10144,74.17313,304.86,0.43,0.46,2023-09-24,2116,N20,VIIRS,n,2,291.56,0.84,N,2,VIIRS_NOAA20_SP
32.29728,74.31148,302.37,0.43,0.46,2023-09-24,2116,N20,VIIRS,n,2,290.83,0.86,N,0,VIIRS_NOAA20_SP
27.66894,76.12992,307.7,0.34,0.56,2023-09-24,2117,N20,VIIRS,n,2,290.95,0.97,N,2,VIIRS_NOAA20_SP
29.47869,76.85862,304.02,0.35,0.56,2023-09-24,2117,N20,VIIRS,n,2,291.96,0.62,N,0,VIIRS_NOAA20_SP
29.91126,74.95118,303.8,0.52,0.5,2023-09-24,2117,N20,VIIRS,n,2,291.83,0.95,N,2,VIIRS_NOAA20_SP
26.09362,68.88013,314.53,0.44,0.38,2023-09-24,2118,N20,VIIRS,n,2,298.18,1.24,N,2,VIIRS_NOAA20_SP
26.87698,73.51437,305.75,0.5,0.49,2023-09-24,2118,N20,VIIRS,n,2,293.79,3.5,N,2,VIIRS_NOAA20_SP
27.82647,73.21983,305.55,0.46,0.47,2023-09-24,2118,N20,VIIRS,n,2,293.57,0.94,N,0,VIIRS_NOAA20_SP
22.93204,69.69839,308.07,0.53,0.42,2023-09-24,2119,N20,VIIRS,n,2,292.39,1.92,N,2,VIIRS_NOAA20_SP
23.43031,68.71483,306.34,0.47,0.39,2023-09-24,2119,N20,VIIRS,n,2,294.63,0.6,N,2,VIIRS_NOAA20_SP
19.21055,72.035,308.04,0.57,0.52,2023-09-24,2120,N20,VIIRS,n,2,286.52,5.51,N,3,VIIRS_NOAA20_SP
19.37112,71.35412,315.24,0.51,0.49,2023-09-24,2120,N20,VIIRS,n,2,288.3,6.94,N,3,VIIRS_NOAA20_SP
